manufacturer,product_line,model_code,name,loading_type,laterality,body_region,starting_resistance_lb,starting_resistance_kg,starting_resistance_basis,stack_lb,stack_note,confidence,notes,source,catalog_snapshot
gym80,SYGNUM,3001,Leg Extension,selectorized,bilateral,legs,,,,,,manufacturer_page,,https://gym80.de/en/all-products/,2026-09-30
gym80,SYGNUM,3002,Lying Leg Curl,selectorized,bilateral,legs,,,,,,manufacturer_page,,https://gym80.de/en/all-products/,2026-09-30
gym80,SYGNUM,3003,Seated Leg Curl,selectorized,bilateral,legs,,,,,,manufacturer_page,,https://gym80.de/en/all-products/,2026-09-30
gym80,SYGNUM,3004,Kneeling Glutes Kick,selectorized,bilateral,glutes,,,,,,manufacturer_page,,https://gym80.de/en/all-products/,2026-09-30
gym80,SYGNUM,3005,Gluteus Kick Radial,selectorized,bilateral,glutes,,,,,,manufacturer_page,,https://gym80.de/en/all-products/,2026-09-30
gym80,SYGNUM,3006,Total Hip Machine,selectorized,bilateral,glutes,,,,,,manufacturer_page,stack 188 lb (reseller spec),https://gym80.de/en/all-products/,2026-09-30
gym80,SYGNUM,3007,Lower Back Machine,selectorized,bilateral,back,,,,,,manufacturer_page,,https://gym80.de/en/all-products/,2026-09-30
gym80,SYGNUM,3008,Abdominal Crunch,selectorized,bilateral,core,,,,,,manufacturer_page,,https://gym80.de/en/all-products/,2026-09-30
gym80,SYGNUM,3010,Biceps Machine,selectorized,bilateral,arms,,,,,,manufacturer_page,,https://gym80.de/en/all-products/,2026-09-30
gym80,SYGNUM,3011,Triceps Extension,selectorized,bilateral,arms,,,,,,manufacturer_page,,https://gym80.de/en/all-products/,2026-09-30
gym80,SYGNUM,3012N,Pull Over Machine,selectorized,bilateral,back,,,,,,manufacturer_page,,https://gym80.de/en/all-products/,2026-09-30
gym80,SYGNUM,3013,Standing Leg Curl,selectorized,bilateral,legs,,,,,,manufacturer_page,,https://gym80.de/en/all-products/,2026-09-30
gym80,SYGNUM,3014,Chest Crossover Machine,selectorized,independent,chest,,,,,,manufacturer_page,two independent arms,https://gym80.de/en/all-products/,2026-09-30
gym80,SYGNUM,3016,Seated Chest Press,selectorized,bilateral,chest,,,,,,manufacturer_page,,https://gym80.de/en/all-products/,2026-09-30
gym80,SYGNUM,3017,Kneeling / Chinning-Dipping Machine,selectorized,bilateral,full_body,,,,,,manufacturer_page,assisted chin/dip,https://gym80.de/en/all-products/,2026-09-30
gym80,SYGNUM,3018,Standing Calf Raise Machine,selectorized,bilateral,legs,,,,,,manufacturer_page,,https://gym80.de/en/all-products/,2026-09-30
gym80,SYGNUM,3020,Lat Pulldown Machine,selectorized,bilateral,back,,,,,,manufacturer_page,,https://gym80.de/en/all-products/,2026-09-30
gym80,SYGNUM,3021,Butterfly with Pads,selectorized,bilateral,chest,,,,,,manufacturer_page,,https://gym80.de/en/all-products/,2026-09-30
gym80,SYGNUM,3022,Butterfly,selectorized,bilateral,chest,,,,,,manufacturer_page,,https://gym80.de/en/all-products/,2026-09-30
gym80,SYGNUM,3023N,Incline Chest Press,selectorized,bilateral,chest,,,,,,manufacturer_page,,https://gym80.de/en/all-products/,2026-09-30
gym80,SYGNUM,3025,Butterfly Reverse,selectorized,bilateral,shoulders,,,,,,manufacturer_page,,https://gym80.de/en/all-products/,2026-09-30
gym80,SYGNUM,3027,Seated Calf Press,selectorized,bilateral,legs,,,,,,manufacturer_page,,https://gym80.de/en/all-products/,2026-09-30
gym80,SYGNUM,3028,Abduction Machine,selectorized,bilateral,glutes,,,,,,manufacturer_page,,https://gym80.de/en/all-products/,2026-09-30
gym80,SYGNUM,3029,Adduction Machine,selectorized,bilateral,legs,,,,,,manufacturer_page,,https://gym80.de/en/all-products/,2026-09-30
gym80,SYGNUM,3030,Seated Leg Press,selectorized,bilateral,legs,,,,,,manufacturer_page,,https://gym80.de/en/all-products/,2026-09-30
gym80,SYGNUM,3031,Lying Leg Press,selectorized,bilateral,legs,,,,,,manufacturer_page,,https://gym80.de/en/all-products/,2026-09-30
gym80,SYGNUM,3032,Shoulder Press,selectorized,bilateral,shoulders,,,,,,manufacturer_page,,https://gym80.de/en/all-products/,2026-09-30
gym80,SYGNUM,3034,Lying Abdominal Machine,selectorized,bilateral,core,,,,,,manufacturer_page,,https://gym80.de/en/all-products/,2026-09-30
gym80,SYGNUM,3036,Dip Machine,selectorized,bilateral,arms,,,,,,manufacturer_page,,https://gym80.de/en/all-products/,2026-09-30
gym80,SYGNUM,3037,Abdominal Machine,selectorized,bilateral,core,,,,,,manufacturer_page,,https://gym80.de/en/all-products/,2026-09-30
gym80,SYGNUM,3038,Lower Back Machine,selectorized,bilateral,back,,,,,,manufacturer_page,,https://gym80.de/en/all-products/,2026-09-30
gym80,SYGNUM,3039,Seated Row without Chest Support,selectorized,bilateral,back,,,,,,manufacturer_page,std stack 105 kg (opt 135/165),https://gym80.de/en/all-products/,2026-09-30
gym80,SYGNUM,3040,Seated Row Machine,selectorized,bilateral,back,,,,,,manufacturer_page,,https://gym80.de/en/all-products/,2026-09-30
gym80,SYGNUM,3041,Dual Chest Press,selectorized,independent,chest,,,,,,manufacturer_page,,https://gym80.de/en/all-products/,2026-09-30
gym80,SYGNUM,3042,Dual Incline Chest Press,selectorized,independent,chest,,,,,,manufacturer_page,,https://gym80.de/en/all-products/,2026-09-30
gym80,SYGNUM,3043,Dual Shoulder Press,selectorized,independent,shoulders,,,,,,manufacturer_page,,https://gym80.de/en/all-products/,2026-09-30
gym80,SYGNUM,3044,Dual Lat Pulldown,selectorized,independent,back,,,,,,manufacturer_page,,https://gym80.de/en/all-products/,2026-09-30
gym80,SYGNUM,3045,Dual Seated Row,selectorized,independent,back,,,,,,manufacturer_page,,https://gym80.de/en/all-products/,2026-09-30
gym80,SYGNUM,3046,Dual Leg Press,selectorized,independent,legs,,,,,,manufacturer_page,,https://gym80.de/en/all-products/,2026-09-30
gym80,SYGNUM,3047,Iso Lat,selectorized,independent,back,,,,,,manufacturer_page,,https://gym80.de/en/all-products/,2026-09-30
gym80,SYGNUM,3050,Shoulder Lateral Raise with Grips,selectorized,bilateral,shoulders,,,,,,manufacturer_page,,https://gym80.de/en/all-products/,2026-09-30
gym80,SYGNUM,3069,Standing Abduction,selectorized,bilateral,glutes,,,,,,manufacturer_page,,https://gym80.de/en/all-products/,2026-09-30
gym80,SYGNUM,3071,Forearms Machine,selectorized,bilateral,arms,,,,,,manufacturer_page,,https://gym80.de/en/all-products/,2026-09-30
gym80,SYGNUM,3094,Donkey Calf,selectorized,bilateral,legs,,,,,,manufacturer_page,,https://gym80.de/en/all-products/,2026-09-30
gym80,SYGNUM,3095,Triceps Overhead,selectorized,bilateral,arms,,,,,,manufacturer_page,,https://gym80.de/en/all-products/,2026-09-30
gym80,SYGNUM,3096,Neck Press,selectorized,bilateral,shoulders,,,,,,manufacturer_page,,https://gym80.de/en/all-products/,2026-09-30
gym80,SYGNUM,3097,Inner Chest Press,selectorized,bilateral,chest,,,,,,manufacturer_page,std stack 135 kg (opt 165),https://gym80.de/en/all-products/,2026-09-30
gym80,SYGNUM,3098,Horizontal Biceps,selectorized,bilateral,arms,,,,,,manufacturer_page,,https://gym80.de/en/all-products/,2026-09-30
gym80,SYGNUM,3099,Standing Shoulder Lateral Raise,selectorized,bilateral,shoulders,,,,,,manufacturer_page,NEW 2026,https://gym80.de/en/all-products/,2026-09-30
gym80,SYGNUM,3121,Standing Chest Crossover Machine,selectorized,independent,chest,,,,,,manufacturer_page,,https://gym80.de/en/all-products/,2026-09-30
gym80,SYGNUM,3123,Lying Leg Extension with Adjustable Backrest,selectorized,bilateral,legs,,,,,,manufacturer_page,NEW 2026,https://gym80.de/en/all-products/,2026-09-30
gym80,SYGNUM,3124,Crunch Machine,selectorized,bilateral,core,,,,,,manufacturer_page,NEW 2026,https://gym80.de/en/all-products/,2026-09-30
gym80,SYGNUM,3225,Rotary Machine,selectorized,bilateral,core,,,,,,manufacturer_page,,https://gym80.de/en/all-products/,2026-09-30
gym80,SYGNUM (cable),4004,Cable Crossover Station,cable_stack,n/a,cable,,,,,,manufacturer_page,,https://gym80.de/en/all-products/?e-page-f1d693d=3,2026-09-30
gym80,SYGNUM (cable),4012,Adjustable Cable Crossover Station,cable_stack,n/a,cable,,,,,,manufacturer_page,,https://gym80.de/en/all-products/?e-page-f1d693d=3,2026-09-30
gym80,SYGNUM (cable),4016,Rowing Station,cable_stack,n/a,cable,,,,,,manufacturer_page,,https://gym80.de/en/all-products/?e-page-f1d693d=3,2026-09-30
gym80,SYGNUM (cable),4032,4-Station Tower,cable_stack,n/a,cable,,,,,,manufacturer_page,,https://gym80.de/en/all-products/?e-page-f1d693d=3,2026-09-30
gym80,SYGNUM (cable),4033,Duplex Station,cable_stack,n/a,cable,,,,,,manufacturer_page,,https://gym80.de/en/all-products/?e-page-f1d693d=3,2026-09-30
gym80,SYGNUM (cable),4034,Dual Adjustable Pulley,cable_stack,n/a,cable,,,,,,manufacturer_page,,https://gym80.de/en/all-products/?e-page-f1d693d=3,2026-09-30
gym80,SYGNUM (cable),4036,Multipress Station,cable_stack,n/a,cable,,,,,,manufacturer_page,2x70 kg stacks,https://gym80.de/en/all-products/?e-page-f1d693d=3,2026-09-30
gym80,SYGNUM (cable),4134,Pulley Universal,cable_stack,n/a,cable,,,,,,manufacturer_page,shown at HFA 2026,https://gym80.de/en/all-products/?e-page-f1d693d=3,2026-09-30
gym80,SYGNUM INNOVATION,5002,Innovation Glutes,selectorized,bilateral,,,,,,,manufacturer_page,partial list; shown at HFA 2026,https://gym80.us/hfa-2026-san-diego-gym80-equipment-demos-mixer/,2026-09-30
gym80,SYGNUM INNOVATION,5004,Innovation Curler,selectorized,bilateral,,,,,,,manufacturer_page,partial list; ,https://gym80.us/hfa-2026-san-diego-gym80-equipment-demos-mixer/,2026-09-30
gym80,PURE KRAFT,4018,PURE KRAFT T-Bar Row,plate_loaded,bilateral,back,,,,,,manufacturer_page,,https://gym80.de/en/plate-loaded/,2026-09-30
gym80,PURE KRAFT,4023,PURE KRAFT 45 Degrees Linear Leg Press,plate_loaded,bilateral,legs,,,,,,manufacturer_page,,https://gym80.de/en/plate-loaded/,2026-09-30
gym80,PURE KRAFT,4026,PURE KRAFT Seated Calf Raise,plate_loaded,bilateral,legs,,,,,,manufacturer_page,,https://gym80.de/en/plate-loaded/,2026-09-30
gym80,PURE KRAFT,4038N,PURE KRAFT Squat Machine,plate_loaded,bilateral,legs,,,,,,manufacturer_page,NEW,https://gym80.de/en/plate-loaded/,2026-09-30
gym80,PURE KRAFT,4159N,PURE KRAFT Hack Squat,plate_loaded,bilateral,legs,,,,,,manufacturer_page,,https://gym80.de/en/plate-loaded/,2026-09-30
gym80,PURE KRAFT,4307,PURE KRAFT Lying Abdominal,plate_loaded,bilateral,core,,,,,,manufacturer_page,,https://gym80.de/en/plate-loaded/,2026-09-30
gym80,PURE KRAFT,4311,PURE KRAFT Lat Pulldown Dual,plate_loaded,independent,back,,,,,,manufacturer_page,,https://gym80.de/en/plate-loaded/,2026-09-30
gym80,PURE KRAFT,4314,PURE KRAFT Seated Leg Press Dual,plate_loaded,independent,legs,,,,,,manufacturer_page,,https://gym80.de/en/plate-loaded/,2026-09-30
gym80,PURE KRAFT,4317,PURE KRAFT Ab Swing,plate_loaded,bilateral,core,,,,,,manufacturer_page,,https://gym80.de/en/plate-loaded/,2026-09-30
gym80,PURE KRAFT,4318,PURE KRAFT Bent Over Row,plate_loaded,bilateral,back,,,,,,manufacturer_page,,https://gym80.de/en/plate-loaded/,2026-09-30
gym80,PURE KRAFT,4319,PURE KRAFT Low Row Dual,plate_loaded,independent,back,,,,,,manufacturer_page,,https://gym80.de/en/plate-loaded/,2026-09-30
gym80,PURE KRAFT,4320,PURE KRAFT Shoulder Press Dual,plate_loaded,independent,shoulders,,,,,,manufacturer_page,,https://gym80.de/en/plate-loaded/,2026-09-30
gym80,PURE KRAFT,4321,PURE KRAFT Gluteus Kick Machine,plate_loaded,bilateral,glutes,,,,,,manufacturer_page,,https://gym80.de/en/plate-loaded/,2026-09-30
gym80,PURE KRAFT,4322,PURE KRAFT Seated Row Dual,plate_loaded,independent,back,,,,,,manufacturer_page,,https://gym80.de/en/plate-loaded/,2026-09-30
gym80,PURE KRAFT,4324,PURE KRAFT 45 Degrees Pivot Leg Press,plate_loaded,bilateral,legs,,,,,,manufacturer_page,,https://gym80.de/en/plate-loaded/,2026-09-30
gym80,PURE KRAFT,4325,PURE KRAFT Shoulder Lateral Raise Dual,plate_loaded,independent,shoulders,,,,,,manufacturer_page,,https://gym80.de/en/plate-loaded/,2026-09-30
gym80,PURE KRAFT,4326,PURE KRAFT Chest Crossover Dual,plate_loaded,independent,chest,,,,,,manufacturer_page,,https://gym80.de/en/plate-loaded/,2026-09-30
gym80,PURE KRAFT,4327,PURE KRAFT Power Row Dual,plate_loaded,independent,back,,,,,,manufacturer_page,,https://gym80.de/en/plate-loaded/,2026-09-30
gym80,PURE KRAFT,4328,PURE KRAFT Seated Chest Press Dual,plate_loaded,independent,chest,,,,,,manufacturer_page,,https://gym80.de/en/plate-loaded/,2026-09-30
gym80,PURE KRAFT,4329N,PURE KRAFT Incline Chest Press Dual,plate_loaded,independent,chest,,,,,,manufacturer_page,,https://gym80.de/en/plate-loaded/,2026-09-30
gym80,PURE KRAFT,4331,PURE KRAFT Bench Press Dual,plate_loaded,independent,chest,,,,,,manufacturer_page,,https://gym80.de/en/plate-loaded/,2026-09-30
gym80,PURE KRAFT,4332,PURE KRAFT Deadlift Rotating Grips Dual,plate_loaded,independent,full_body,,,,,,manufacturer_page,,https://gym80.de/en/plate-loaded/,2026-09-30
gym80,PURE KRAFT,4333,PURE KRAFT Deadlift Double Handle Grips Dual,plate_loaded,independent,full_body,,,,,,manufacturer_page,,https://gym80.de/en/plate-loaded/,2026-09-30
gym80,PURE KRAFT,4335,PURE KRAFT Triceps Dip Dual,plate_loaded,independent,arms,,,,,,manufacturer_page,,https://gym80.de/en/plate-loaded/,2026-09-30
gym80,PURE KRAFT,4336N,PURE KRAFT Leg Extension,plate_loaded,bilateral,legs,,,,,,manufacturer_page,,https://gym80.de/en/plate-loaded/,2026-09-30
gym80,PURE KRAFT,4337N,PURE KRAFT Lying Leg Curl,plate_loaded,bilateral,legs,,,,,,manufacturer_page,,https://gym80.de/en/plate-loaded/,2026-09-30
gym80,PURE KRAFT,4338N,PURE KRAFT Biceps Curl,plate_loaded,bilateral,arms,,,,,,manufacturer_page,,https://gym80.de/en/plate-loaded/,2026-09-30
gym80,PURE KRAFT,4339N,PURE KRAFT Triceps Extension,plate_loaded,bilateral,arms,,,,,,manufacturer_page,,https://gym80.de/en/plate-loaded/,2026-09-30
gym80,PURE KRAFT,4340,PURE KRAFT High Row Dual,plate_loaded,independent,back,,,,,,manufacturer_page,,https://gym80.de/en/plate-loaded/,2026-09-30
gym80,PURE KRAFT,4341,PURE KRAFT Butterfly Dual,plate_loaded,independent,chest,,,,,,manufacturer_page,,https://gym80.de/en/plate-loaded/,2026-09-30
gym80,PURE KRAFT,4342N,PURE KRAFT Rotating Abdominal Crunch,plate_loaded,bilateral,core,,,,,,manufacturer_page,,https://gym80.de/en/plate-loaded/,2026-09-30
gym80,PURE KRAFT,4343,PURE KRAFT Abdominal Crunch,plate_loaded,bilateral,core,,,,,,manufacturer_page,,https://gym80.de/en/plate-loaded/,2026-09-30
gym80,PURE KRAFT,4344,PURE KRAFT Butterfly Reverse Dual,plate_loaded,independent,shoulders,,,,,,manufacturer_page,,https://gym80.de/en/plate-loaded/,2026-09-30
gym80,PURE KRAFT,4345,PURE KRAFT 55 Degrees Standing Calf Raise,plate_loaded,bilateral,legs,,,,,,manufacturer_page,,https://gym80.de/en/plate-loaded/,2026-09-30
gym80,PURE KRAFT,4346,PURE KRAFT Decline Chest Press Dual,plate_loaded,independent,chest,,,,,,manufacturer_page,,https://gym80.de/en/plate-loaded/,2026-09-30
gym80,PURE KRAFT,4348,PURE KRAFT Seated Tibialis Machine,plate_loaded,bilateral,legs,,,,,,manufacturer_page,,https://gym80.de/en/plate-loaded/,2026-09-30
gym80,PURE KRAFT,4350N,PURE KRAFT Pullover,plate_loaded,bilateral,back,,,,,,manufacturer_page,,https://gym80.de/en/plate-loaded/,2026-09-30
gym80,PURE KRAFT,4353N,PURE KRAFT Pendulum Squat,plate_loaded,bilateral,legs,,,,,,manufacturer_page,,https://gym80.de/en/plate-loaded/,2026-09-30
gym80,PURE KRAFT,4354,PURE KRAFT Vertical Leg Press,plate_loaded,bilateral,legs,,,,,,manufacturer_page,,https://gym80.de/en/plate-loaded/,2026-09-30
gym80,PURE KRAFT,4355,PURE KRAFT Biceps Curl Dual,plate_loaded,independent,arms,,,,,,manufacturer_page,,https://gym80.de/en/plate-loaded/,2026-09-30
gym80,PURE KRAFT,4360,PURE KRAFT Belt Squat,plate_loaded,bilateral,legs,,,,,,manufacturer_page,,https://gym80.de/en/plate-loaded/,2026-09-30
gym80,PURE KRAFT STRONG,4361,PURE KRAFT STRONG Leg Press Dual,plate_loaded,independent,legs,,,,,,manufacturer_page,STRONG: load-drop ~30%,https://gym80.de/en/plate-loaded/3/,2026-09-30
gym80,PURE KRAFT STRONG,4362,PURE KRAFT STRONG Decline Bench Press Dual,plate_loaded,independent,chest,,,,,,manufacturer_page,STRONG: load-drop ~30%,https://gym80.de/en/plate-loaded/3/,2026-09-30
gym80,PURE KRAFT STRONG,4363,PURE KRAFT STRONG Shoulder Press Dual,plate_loaded,independent,shoulders,,,,,,manufacturer_page,STRONG: load-drop ~30%,https://gym80.de/en/plate-loaded/3/,2026-09-30
gym80,PURE KRAFT STRONG,4364,PURE KRAFT STRONG Bench Press Dual,plate_loaded,independent,chest,,,,,,manufacturer_page,STRONG: load-drop ~30%,https://gym80.de/en/plate-loaded/3/,2026-09-30
gym80,PURE KRAFT STRONG,4365,PURE KRAFT STRONG Incline Bench Press Dual,plate_loaded,independent,chest,,,,,,manufacturer_page,STRONG: load-drop ~30%,https://gym80.de/en/plate-loaded/3/,2026-09-30
gym80,PURE KRAFT,4366,PURE KRAFT Biceps Overhead,plate_loaded,bilateral,arms,,,,,,manufacturer_page,,https://gym80.de/en/plate-loaded/,2026-09-30
gym80,PURE KRAFT,4371,PURE KRAFT Neck Press,plate_loaded,bilateral,shoulders,,,,,,manufacturer_page,,https://gym80.de/en/plate-loaded/,2026-09-30
gym80,PURE KRAFT,4372,PURE KRAFT Standing Multi-Joint,plate_loaded,bilateral,full_body,,,,,,manufacturer_page,,https://gym80.de/en/plate-loaded/,2026-09-30
gym80,PURE KRAFT,4373,PURE KRAFT Standing Leg Curl,plate_loaded,bilateral,legs,,,,,,manufacturer_page,,https://gym80.de/en/plate-loaded/,2026-09-30
gym80,PURE KRAFT,4374,PURE KRAFT Standing Abduction,plate_loaded,bilateral,glutes,,,,,,manufacturer_page,,https://gym80.de/en/plate-loaded/,2026-09-30
gym80,PURE KRAFT,4375,PURE KRAFT Inverse Leg Curl,plate_loaded,bilateral,legs,,,,,,manufacturer_page,,https://gym80.de/en/plate-loaded/,2026-09-30
gym80,PURE KRAFT,4376,PURE KRAFT Lying Inner Chest Dual,plate_loaded,independent,chest,,,,,,manufacturer_page,,https://gym80.de/en/plate-loaded/,2026-09-30
gym80,PURE KRAFT,4379,PURE KRAFT Overhead Triceps,plate_loaded,bilateral,arms,,,,,,manufacturer_page,,https://gym80.de/en/plate-loaded/,2026-09-30
gym80,PURE KRAFT,4380,PURE KRAFT Donkey Calf,plate_loaded,bilateral,legs,,,,,,manufacturer_page,,https://gym80.de/en/plate-loaded/,2026-09-30
gym80,PURE KRAFT,4382,PURE KRAFT High Row with Movable Handles,plate_loaded,bilateral,back,,,,,,manufacturer_page,,https://gym80.de/en/plate-loaded/,2026-09-30
gym80,PURE KRAFT,4383,PURE KRAFT 55 Degree Rowing Machine,plate_loaded,bilateral,back,,,,,,manufacturer_page,,https://gym80.de/en/plate-loaded/,2026-09-30
gym80,PURE KRAFT,4384,PURE KRAFT Abduction 3D,plate_loaded,bilateral,glutes,,,,,,manufacturer_page,,https://gym80.de/en/plate-loaded/,2026-09-30
gym80,PURE KRAFT,4385,PURE KRAFT Standing Shoulder Lateral Raise,plate_loaded,bilateral,shoulders,,,,,,manufacturer_page,NEW,https://gym80.de/en/plate-loaded/,2026-09-30
gym80,PURE KRAFT,4386N,PURE KRAFT Booty Booster Special,plate_loaded,bilateral,glutes,,,,,,manufacturer_page,NEW,https://gym80.de/en/plate-loaded/,2026-09-30
gym80,PURE KRAFT,4388,PURE KRAFT Viking Press,plate_loaded,bilateral,shoulders,,,,,,manufacturer_page,,https://gym80.de/en/plate-loaded/,2026-09-30
gym80,PURE KRAFT,4389,PURE KRAFT Leverage Squat,plate_loaded,bilateral,legs,,,,,,manufacturer_page,NEW,https://gym80.de/en/plate-loaded/,2026-09-30
gym80,PURE KRAFT,4390,PURE KRAFT Butterfly 50°,plate_loaded,bilateral,chest,,,,,,manufacturer_page,NEW,https://gym80.de/en/plate-loaded/,2026-09-30
gym80,PURE KRAFT,4391,PURE KRAFT 3D Leg Machine,plate_loaded,bilateral,legs,,,,,,manufacturer_page,NEW,https://gym80.de/en/plate-loaded/,2026-09-30
gym80,PURE KRAFT,4392,PURE KRAFT Standing Leg Extension,plate_loaded,bilateral,legs,,,,,,manufacturer_page,NEW,https://gym80.de/en/plate-loaded/,2026-09-30
Hammer Strength,Plate Loaded (Iso-Lateral / Ground Base),,Plate Loaded 4-Way Neck,plate_loaded,bilateral,shoulders,,,,,,manufacturer_page,,https://www.lifefitness.com/en-us/catalog/strength-training/plate-loaded/hammer-strength,2026-09-30
Hammer Strength,Plate Loaded (Iso-Lateral / Ground Base),,Plate Loaded T-Bar Row,plate_loaded,bilateral,back,,,,,,manufacturer_page,,https://www.lifefitness.com/en-us/catalog/strength-training/plate-loaded/hammer-strength,2026-09-30
Hammer Strength,Plate Loaded (Iso-Lateral / Ground Base),IL-BP,Iso-Lateral Bench Press,plate_loaded,independent,chest,,,,,,manufacturer_page,,https://www.lifefitness.com/en-us/catalog/strength-training/plate-loaded/hammer-strength,2026-09-30
Hammer Strength,Plate Loaded (Iso-Lateral / Ground Base),,Plate Loaded Abdominal / Oblique Crunch,plate_loaded,bilateral,core,,,,,,manufacturer_page,,https://www.lifefitness.com/en-us/catalog/strength-training/plate-loaded/hammer-strength,2026-09-30
Hammer Strength,Plate Loaded (Iso-Lateral / Ground Base),,Plate Loaded Gripper,plate_loaded,bilateral,arms,,,,,,manufacturer_page,,https://www.lifefitness.com/en-us/catalog/strength-training/plate-loaded/hammer-strength,2026-09-30
Hammer Strength,Plate Loaded (Iso-Lateral / Ground Base),,Iso-Lateral Chest / Back,plate_loaded,independent,chest,,,,,,manufacturer_page,,https://www.lifefitness.com/en-us/catalog/strength-training/plate-loaded/hammer-strength,2026-09-30
Hammer Strength,Plate Loaded (Iso-Lateral / Ground Base),IL-DY,Iso-Lateral D.Y. Row,plate_loaded,independent,back,,,,,,manufacturer_page,,https://www.lifefitness.com/en-us/catalog/strength-training/plate-loaded/hammer-strength,2026-09-30
Hammer Strength,Plate Loaded (Iso-Lateral / Ground Base),IL-DCP,Iso-Lateral Decline Chest Press,plate_loaded,independent,chest,,,,,,manufacturer_page,,https://www.lifefitness.com/en-us/catalog/strength-training/plate-loaded/hammer-strength,2026-09-30
Hammer Strength,Plate Loaded (Iso-Lateral / Ground Base),IL-FLP,Iso-Lateral Front Lat Pulldown,plate_loaded,independent,back,1,0.5,total,,,reseller_or_manual,reseller spec,reseller spec,2026-09-30
Hammer Strength,Plate Loaded (Iso-Lateral / Ground Base),IL-HR,Iso-Lateral High Row,plate_loaded,independent,back,,,,,,manufacturer_page,,https://www.lifefitness.com/en-us/catalog/strength-training/plate-loaded/hammer-strength,2026-09-30
Hammer Strength,Plate Loaded (Iso-Lateral / Ground Base),IL-HBP,Iso-Lateral Horizontal Bench Press,plate_loaded,independent,chest,18,8.2,total,,,reseller_or_manual,reseller spec,reseller spec,2026-09-30
Hammer Strength,Plate Loaded (Iso-Lateral / Ground Base),IL-IP (IL-IPV vertical grip),Iso-Lateral Incline Press,plate_loaded,independent,chest,8,3.6,total,,,reseller_or_manual,reseller spec,reseller spec,2026-09-30
Hammer Strength,Plate Loaded (Iso-Lateral / Ground Base),IL-LR,Iso-Lateral Low Row,plate_loaded,independent,back,,,,,,manufacturer_page,,https://www.lifefitness.com/en-us/catalog/strength-training/plate-loaded/hammer-strength,2026-09-30
Hammer Strength,Plate Loaded (Iso-Lateral / Ground Base),IL-ROW,Iso-Lateral Row,plate_loaded,independent,back,12,5.4,per_arm,,,manufacturer_page,lifefitness.com,https://www.lifefitness.com/en-us/catalog/strength-training/plate-loaded/hammer-strength,2026-09-30
Hammer Strength,Plate Loaded (Iso-Lateral / Ground Base),IL-SP,Iso-Lateral Shoulder Press,plate_loaded,independent,shoulders,10,4.5,per_arm,,,reseller_or_manual,reseller spec (LF text),reseller spec (LF text),2026-09-30
Hammer Strength,Plate Loaded (Iso-Lateral / Ground Base),IL-FMP,Iso-Lateral Super Incline Press,plate_loaded,independent,chest,11,5,per_arm,,,manufacturer_page,lifefitness.com.au,https://www.lifefitness.com/en-us/catalog/strength-training/plate-loaded/hammer-strength,2026-09-30
Hammer Strength,Plate Loaded (Iso-Lateral / Ground Base),IL-WC,Iso-Lateral Wide Chest,plate_loaded,independent,chest,,,,,,manufacturer_page,,https://www.lifefitness.com/en-us/catalog/strength-training/plate-loaded/hammer-strength,2026-09-30
Hammer Strength,Plate Loaded (Iso-Lateral / Ground Base),IL-WP,Iso-Lateral Wide Pulldown,plate_loaded,independent,back,,,,,,manufacturer_page,,https://www.lifefitness.com/en-us/catalog/strength-training/plate-loaded/hammer-strength,2026-09-30
Hammer Strength,Plate Loaded (Iso-Lateral / Ground Base),,Plate Loaded Lateral Raise,plate_loaded,bilateral,shoulders,,,,,,manufacturer_page,,https://www.lifefitness.com/en-us/catalog/strength-training/plate-loaded/hammer-strength,2026-09-30
Hammer Strength,Plate Loaded (Iso-Lateral / Ground Base),,Plate Loaded Pullover,plate_loaded,bilateral,back,,,,,,manufacturer_page,,https://www.lifefitness.com/en-us/catalog/strength-training/plate-loaded/hammer-strength,2026-09-30
Hammer Strength,Plate Loaded (Iso-Lateral / Ground Base),,Plate Loaded Seated Biceps,plate_loaded,bilateral,arms,,,,,,manufacturer_page,,https://www.lifefitness.com/en-us/catalog/strength-training/plate-loaded/hammer-strength,2026-09-30
Hammer Strength,Plate Loaded (Iso-Lateral / Ground Base),,Plate Loaded Seated Dip,plate_loaded,bilateral,arms,,,,,,manufacturer_page,,https://www.lifefitness.com/en-us/catalog/strength-training/plate-loaded/hammer-strength,2026-09-30
Hammer Strength,Plate Loaded (Iso-Lateral / Ground Base),,Plate Loaded Seated / Standing Shrug,plate_loaded,bilateral,back,,,,,,manufacturer_page,,https://www.lifefitness.com/en-us/catalog/strength-training/plate-loaded/hammer-strength,2026-09-30
Hammer Strength,Plate Loaded (Iso-Lateral / Ground Base),PL-FLY,Plate Loaded Super Fly,plate_loaded,independent,chest,14,6.3,per_arm,,,manufacturer_page,lifefitness.com,https://www.lifefitness.com/en-us/catalog/strength-training/plate-loaded/hammer-strength,2026-09-30
Hammer Strength,Plate Loaded (Iso-Lateral / Ground Base),,Iso-Lateral T-Bar Row,plate_loaded,independent,back,,,,,,manufacturer_page,NEW,https://www.lifefitness.com/en-us/catalog/strength-training/plate-loaded/hammer-strength,2026-09-30
Hammer Strength,Plate Loaded (Iso-Lateral / Ground Base),,Plate Loaded Glute Ham / Reverse Hyper,plate_loaded,bilateral,legs,,,,,,manufacturer_page,,https://www.lifefitness.com/en-us/catalog/strength-training/plate-loaded/hammer-strength,2026-09-30
Hammer Strength,Plate Loaded (Iso-Lateral / Ground Base),,Plate Loaded Glute Drive,plate_loaded,bilateral,glutes,,,,,,manufacturer_page,,https://www.lifefitness.com/en-us/catalog/strength-training/plate-loaded/hammer-strength,2026-09-30
Hammer Strength,Plate Loaded (Iso-Lateral / Ground Base),,Plate Loaded Belt Squat,plate_loaded,bilateral,legs,,,,,,manufacturer_page,,https://www.lifefitness.com/en-us/catalog/strength-training/plate-loaded/hammer-strength,2026-09-30
Hammer Strength,Plate Loaded (Iso-Lateral / Ground Base),IL-KLC,Iso-Lateral Kneeling Leg Curl,plate_loaded,independent,legs,,,,,,manufacturer_page,,https://www.lifefitness.com/en-us/catalog/strength-training/plate-loaded/hammer-strength,2026-09-30
Hammer Strength,Plate Loaded (Iso-Lateral / Ground Base),IL-LC,Iso-Lateral Leg Curl,plate_loaded,independent,legs,,,,,,manufacturer_page,,https://www.lifefitness.com/en-us/catalog/strength-training/plate-loaded/hammer-strength,2026-09-30
Hammer Strength,Plate Loaded (Iso-Lateral / Ground Base),,Plate Loaded Hack Squat,plate_loaded,bilateral,legs,,,,,,manufacturer_page,,https://www.lifefitness.com/en-us/catalog/strength-training/plate-loaded/hammer-strength,2026-09-30
Hammer Strength,Plate Loaded (Iso-Lateral / Ground Base),HSLLP,Plate Loaded Linear Leg Press,plate_loaded,bilateral,legs,118,53,total,,,reseller_or_manual,reseller spec; 45° sled,reseller spec; 45° sled,2026-09-30
Hammer Strength,Plate Loaded (Iso-Lateral / Ground Base),,Plate Loaded Seated Calf Raise,plate_loaded,bilateral,legs,,,,,,manufacturer_page,,https://www.lifefitness.com/en-us/catalog/strength-training/plate-loaded/hammer-strength,2026-09-30
Hammer Strength,Plate Loaded (Iso-Lateral / Ground Base),,Plate Loaded Tibia Dorsi-Flexion,plate_loaded,bilateral,legs,,,,,,manufacturer_page,,https://www.lifefitness.com/en-us/catalog/strength-training/plate-loaded/hammer-strength,2026-09-30
Hammer Strength,Plate Loaded (Iso-Lateral / Ground Base),,Plate Loaded Assisted Nordic Ham,plate_loaded,bilateral,legs,,,,,,manufacturer_page,,https://www.lifefitness.com/en-us/catalog/strength-training/plate-loaded/hammer-strength,2026-09-30
Hammer Strength,Plate Loaded (Iso-Lateral / Ground Base),IL-LE,Iso-Lateral Leg Extension,plate_loaded,independent,legs,,,,,,manufacturer_page,,https://www.lifefitness.com/en-us/catalog/strength-training/plate-loaded/hammer-strength,2026-09-30
Hammer Strength,Plate Loaded (Iso-Lateral / Ground Base),,Plate Loaded Pendulum-X Squat,plate_loaded,bilateral,legs,,,,,,manufacturer_page,NEW,https://www.lifefitness.com/en-us/catalog/strength-training/plate-loaded/hammer-strength,2026-09-30
Hammer Strength,Plate Loaded (Iso-Lateral / Ground Base),,Plate Loaded Super Squat Press,plate_loaded,bilateral,legs,,,,,,manufacturer_page,NEW,https://www.lifefitness.com/en-us/catalog/strength-training/plate-loaded/hammer-strength,2026-09-30
Hammer Strength,Plate Loaded (Iso-Lateral / Ground Base),,Plate Loaded Reverse V-Squat,plate_loaded,bilateral,legs,,,,,,manufacturer_page,NEW,https://www.lifefitness.com/en-us/catalog/strength-training/plate-loaded/hammer-strength,2026-09-30
Hammer Strength,Plate Loaded (Iso-Lateral / Ground Base),,Ground Base Jammer,plate_loaded,independent,full_body,,,,,,manufacturer_page,,https://www.lifefitness.com/en-us/catalog/strength-training/plate-loaded/hammer-strength,2026-09-30
Hammer Strength,Plate Loaded (Iso-Lateral / Ground Base),,Ground Base Combo Twist,plate_loaded,bilateral,core,,,,,,manufacturer_page,,https://www.lifefitness.com/en-us/catalog/strength-training/plate-loaded/hammer-strength,2026-09-30
Hammer Strength,Plate Loaded (Iso-Lateral / Ground Base),,Ground Base Squat / High Pull,plate_loaded,bilateral,full_body,,,,,,manufacturer_page,,https://www.lifefitness.com/en-us/catalog/strength-training/plate-loaded/hammer-strength,2026-09-30
Hammer Strength,Plate Loaded (Iso-Lateral / Ground Base),,Ground Base Multi-Squat,plate_loaded,bilateral,legs,,,,,,manufacturer_page,NEW,https://www.lifefitness.com/en-us/catalog/strength-training/plate-loaded/hammer-strength,2026-09-30
Hammer Strength,Plate Loaded,PL-VSQ,Plate Loaded V-Squat,plate_loaded,bilateral,legs,54,25,total,,,manufacturer_page,not on current US list; still on floors,lifefitness.com,2026-09-30
Hammer Strength,MTS (Motion Technology Selectorized),MTSAB,MTS Abdominal Crunch,selectorized,bilateral,core,,,,,,inferred,code inferred from pattern,https://www.lifefitness.com/en-us/catalog/strength-training/selectorized/motion-technology-selectorised,2026-09-30
Hammer Strength,MTS (Motion Technology Selectorized),MTSBC,MTS Iso-Lateral Biceps Curl,selectorized,independent,arms,,,,150,2 x 150 lb (2 x 68 kg),inferred,code inferred from pattern,https://www.lifefitness.com/en-us/catalog/strength-training/selectorized/motion-technology-selectorised,2026-09-30
Hammer Strength,MTS (Motion Technology Selectorized),MTSCP,MTS Iso-Lateral Chest Press,selectorized,independent,chest,,,,150,2 x 150 lb (2 x 68 kg),manufacturer_page,,https://www.lifefitness.com/en-us/catalog/strength-training/selectorized/motion-technology-selectorised,2026-09-30
Hammer Strength,MTS (Motion Technology Selectorized),MTSDP,MTS Iso-Lateral Decline Press,selectorized,independent,chest,,,,150,2 x 150 lb (2 x 68 kg),inferred,code inferred from pattern,https://www.lifefitness.com/en-us/catalog/strength-training/selectorized/motion-technology-selectorised,2026-09-30
Hammer Strength,MTS (Motion Technology Selectorized),MTSFP,MTS Iso-Lateral Front Pulldown,selectorized,independent,back,,,,150,2 x 150 lb (2 x 68 kg),manufacturer_page,,https://www.lifefitness.com/en-us/catalog/strength-training/selectorized/motion-technology-selectorised,2026-09-30
Hammer Strength,MTS (Motion Technology Selectorized),MTSHR,MTS Iso-Lateral High Row,selectorized,independent,back,,,,150,2 x 150 lb (2 x 68 kg),inferred,code inferred from pattern,https://www.lifefitness.com/en-us/catalog/strength-training/selectorized/motion-technology-selectorised,2026-09-30
Hammer Strength,MTS (Motion Technology Selectorized),MTSIP,MTS Iso-Lateral Incline Press,selectorized,independent,chest,,,,150,2 x 150 lb (2 x 68 kg),manufacturer_page,,https://www.lifefitness.com/en-us/catalog/strength-training/selectorized/motion-technology-selectorised,2026-09-30
Hammer Strength,MTS (Motion Technology Selectorized),MTSRW,MTS Iso-Lateral Row,selectorized,independent,back,,,,150,2 x 150 lb (2 x 68 kg),manufacturer_page,,https://www.lifefitness.com/en-us/catalog/strength-training/selectorized/motion-technology-selectorised,2026-09-30
Hammer Strength,MTS (Motion Technology Selectorized),MTSSP,MTS Iso-Lateral Shoulder Press,selectorized,independent,shoulders,,,,150,2 x 150 lb (2 x 68 kg),inferred,code inferred from pattern,https://www.lifefitness.com/en-us/catalog/strength-training/selectorized/motion-technology-selectorised,2026-09-30
Hammer Strength,MTS (Motion Technology Selectorized),MTSTE,MTS Iso-Lateral Triceps Extension,selectorized,independent,arms,,,,150,2 x 150 lb (2 x 68 kg),inferred,code inferred from pattern,https://www.lifefitness.com/en-us/catalog/strength-training/selectorized/motion-technology-selectorised,2026-09-30
Hammer Strength,MTS (Motion Technology Selectorized),MTSLE,MTS Iso-Lateral Leg Extension,selectorized,independent,legs,,,,150,2 x 150 lb (2 x 68 kg),inferred,code inferred from pattern,https://www.lifefitness.com/en-us/catalog/strength-training/selectorized/motion-technology-selectorised,2026-09-30
Hammer Strength,MTS (Motion Technology Selectorized),MTSKLC,MTS Iso-Lateral Kneeling Leg Curl,selectorized,independent,legs,,,,150,2 x 150 lb (2 x 68 kg),inferred,code inferred from pattern,https://www.lifefitness.com/en-us/catalog/strength-training/selectorized/motion-technology-selectorised,2026-09-30
Hammer Strength,Select,,Hammer Strength Select Hip Adduction,selectorized,bilateral,legs,,,,,,manufacturer_page,partial list (brand page); full Select line is ~20 machines,https://www.lifefitness.com/en-us/brands/hammer-strength,2026-09-30
Hammer Strength,Select,,Hammer Strength Select Shoulder Press,selectorized,bilateral,shoulders,,,,,,manufacturer_page,partial list (brand page); full Select line is ~20 machines,https://www.lifefitness.com/en-us/brands/hammer-strength,2026-09-30
Hammer Strength,Select,,Hammer Strength Select Hip and Glute,selectorized,bilateral,glutes,,,,,,manufacturer_page,partial list (brand page); full Select line is ~20 machines,https://www.lifefitness.com/en-us/brands/hammer-strength,2026-09-30
Hammer Strength,Select,,Hammer Strength Select Seated Leg Press,selectorized,bilateral,legs,,,,,,manufacturer_page,partial list (brand page); full Select line is ~20 machines,https://www.lifefitness.com/en-us/brands/hammer-strength,2026-09-30
Hammer Strength,Select,,Hammer Strength Select Back Extension,selectorized,bilateral,back,,,,,,manufacturer_page,partial list (brand page); full Select line is ~20 machines,https://www.lifefitness.com/en-us/brands/hammer-strength,2026-09-30
Hammer Strength,Select,,Hammer Strength Select Standing Calf,selectorized,bilateral,legs,,,,,,manufacturer_page,partial list (brand page); full Select line is ~20 machines,https://www.lifefitness.com/en-us/brands/hammer-strength,2026-09-30
Hammer Strength,Select,,Hammer Strength Select Abdominal Crunch,selectorized,bilateral,core,,,,,,manufacturer_page,partial list (brand page); full Select line is ~20 machines,https://www.lifefitness.com/en-us/brands/hammer-strength,2026-09-30
Hammer Strength,Select,,Hammer Strength Select Pectoral Fly/Rear Deltoid,selectorized,bilateral,chest,,,,,,manufacturer_page,partial list (brand page); full Select line is ~20 machines,https://www.lifefitness.com/en-us/brands/hammer-strength,2026-09-30
Life Fitness,Insignia Series,,Insignia Series Abdominal,selectorized,bilateral,core,,,,,,manufacturer_page,,https://www.lifefitness.com.au/commercial/strength/selectorised,2026-09-30
Life Fitness,Insignia Series,,Insignia Series Abdominal Advanced,selectorized,bilateral,core,,,,,,manufacturer_page,,https://www.lifefitness.com.au/commercial/strength/selectorised,2026-09-30
Life Fitness,Insignia Series,,Insignia Series Back Extension,selectorized,bilateral,back,,,,,,manufacturer_page,,https://www.lifefitness.com.au/commercial/strength/selectorised,2026-09-30
Life Fitness,Insignia Series,,Insignia Series Torso Rotation,selectorized,bilateral,core,,,,,,manufacturer_page,,https://www.lifefitness.com.au/commercial/strength/selectorised,2026-09-30
Life Fitness,Insignia Series,,Insignia Series Arc Leg Press,selectorized,bilateral,legs,,,,,,manufacturer_page,,https://www.lifefitness.com.au/commercial/strength/selectorised,2026-09-30
Life Fitness,Insignia Series,,Insignia Series Glute Bridge,selectorized,bilateral,glutes,,,,,,manufacturer_page,,https://www.lifefitness.com.au/commercial/strength/selectorised,2026-09-30
Life Fitness,Insignia Series,,Insignia Series Glute,selectorized,bilateral,glutes,,,,,,manufacturer_page,,https://www.lifefitness.com.au/commercial/strength/selectorised,2026-09-30
Life Fitness,Insignia Series,,Insignia Series Hip Abduction,selectorized,bilateral,glutes,,,,,,manufacturer_page,,https://www.lifefitness.com.au/commercial/strength/selectorised,2026-09-30
Life Fitness,Insignia Series,,Insignia Series Hip Abductor / Adductor,selectorized,bilateral,legs,,,,,,manufacturer_page,,https://www.lifefitness.com.au/commercial/strength/selectorised,2026-09-30
Life Fitness,Insignia Series,,Insignia Series Sit / Stand Hip Abductor,selectorized,bilateral,glutes,,,,,,manufacturer_page,,https://www.lifefitness.com.au/commercial/strength/selectorised,2026-09-30
Life Fitness,Insignia Series,,Insignia Series Hip Adduction,selectorized,bilateral,legs,,,,,,manufacturer_page,,https://www.lifefitness.com.au/commercial/strength/selectorised,2026-09-30
Life Fitness,Insignia Series,,Insignia Series Leg Curl,selectorized,bilateral,legs,,,,,,manufacturer_page,,https://www.lifefitness.com.au/commercial/strength/selectorised,2026-09-30
Life Fitness,Insignia Series,,Insignia Series Leg Extension,selectorized,bilateral,legs,,,,,,manufacturer_page,,https://www.lifefitness.com.au/commercial/strength/selectorised,2026-09-30
Life Fitness,Insignia Series,,Insignia Series Seated Leg Curl,selectorized,bilateral,legs,,,,,,manufacturer_page,,https://www.lifefitness.com.au/commercial/strength/selectorised,2026-09-30
Life Fitness,Insignia Series,,Insignia Series Calf Extension,selectorized,bilateral,legs,,,,,,manufacturer_page,,https://www.lifefitness.com.au/commercial/strength/selectorised,2026-09-30
Life Fitness,Insignia Series,,Insignia Series Chest Press,selectorized,independent,chest,,,,,,manufacturer_page,,https://www.lifefitness.com.au/commercial/strength/selectorised,2026-09-30
Life Fitness,Insignia Series,,Insignia Series Dual Axis Chest Press,selectorized,independent,chest,,,,,,manufacturer_page,,https://www.lifefitness.com.au/commercial/strength/selectorised,2026-09-30
Life Fitness,Insignia Series,,Insignia Series Shoulder Press,selectorized,independent,shoulders,,,,,,manufacturer_page,,https://www.lifefitness.com.au/commercial/strength/selectorised,2026-09-30
Life Fitness,Insignia Series,,Insignia Series Pectoral Fly,selectorized,bilateral,chest,,,,,,manufacturer_page,,https://www.lifefitness.com.au/commercial/strength/selectorised,2026-09-30
Life Fitness,Insignia Series,,Insignia Series Pectoral Fly/Rear Deltoid,selectorized,bilateral,chest,,,,,,manufacturer_page,,https://www.lifefitness.com.au/commercial/strength/selectorised,2026-09-30
Life Fitness,Insignia Series,,Insignia Series Assist Dip Chin,selectorized,bilateral,full_body,,,,,,manufacturer_page,,https://www.lifefitness.com.au/commercial/strength/selectorised,2026-09-30
Life Fitness,Insignia Series,,Insignia Series Triceps Extension,selectorized,bilateral,arms,,,,,,manufacturer_page,,https://www.lifefitness.com.au/commercial/strength/selectorised,2026-09-30
Life Fitness,Insignia Series,,Insignia Series Triceps Press,selectorized,bilateral,arms,,,,,,manufacturer_page,,https://www.lifefitness.com.au/commercial/strength/selectorised,2026-09-30
Life Fitness,Insignia Series,,Insignia Series Lateral Raise,selectorized,bilateral,shoulders,,,,,,manufacturer_page,,https://www.lifefitness.com.au/commercial/strength/selectorised,2026-09-30
Life Fitness,Insignia Series,,Insignia Series Biceps Curl - Dependent,selectorized,bilateral,arms,,,,,,manufacturer_page,,https://www.lifefitness.com.au/commercial/strength/selectorised,2026-09-30
Life Fitness,Insignia Series,,Insignia Series Biceps Curl,selectorized,bilateral,arms,,,,,,manufacturer_page,,https://www.lifefitness.com.au/commercial/strength/selectorised,2026-09-30
Life Fitness,Insignia Series,,Insignia Series Pulldown,selectorized,independent,back,,,,,,manufacturer_page,,https://www.lifefitness.com.au/commercial/strength/selectorised,2026-09-30
Life Fitness,Insignia Series,,Insignia Series Dual Axis Pulldown,selectorized,independent,back,,,,,,manufacturer_page,,https://www.lifefitness.com.au/commercial/strength/selectorised,2026-09-30
Life Fitness,Insignia Series,,Insignia Series Row,selectorized,independent,back,,,,,,manufacturer_page,,https://www.lifefitness.com.au/commercial/strength/selectorised,2026-09-30
Life Fitness,Axiom Series,,Axiom Series Leg Press,selectorized,bilateral,legs,,,,,,manufacturer_page,compact/low tower line,https://www.lifefitness.com.au/commercial/strength/selectorised/page-4,2026-09-30
Life Fitness,Axiom Series,,Axiom Series Chest Press,selectorized,bilateral,chest,,,,,,manufacturer_page,compact/low tower line,https://www.lifefitness.com.au/commercial/strength/selectorised/page-4,2026-09-30
Life Fitness,Axiom Series,,Axiom Series Dual Adjustable Pulley,selectorized,bilateral,cable,,,,,,manufacturer_page,compact/low tower line,https://www.lifefitness.com.au/commercial/strength/selectorised/page-4,2026-09-30
Life Fitness,Axiom Series,,Axiom Series Shoulder Press,selectorized,bilateral,shoulders,,,,,,manufacturer_page,compact/low tower line,https://www.lifefitness.com.au/commercial/strength/selectorised/page-4,2026-09-30
Life Fitness,Axiom Series,,Axiom Series Lat Pulldown,selectorized,bilateral,back,,,,,,manufacturer_page,compact/low tower line,https://www.lifefitness.com.au/commercial/strength/selectorised/page-4,2026-09-30
Life Fitness,Axiom Series,,Axiom Series Biceps Curl,selectorized,bilateral,arms,,,,,,manufacturer_page,compact/low tower line,https://www.lifefitness.com.au/commercial/strength/selectorised/page-4,2026-09-30
Life Fitness,Axiom Series,,Axiom Series Triceps Extension,selectorized,bilateral,arms,,,,,,manufacturer_page,compact/low tower line,https://www.lifefitness.com.au/commercial/strength/selectorised/page-4,2026-09-30
Life Fitness,Axiom Series,,Axiom Series Seated Row,selectorized,bilateral,back,,,,,,manufacturer_page,compact/low tower line,https://www.lifefitness.com.au/commercial/strength/selectorised/page-4,2026-09-30
Life Fitness,Axiom Series,,Axiom Series Leg Curl,selectorized,bilateral,legs,,,,,,manufacturer_page,compact/low tower line,https://www.lifefitness.com.au/commercial/strength/selectorised/page-4,2026-09-30
Life Fitness,Axiom Series,,Axiom Series Leg Extension,selectorized,bilateral,legs,,,,,,manufacturer_page,compact/low tower line,https://www.lifefitness.com.au/commercial/strength/selectorised/page-4,2026-09-30
Life Fitness,Axiom Series,,Axiom Series Abdominal,selectorized,bilateral,core,,,,,,manufacturer_page,compact/low tower line,https://www.lifefitness.com.au/commercial/strength/selectorised/page-4,2026-09-30
Life Fitness,Axiom Series,,Axiom Series Smith Rack,selectorized,bilateral,full_body,,,,,,manufacturer_page,compact/low tower line,https://www.lifefitness.com.au/commercial/strength/selectorised/page-4,2026-09-30
Life Fitness,Signature Series (legacy),,Signature Series Chest Press,selectorized,independent,chest,,,,,,inferred,"legacy line, no longer in current catalog; still the most common LF machine on US floors — FROM TRAINING DATA, verify on placard",,2026-09-30
Life Fitness,Signature Series (legacy),,Signature Series Shoulder Press,selectorized,independent,shoulders,,,,,,inferred,"legacy line, no longer in current catalog; still the most common LF machine on US floors — FROM TRAINING DATA, verify on placard",,2026-09-30
Life Fitness,Signature Series (legacy),,Signature Series Pectoral Fly/Rear Deltoid,selectorized,bilateral,chest,,,,,,inferred,"legacy line, no longer in current catalog; still the most common LF machine on US floors — FROM TRAINING DATA, verify on placard",,2026-09-30
Life Fitness,Signature Series (legacy),,Signature Series Lat Pulldown,selectorized,bilateral,back,,,,,,inferred,"legacy line, no longer in current catalog; still the most common LF machine on US floors — FROM TRAINING DATA, verify on placard",,2026-09-30
Life Fitness,Signature Series (legacy),,Signature Series Row,selectorized,independent,back,,,,,,inferred,"legacy line, no longer in current catalog; still the most common LF machine on US floors — FROM TRAINING DATA, verify on placard",,2026-09-30
Life Fitness,Signature Series (legacy),,Signature Series Biceps Curl,selectorized,bilateral,arms,,,,,,inferred,"legacy line, no longer in current catalog; still the most common LF machine on US floors — FROM TRAINING DATA, verify on placard",,2026-09-30
Life Fitness,Signature Series (legacy),,Signature Series Triceps Extension,selectorized,bilateral,arms,,,,,,inferred,"legacy line, no longer in current catalog; still the most common LF machine on US floors — FROM TRAINING DATA, verify on placard",,2026-09-30
Life Fitness,Signature Series (legacy),,Signature Series Triceps Press,selectorized,bilateral,arms,,,,,,inferred,"legacy line, no longer in current catalog; still the most common LF machine on US floors — FROM TRAINING DATA, verify on placard",,2026-09-30
Life Fitness,Signature Series (legacy),,Signature Series Lateral Raise,selectorized,bilateral,shoulders,,,,,,inferred,"legacy line, no longer in current catalog; still the most common LF machine on US floors — FROM TRAINING DATA, verify on placard",,2026-09-30
Life Fitness,Signature Series (legacy),,Signature Series Leg Extension,selectorized,bilateral,legs,,,,,,inferred,"legacy line, no longer in current catalog; still the most common LF machine on US floors — FROM TRAINING DATA, verify on placard",,2026-09-30
Life Fitness,Signature Series (legacy),,Signature Series Seated Leg Curl,selectorized,bilateral,legs,,,,,,inferred,"legacy line, no longer in current catalog; still the most common LF machine on US floors — FROM TRAINING DATA, verify on placard",,2026-09-30
Life Fitness,Signature Series (legacy),,Signature Series Leg Press,selectorized,bilateral,legs,,,,,,inferred,"legacy line, no longer in current catalog; still the most common LF machine on US floors — FROM TRAINING DATA, verify on placard",,2026-09-30
Life Fitness,Signature Series (legacy),,Signature Series Calf Extension,selectorized,bilateral,legs,,,,,,inferred,"legacy line, no longer in current catalog; still the most common LF machine on US floors — FROM TRAINING DATA, verify on placard",,2026-09-30
Life Fitness,Signature Series (legacy),,Signature Series Hip Abductor/Adductor,selectorized,bilateral,legs,,,,,,inferred,"legacy line, no longer in current catalog; still the most common LF machine on US floors — FROM TRAINING DATA, verify on placard",,2026-09-30
Life Fitness,Signature Series (legacy),,Signature Series Glute,selectorized,bilateral,glutes,,,,,,inferred,"legacy line, no longer in current catalog; still the most common LF machine on US floors — FROM TRAINING DATA, verify on placard",,2026-09-30
Life Fitness,Signature Series (legacy),,Signature Series Abdominal,selectorized,bilateral,core,,,,,,inferred,"legacy line, no longer in current catalog; still the most common LF machine on US floors — FROM TRAINING DATA, verify on placard",,2026-09-30
Life Fitness,Signature Series (legacy),,Signature Series Back Extension,selectorized,bilateral,back,,,,,,inferred,"legacy line, no longer in current catalog; still the most common LF machine on US floors — FROM TRAINING DATA, verify on placard",,2026-09-30
Life Fitness,Signature Series (legacy),,Signature Series Torso Rotation,selectorized,bilateral,core,,,,,,inferred,"legacy line, no longer in current catalog; still the most common LF machine on US floors — FROM TRAINING DATA, verify on placard",,2026-09-30
Life Fitness,Signature Series (legacy),,Signature Series Assist Dip Chin,selectorized,bilateral,full_body,,,,,,inferred,"legacy line, no longer in current catalog; still the most common LF machine on US floors — FROM TRAINING DATA, verify on placard",,2026-09-30
Life Fitness,Signature Series (legacy),,Signature Series Dual Adjustable Pulley,selectorized,n/a,cable,,,,,,inferred,"legacy line, no longer in current catalog; still the most common LF machine on US floors — FROM TRAINING DATA, verify on placard",,2026-09-30
Precor,Discovery Strength Plate Loaded,DPL0802,Discovery Smith Machine,plate_loaded,bilateral,full_body,35,15.9,total,,,manufacturer_page,,https://www.precor.com/en-US/strength/plate-loaded/discovery/all,2026-09-30
Precor,Discovery Strength Plate Loaded,DPL0603,Discovery Hack Squat,plate_loaded,bilateral,legs,,,,,,manufacturer_page,,https://www.precor.com/en-US/strength/plate-loaded/discovery/all,2026-09-30
Precor,Discovery Strength Plate Loaded,DPL0601,Discovery Angled Leg Press,plate_loaded,bilateral,legs,,,,,,manufacturer_page,,https://www.precor.com/en-US/strength/plate-loaded/discovery/all,2026-09-30
Precor,Discovery Strength Plate Loaded,DPL0624,Discovery Squat Machine,plate_loaded,bilateral,legs,,,,,,manufacturer_page,,https://www.precor.com/en-US/strength/plate-loaded/discovery/all,2026-09-30
Precor,Discovery Strength Plate Loaded,DPL0560,Discovery Leg Extension,plate_loaded,independent,legs,,,,,,manufacturer_page,,https://www.precor.com/en-US/strength/plate-loaded/discovery/all,2026-09-30
Precor,Discovery Strength Plate Loaded,DPL0561,Discovery Leg Curl,plate_loaded,independent,legs,11,5,total,,,manufacturer_page,,https://www.precor.com/en-US/strength/plate-loaded/discovery/all,2026-09-30
Precor,Discovery Strength Plate Loaded,DPL0616,Discovery Calf Raise,plate_loaded,bilateral,legs,,,,,,manufacturer_page,,https://www.precor.com/en-US/strength/plate-loaded/discovery/all,2026-09-30
Precor,Discovery Strength Plate Loaded,DPL0550,Discovery Shoulder Press,plate_loaded,independent,shoulders,,,,,,manufacturer_page,,https://www.precor.com/en-US/strength/plate-loaded/discovery/all,2026-09-30
Precor,Discovery Strength Plate Loaded,DPL0540,Discovery Chest Press,plate_loaded,independent,chest,,,,,,manufacturer_page,,https://www.precor.com/en-US/strength/plate-loaded/discovery/all,2026-09-30
Precor,Discovery Strength Plate Loaded,DPL0543,Discovery Decline Chest Press,plate_loaded,independent,chest,,,,,,manufacturer_page,,https://www.precor.com/en-US/strength/plate-loaded/discovery/all,2026-09-30
Precor,Discovery Strength Plate Loaded,DPL0541,Discovery Incline Press,plate_loaded,independent,chest,,,,,,manufacturer_page,,https://www.precor.com/en-US/strength/plate-loaded/discovery/all,2026-09-30
Precor,Discovery Strength Plate Loaded,DPL0520,Discovery Biceps Curl,plate_loaded,bilateral,arms,,,,,,manufacturer_page,,https://www.precor.com/en-US/strength/plate-loaded/discovery/all,2026-09-30
Precor,Discovery Strength Plate Loaded,DPL0521,Discovery Seated Dip,plate_loaded,independent,arms,,,,,,manufacturer_page,,https://www.precor.com/en-US/strength/plate-loaded/discovery/all,2026-09-30
Precor,Discovery Strength Plate Loaded,DPL0305,Discovery Pulldown,plate_loaded,independent,back,,,,,,manufacturer_page,,https://www.precor.com/en-US/strength/plate-loaded/discovery/all,2026-09-30
Precor,Discovery Strength Plate Loaded,DPL0308,Discovery Low Row,plate_loaded,independent,back,,,,,,manufacturer_page,,https://www.precor.com/en-US/strength/plate-loaded/discovery/all,2026-09-30
Precor,Discovery Strength Plate Loaded,DPL0309,Discovery Seated Row,plate_loaded,independent,back,,,,,,manufacturer_page,,https://www.precor.com/en-US/strength/plate-loaded/discovery/all,2026-09-30
Precor,Discovery Strength Plate Loaded,DPL0311,Discovery Incline Lever Row,plate_loaded,bilateral,back,,,,,,manufacturer_page,,https://www.precor.com/en-US/strength/plate-loaded/discovery/all,2026-09-30
Precor,Glutebuilder Plate Loaded,,Glutebuilder line (6 pieces: glute/hip/leg focused),plate_loaded,n/a,glutes,,,,,,line_only,6-piece line; individual models not enumerated in this pass,https://www.precor.com/en-US/strength,2026-09-30
Precor,Vitality Strength Selectorized,VSL025BP,Vitality Biceps Curl / Triceps Extension,selectorized,bilateral,arms,,,,,,manufacturer_page,integrated 5-lb add-on weight on the line,https://www.precor.com/en-US/strength/selectorized/vitality,2026-09-30
Precor,Vitality Strength Selectorized,VSL003BP,Vitality Biceps Curl,selectorized,bilateral,arms,,,,,,manufacturer_page,integrated 5-lb add-on weight on the line,https://www.precor.com/en-US/strength/selectorized/vitality,2026-09-30
Precor,Vitality Strength Selectorized,VSL023BP,Vitality Triceps Extension,selectorized,bilateral,arms,,,,,,manufacturer_page,integrated 5-lb add-on weight on the line,https://www.precor.com/en-US/strength/selectorized/vitality,2026-09-30
Precor,Vitality Strength Selectorized,VSL001BP,Vitality Chest Press,selectorized,bilateral,chest,,,,,,manufacturer_page,integrated 5-lb add-on weight on the line,https://www.precor.com/en-US/strength/selectorized/vitality,2026-09-30
Precor,Vitality Strength Selectorized,VSL012BP,Vitality Shoulder Press,selectorized,bilateral,shoulders,,,,,,manufacturer_page,integrated 5-lb add-on weight on the line,https://www.precor.com/en-US/strength/selectorized/vitality,2026-09-30
Precor,Vitality Strength Selectorized,VSL015BP,Vitality Rear Delt / Pec Fly,selectorized,bilateral,chest,,,,,,manufacturer_page,integrated 5-lb add-on weight on the line,https://www.precor.com/en-US/strength/selectorized/vitality,2026-09-30
Precor,Vitality Strength Selectorized,VSL024BP,Vitality Multi-Press (bench/incline/shoulder),selectorized,bilateral,chest,,,,,,manufacturer_page,integrated 5-lb add-on weight on the line,https://www.precor.com/en-US/strength/selectorized/vitality,2026-09-30
Precor,Vitality Strength Selectorized,VSL026BP,Vitality Pulldown / Seated Row,selectorized,bilateral,back,,,,,,manufacturer_page,integrated 5-lb add-on weight on the line,https://www.precor.com/en-US/strength/selectorized/vitality,2026-09-30
Precor,Vitality Strength Selectorized,VSL002BP,Vitality Pulldown,selectorized,bilateral,back,,,,,,manufacturer_page,integrated 5-lb add-on weight on the line,https://www.precor.com/en-US/strength/selectorized/vitality,2026-09-30
Precor,Vitality Strength Selectorized,VSL019BP,Vitality Seated Row,selectorized,bilateral,back,,,,,,manufacturer_page,integrated 5-lb add-on weight on the line,https://www.precor.com/en-US/strength/selectorized/vitality,2026-09-30
Precor,Vitality Strength Selectorized,VSL028BP,Vitality Abdominal / Back Extension,selectorized,bilateral,core,,,,,,manufacturer_page,integrated 5-lb add-on weight on the line,https://www.precor.com/en-US/strength/selectorized/vitality,2026-09-30
Precor,Vitality Strength Selectorized,VSL014BP,Vitality Abdominal,selectorized,bilateral,core,,,,,,manufacturer_page,integrated 5-lb add-on weight on the line,https://www.precor.com/en-US/strength/selectorized/vitality,2026-09-30
Precor,Vitality Strength Selectorized,VSL011BP,Vitality Back Extension,selectorized,bilateral,back,,,,,,manufacturer_page,integrated 5-lb add-on weight on the line,https://www.precor.com/en-US/strength/selectorized/vitality,2026-09-30
Precor,Vitality Strength Selectorized,VSL027BP,Vitality Leg Curl / Leg Extension,selectorized,bilateral,legs,,,,,,manufacturer_page,integrated 5-lb add-on weight on the line,https://www.precor.com/en-US/strength/selectorized/vitality,2026-09-30
Precor,Vitality Strength Selectorized,VSL005BP,Vitality Leg Extension,selectorized,bilateral,legs,,,,,,manufacturer_page,integrated 5-lb add-on weight on the line,https://www.precor.com/en-US/strength/selectorized/vitality,2026-09-30
Precor,Vitality Strength Selectorized,VSL007BP,Vitality Seated Leg Curl,selectorized,bilateral,legs,,,,,,manufacturer_page,integrated 5-lb add-on weight on the line,https://www.precor.com/en-US/strength/selectorized/vitality,2026-09-30
Precor,Vitality Strength Selectorized,VSL010BP,Vitality Leg Press / Calf Extension,selectorized,bilateral,legs,,,,,,manufacturer_page,integrated 5-lb add-on weight on the line,https://www.precor.com/en-US/strength/selectorized/vitality,2026-09-30
Precor,Vitality Strength Selectorized,VSL008BP,Vitality Inner / Outer Thigh,selectorized,bilateral,legs,,,,,,manufacturer_page,integrated 5-lb add-on weight on the line,https://www.precor.com/en-US/strength/selectorized/vitality,2026-09-30
Precor,Resolute Strength Selectorized,RSL0204,Resolute Biceps Curl,selectorized,bilateral,arms,,,,,,manufacturer_page,,https://www.precor.com/strength/selectorized/resolute,2026-09-30
Precor,Resolute Strength Selectorized,RSL0208,Resolute Triceps Extension,selectorized,bilateral,arms,,,,,,manufacturer_page,,https://www.precor.com/strength/selectorized/resolute,2026-09-30
Precor,Resolute Strength Selectorized,RSL0215,Resolute Seated Dip,selectorized,bilateral,arms,,,,,,manufacturer_page,,https://www.precor.com/strength/selectorized/resolute,2026-09-30
Precor,Resolute Strength Selectorized,RSL0310,Resolute Diverging Seated Row,selectorized,independent,back,,,,,,manufacturer_page,,https://www.precor.com/strength/selectorized/resolute,2026-09-30
Precor,Resolute Strength Selectorized,RSL0314,Resolute Diverging Lat Pulldown,selectorized,independent,back,,,,,,manufacturer_page,,https://www.precor.com/strength/selectorized/resolute,2026-09-30
Precor,Resolute Strength Selectorized,RSL0324,Resolute Diverging Low Row,selectorized,independent,back,,,,,,manufacturer_page,,https://www.precor.com/strength/selectorized/resolute,2026-09-30
Precor,Resolute Strength Selectorized,RSL0414,Resolute Converging Chest Press,selectorized,independent,chest,,,,240,240 lb (109 kg),manufacturer_page,,https://www.precor.com/strength/selectorized/resolute,2026-09-30
Precor,Resolute Strength Selectorized,RSL0504,Resolute Lateral Raise,selectorized,bilateral,shoulders,,,,,,manufacturer_page,,https://www.precor.com/strength/selectorized/resolute,2026-09-30
Precor,Resolute Strength Selectorized,RSL0505,Resolute Rear Delt / Pec Fly,selectorized,independent,chest,,,,,,manufacturer_page,,https://www.precor.com/strength/selectorized/resolute,2026-09-30
Precor,Resolute Strength Selectorized,RSL0515,Resolute Converging Shoulder Press,selectorized,independent,shoulders,,,,,,manufacturer_page,,https://www.precor.com/strength/selectorized/resolute,2026-09-30
Precor,Resolute Strength Selectorized,RSL0605,Resolute Leg Extension,selectorized,bilateral,legs,,,,,,manufacturer_page,,https://www.precor.com/strength/selectorized/resolute,2026-09-30
Precor,Resolute Strength Selectorized,,Resolute Seated Leg Curl,selectorized,bilateral,legs,,,,,,inferred,name from training data to fill the 21-piece line; code unknown — verify,,2026-09-30
Precor,Resolute Strength Selectorized,,Resolute Prone Leg Curl,selectorized,bilateral,legs,,,,,,inferred,name from training data to fill the 21-piece line; code unknown — verify,,2026-09-30
Precor,Resolute Strength Selectorized,,Resolute Leg Press,selectorized,bilateral,legs,,,,,,inferred,name from training data to fill the 21-piece line; code unknown — verify,,2026-09-30
Precor,Resolute Strength Selectorized,,Resolute Calf Extension,selectorized,bilateral,legs,,,,,,inferred,name from training data to fill the 21-piece line; code unknown — verify,,2026-09-30
Precor,Resolute Strength Selectorized,,Resolute Glute Extension,selectorized,bilateral,glutes,,,,,,inferred,name from training data to fill the 21-piece line; code unknown — verify,,2026-09-30
Precor,Resolute Strength Selectorized,,Resolute Inner / Outer Thigh,selectorized,bilateral,legs,,,,,,inferred,name from training data to fill the 21-piece line; code unknown — verify,,2026-09-30
Precor,Resolute Strength Selectorized,,Resolute Abdominal,selectorized,bilateral,core,,,,,,inferred,name from training data to fill the 21-piece line; code unknown — verify,,2026-09-30
Precor,Resolute Strength Selectorized,,Resolute Back Extension,selectorized,bilateral,back,,,,,,inferred,name from training data to fill the 21-piece line; code unknown — verify,,2026-09-30
Precor,Resolute Strength Selectorized,,Resolute Rotary Torso,selectorized,bilateral,core,,,,,,inferred,name from training data to fill the 21-piece line; code unknown — verify,,2026-09-30
Precor,Resolute Strength Selectorized,,Resolute Assisted Chin / Dip,selectorized,bilateral,full_body,,,,,,inferred,name from training data to fill the 21-piece line; code unknown — verify,,2026-09-30
Precor,Discovery Selectorized (legacy),PD-CP,Discovery Selectorized Chest Press,selectorized,bilateral,chest,,,,,,reseller_or_manual,"legacy line, still sold refurbished; partial",https://muscledfit.com/collections/precor-discovery-series-selectorized,2026-09-30
Precor,Discovery Selectorized (legacy),PD-SP,Discovery Selectorized Shoulder Press,selectorized,bilateral,shoulders,,,,,,reseller_or_manual,"legacy line, still sold refurbished; partial",https://muscledfit.com/collections/precor-discovery-series-selectorized,2026-09-30
Precor,Discovery Selectorized (legacy),PD-PDRD,Discovery Selectorized Pec Fly / Rear Delt,selectorized,bilateral,chest,,,,,,reseller_or_manual,"legacy line, still sold refurbished; partial",https://muscledfit.com/collections/precor-discovery-series-selectorized,2026-09-30
Precor,Discovery Selectorized (legacy),PD-LR,Discovery Selectorized Lateral Raise,selectorized,bilateral,shoulders,,,,,,reseller_or_manual,"legacy line, still sold refurbished; partial",https://muscledfit.com/collections/precor-discovery-series-selectorized,2026-09-30
Precor,Discovery Selectorized (legacy),PD-SR,Discovery Selectorized Seated Row,selectorized,bilateral,back,,,,,,reseller_or_manual,"legacy line, still sold refurbished; partial",https://muscledfit.com/collections/precor-discovery-series-selectorized,2026-09-30
Precor,Discovery Selectorized (legacy),PD-BC,Discovery Selectorized Biceps Curl,selectorized,bilateral,arms,,,,,,reseller_or_manual,"legacy line, still sold refurbished; partial",https://muscledfit.com/collections/precor-discovery-series-selectorized,2026-09-30
Precor,Discovery Selectorized (legacy),PD-TE,Discovery Selectorized Triceps Extension,selectorized,bilateral,arms,,,,,,reseller_or_manual,"legacy line, still sold refurbished; partial",https://muscledfit.com/collections/precor-discovery-series-selectorized,2026-09-30
Precor,Discovery Selectorized (legacy),PD-OT,Discovery Selectorized Outer Thigh,selectorized,bilateral,glutes,,,,,,reseller_or_manual,"legacy line, still sold refurbished; partial",https://muscledfit.com/collections/precor-discovery-series-selectorized,2026-09-30
Precor,Discovery Selectorized (legacy),PD-IT,Discovery Selectorized Inner Thigh,selectorized,bilateral,legs,,,,,,reseller_or_manual,"legacy line, still sold refurbished; partial",https://muscledfit.com/collections/precor-discovery-series-selectorized,2026-09-30
Nautilus,Inspiration Series,IPVP5,Inspiration Chest Press,selectorized,bilateral,chest,,,,,,manufacturer_page,"Lock N Load switch stack, 5 lb increments",https://www.corehandf.com/products/nautilus-inspiration-leg-press,2026-09-30
Nautilus,Inspiration Series,IPSP5,Inspiration Shoulder Press,selectorized,bilateral,shoulders,,,,,,manufacturer_page,"Lock N Load switch stack, 5 lb increments",https://www.corehandf.com/products/nautilus-inspiration-leg-press,2026-09-30
Nautilus,Inspiration Series,IPPD5,Inspiration Lat Pull Down,selectorized,bilateral,back,,,,,,manufacturer_page,"Lock N Load switch stack, 5 lb increments",https://www.corehandf.com/products/nautilus-inspiration-leg-press,2026-09-30
Nautilus,Inspiration Series,IPVR5,Inspiration Vertical Row,selectorized,bilateral,back,,,,,,manufacturer_page,"Lock N Load switch stack, 5 lb increments",https://www.corehandf.com/products/nautilus-inspiration-leg-press,2026-09-30
Nautilus,Inspiration Series,IPBA5,Inspiration Bilateral Arm Curl,selectorized,bilateral,arms,,,,,,manufacturer_page,"Lock N Load switch stack, 5 lb increments",https://www.corehandf.com/products/nautilus-inspiration-leg-press,2026-09-30
Nautilus,Inspiration Series,IPAC5,Inspiration Abdominal Crunch,selectorized,bilateral,core,,,,,,manufacturer_page,"Lock N Load switch stack, 5 lb increments",https://www.corehandf.com/products/nautilus-inspiration-leg-press,2026-09-30
Nautilus,Inspiration Series,IPLP5,Inspiration Leg Press,selectorized,bilateral,legs,,,,400,400 lb (181 kg),manufacturer_page,"Lock N Load switch stack, 5 lb increments",https://www.corehandf.com/products/nautilus-inspiration-leg-press,2026-09-30
Nautilus,Inspiration Series,IPLE5,Inspiration Leg Extension,selectorized,bilateral,legs,,,,240,240 lb (109 kg),manufacturer_page,"Lock N Load switch stack, 5 lb increments",https://www.corehandf.com/products/nautilus-inspiration-leg-press,2026-09-30
Nautilus,Inspiration Series,IPAA5,Inspiration Abduction / Adduction,selectorized,bilateral,legs,,,,200,200 lb (91 kg),manufacturer_page,"Lock N Load switch stack, 5 lb increments",https://www.corehandf.com/products/nautilus-inspiration-leg-press,2026-09-30
Nautilus,Inspiration Series,IPLC5,Inspiration Seated Leg Curl,selectorized,bilateral,legs,,,,,,inferred,name from training data to fill the 20-machine line; code pattern inferred — verify,,2026-09-30
Nautilus,Inspiration Series,IPPF5,Inspiration Pec Fly / Rear Delt,selectorized,bilateral,chest,,,,,,inferred,name from training data to fill the 20-machine line; code pattern inferred — verify,,2026-09-30
Nautilus,Inspiration Series,IPLR5,Inspiration Lateral Raise,selectorized,bilateral,shoulders,,,,,,inferred,name from training data to fill the 20-machine line; code pattern inferred — verify,,2026-09-30
Nautilus,Inspiration Series,IPPO5,Inspiration Pullover,selectorized,bilateral,back,,,,,,inferred,name from training data to fill the 20-machine line; code pattern inferred — verify,,2026-09-30
Nautilus,Inspiration Series,IPTD5,Inspiration Tricep Dip,selectorized,bilateral,arms,,,,,,inferred,name from training data to fill the 20-machine line; code pattern inferred — verify,,2026-09-30
Nautilus,Inspiration Series,IPTE5,Inspiration Triceps Extension,selectorized,bilateral,arms,,,,,,inferred,name from training data to fill the 20-machine line; code pattern inferred — verify,,2026-09-30
Nautilus,Inspiration Series,IPLB5,Inspiration Lower Back,selectorized,bilateral,back,,,,,,inferred,name from training data to fill the 20-machine line; code pattern inferred — verify,,2026-09-30
Nautilus,Inspiration Series,IPRT5,Inspiration Rotary Torso,selectorized,bilateral,core,,,,,,inferred,name from training data to fill the 20-machine line; code pattern inferred — verify,,2026-09-30
Nautilus,Inspiration Series,IPGL5,Inspiration Glute Press,selectorized,bilateral,glutes,,,,,,inferred,name from training data to fill the 20-machine line; code pattern inferred — verify,,2026-09-30
Nautilus,Inspiration Series,IPCA5,Inspiration Calf,selectorized,bilateral,legs,,,,,,inferred,name from training data to fill the 20-machine line; code pattern inferred — verify,,2026-09-30
Nautilus,Inspiration Series,IPDAP5,Inspiration Dual Adjustable Pulley,selectorized,bilateral,cable,,,,,,inferred,name from training data to fill the 20-machine line; code pattern inferred — verify,,2026-09-30
Nautilus,Impact Series,,Impact Chest Press,selectorized,bilateral,chest,,,,,,reseller_or_manual,premium/athletic line; partial (names seen at resellers),https://akfit.com/collections/nautilus-commercial-strength,2026-09-30
Nautilus,Impact Series,,Impact Shoulder Press,selectorized,bilateral,shoulders,,,,,,reseller_or_manual,premium/athletic line; partial (names seen at resellers),https://akfit.com/collections/nautilus-commercial-strength,2026-09-30
Nautilus,Impact Series,,Impact Deltoid Fly,selectorized,bilateral,shoulders,,,,,,reseller_or_manual,premium/athletic line; partial (names seen at resellers),https://akfit.com/collections/nautilus-commercial-strength,2026-09-30
Nautilus,Impact Series,,Impact Lat Pull Down,selectorized,bilateral,back,,,,,,reseller_or_manual,premium/athletic line; partial (names seen at resellers),https://akfit.com/collections/nautilus-commercial-strength,2026-09-30
Nautilus,Impact Series,,Impact Low Row,selectorized,bilateral,back,,,,,,reseller_or_manual,premium/athletic line; partial (names seen at resellers),https://akfit.com/collections/nautilus-commercial-strength,2026-09-30
Nautilus,Impact Series,,Impact Low Back Machine,selectorized,bilateral,back,,,,,,reseller_or_manual,premium/athletic line; partial (names seen at resellers),https://akfit.com/collections/nautilus-commercial-strength,2026-09-30
Nautilus,Impact Series,,Impact Leg Press,selectorized,bilateral,legs,,,,,,reseller_or_manual,premium/athletic line; partial (names seen at resellers),https://akfit.com/collections/nautilus-commercial-strength,2026-09-30
Nautilus,Impact Series,,Impact Leg Extension,selectorized,bilateral,legs,,,,,,reseller_or_manual,premium/athletic line; partial (names seen at resellers),https://akfit.com/collections/nautilus-commercial-strength,2026-09-30
Nautilus,Impact Series,,Impact Leg Curl,selectorized,bilateral,legs,,,,,,reseller_or_manual,premium/athletic line; partial (names seen at resellers),https://akfit.com/collections/nautilus-commercial-strength,2026-09-30
Nautilus,Impact Series,,Impact Abdominal,selectorized,bilateral,core,,,,,,reseller_or_manual,premium/athletic line; partial (names seen at resellers),https://akfit.com/collections/nautilus-commercial-strength,2026-09-30
Nautilus,Instinct Series,9NL-D2002,Instinct Dual Adjustable Pulley,selectorized,n/a,cable,,,,200,2 x 200 lb,reseller_or_manual,compact/entry commercial line; partial,https://www.fitnesssuperstore.com/collections/nautilus-strength-equipment,2026-09-30
Nautilus,Instinct Series,,Instinct Vertical Row,selectorized,bilateral,back,,,,,,reseller_or_manual,compact/entry commercial line; partial,https://www.fitnesssuperstore.com/collections/nautilus-strength-equipment,2026-09-30
Nautilus,Instinct Series,,Instinct Biceps Curl,selectorized,bilateral,arms,,,,,,reseller_or_manual,compact/entry commercial line; partial,https://www.fitnesssuperstore.com/collections/nautilus-strength-equipment,2026-09-30
Nautilus,Instinct Series,,Instinct Dual Multi-Press,selectorized,bilateral,chest,,,,,,reseller_or_manual,compact/entry commercial line; partial,https://www.fitnesssuperstore.com/collections/nautilus-strength-equipment,2026-09-30
Nautilus,Instinct Series,,Instinct Dual Abdominal / Lower Back,selectorized,bilateral,core,,,,,,reseller_or_manual,compact/entry commercial line; partial,https://www.fitnesssuperstore.com/collections/nautilus-strength-equipment,2026-09-30
Nautilus,Instinct Series,,Instinct 3-Stack Multi-Station,selectorized,n/a,cable,,,,,,reseller_or_manual,compact/entry commercial line; partial,https://www.fitnesssuperstore.com/collections/nautilus-strength-equipment,2026-09-30
Nautilus,Leverage (plate loaded),9NP-L2002,Leverage Chest Press,plate_loaded,independent,chest,,,,,,reseller_or_manual,,https://www.fitnesssuperstore.com/collections/nautilus-strength-equipment,2026-09-30
Nautilus,Leverage (plate loaded),9NP-L2003,Leverage Incline Press,plate_loaded,independent,chest,,,,,,reseller_or_manual,,https://www.fitnesssuperstore.com/collections/nautilus-strength-equipment,2026-09-30
Nautilus,Leverage (plate loaded),,Leverage Shoulder Press,plate_loaded,independent,shoulders,,,,,,inferred,name from training data; code unknown — verify,,2026-09-30
Nautilus,Leverage (plate loaded),,Leverage Row,plate_loaded,independent,back,,,,,,inferred,name from training data; code unknown — verify,,2026-09-30
Nautilus,Leverage (plate loaded),,Leverage Lat Pulldown,plate_loaded,bilateral,back,,,,,,inferred,name from training data; code unknown — verify,,2026-09-30
Nautilus,Leverage (plate loaded),,Leverage Squat,plate_loaded,bilateral,legs,,,,,,inferred,name from training data; code unknown — verify,,2026-09-30
Nautilus,Leverage (plate loaded),,Leverage Leg Press,plate_loaded,independent,legs,,,,,,inferred,name from training data; code unknown — verify,,2026-09-30
Matrix,Magnum Plate Loaded,MG-PL12,Magnum Vertical Bench Press,plate_loaded,independent,chest,,,,,,manufacturer_page,,https://us.matrixfitness.com/eng/strength/catalog?modalities=plate-loaded,2026-09-30
Matrix,Magnum Plate Loaded,MG-PL13,Magnum Supine Bench Press,plate_loaded,independent,chest,,,,,,manufacturer_page,,https://us.matrixfitness.com/eng/strength/catalog?modalities=plate-loaded,2026-09-30
Matrix,Magnum Plate Loaded,MG-PL14,Magnum Incline Bench Press,plate_loaded,independent,chest,,,,,,manufacturer_page,,https://us.matrixfitness.com/eng/strength/catalog?modalities=plate-loaded,2026-09-30
Matrix,Magnum Plate Loaded,MG-PL15,Magnum Vertical Decline Bench Press,plate_loaded,independent,chest,,,,,,manufacturer_page,,https://us.matrixfitness.com/eng/strength/catalog?modalities=plate-loaded,2026-09-30
Matrix,Magnum Plate Loaded,MG-PL21,Magnum Seated Lateral Raise,plate_loaded,bilateral,shoulders,,,,,,manufacturer_page,,https://us.matrixfitness.com/eng/strength/catalog?modalities=plate-loaded,2026-09-30
Matrix,Magnum Plate Loaded,MG-PL22,Magnum Decline Pec Fly,plate_loaded,bilateral,chest,,,,,,manufacturer_page,,https://us.matrixfitness.com/eng/strength/catalog?modalities=plate-loaded,2026-09-30
Matrix,Magnum Plate Loaded,MG-PL23,Magnum Shoulder Press,plate_loaded,independent,shoulders,,,,,,manufacturer_page,,https://us.matrixfitness.com/eng/strength/catalog?modalities=plate-loaded,2026-09-30
Matrix,Magnum Plate Loaded,MG-PL33,Magnum Lat Pulldown,plate_loaded,independent,back,,,,,,manufacturer_page,,https://us.matrixfitness.com/eng/strength/catalog?modalities=plate-loaded,2026-09-30
Matrix,Magnum Plate Loaded,MG-PL34,Magnum Seated Row,plate_loaded,independent,back,,,,,,manufacturer_page,,https://us.matrixfitness.com/eng/strength/catalog?modalities=plate-loaded,2026-09-30
Matrix,Magnum Plate Loaded,MG-PL35,Magnum T-bar Row,plate_loaded,bilateral,back,,,,,,manufacturer_page,,https://us.matrixfitness.com/eng/strength/catalog?modalities=plate-loaded,2026-09-30
Matrix,Magnum Plate Loaded,MG-PL36,Magnum Incline Lever Row,plate_loaded,bilateral,back,,,,,,manufacturer_page,,https://us.matrixfitness.com/eng/strength/catalog?modalities=plate-loaded,2026-09-30
Matrix,Magnum Plate Loaded,MG-PL37,Magnum High Row,plate_loaded,independent,back,,,,,,manufacturer_page,,https://us.matrixfitness.com/eng/strength/catalog?modalities=plate-loaded,2026-09-30
Matrix,Magnum Plate Loaded,MG-PL38,Magnum Low Row,plate_loaded,independent,back,,,,,,manufacturer_page,,https://us.matrixfitness.com/eng/strength/catalog?modalities=plate-loaded,2026-09-30
Matrix,Magnum Plate Loaded,MG-PL41,Magnum Elevated Biceps Curl,plate_loaded,bilateral,arms,,,,,,manufacturer_page,,https://us.matrixfitness.com/eng/strength/catalog?modalities=plate-loaded,2026-09-30
Matrix,Magnum Plate Loaded,MG-PL50,Magnum Ab Crunch Bench,plate_loaded,bilateral,core,,,,,,manufacturer_page,,https://us.matrixfitness.com/eng/strength/catalog?modalities=plate-loaded,2026-09-30
Matrix,Magnum Plate Loaded,MG-PL62,Magnum Smith Machine,plate_loaded,bilateral,full_body,,,,,,manufacturer_page,,https://us.matrixfitness.com/eng/strength/catalog?modalities=plate-loaded,2026-09-30
Matrix,Magnum Plate Loaded,MG-PL70,Magnum 45-degree Leg Press,plate_loaded,bilateral,legs,,,,,,manufacturer_page,,https://us.matrixfitness.com/eng/strength/catalog?modalities=plate-loaded,2026-09-30
Matrix,Magnum Plate Loaded,MG-PL71,Magnum Hack Squat,plate_loaded,bilateral,legs,,,,,,manufacturer_page,,https://us.matrixfitness.com/eng/strength/catalog?modalities=plate-loaded,2026-09-30
Matrix,Magnum Plate Loaded,MG-PL72,Magnum Kneeling Leg Curl,plate_loaded,bilateral,legs,,,,,,manufacturer_page,,https://us.matrixfitness.com/eng/strength/catalog?modalities=plate-loaded,2026-09-30
Matrix,Magnum Plate Loaded,MG-PL73,Magnum Reclining Leg Extension,plate_loaded,bilateral,legs,,,,,,manufacturer_page,,https://us.matrixfitness.com/eng/strength/catalog?modalities=plate-loaded,2026-09-30
Matrix,Magnum Plate Loaded,MG-PL75,Magnum Standing Hip Abductor,plate_loaded,bilateral,glutes,,,,,,manufacturer_page,,https://us.matrixfitness.com/eng/strength/catalog?modalities=plate-loaded,2026-09-30
Matrix,Magnum Plate Loaded,MG-PL76,Magnum Standing Calf,plate_loaded,bilateral,legs,,,,,,manufacturer_page,,https://us.matrixfitness.com/eng/strength/catalog?modalities=plate-loaded,2026-09-30
Matrix,Magnum Plate Loaded,MG-PL77,Magnum Seated Calf,plate_loaded,bilateral,legs,,,,,,manufacturer_page,,https://us.matrixfitness.com/eng/strength/catalog?modalities=plate-loaded,2026-09-30
Matrix,Magnum Plate Loaded,MG-PL78,Magnum Glute Trainer,plate_loaded,bilateral,glutes,,,,,,manufacturer_page,,https://us.matrixfitness.com/eng/strength/catalog?modalities=plate-loaded,2026-09-30
Matrix,Ultra Series (G7),G7-S13,Ultra Converging Chest Press,selectorized,independent,chest,,,,240,240 lb (108 kg); 10 lb plates; max training weight 247.5 lb,reseller_or_manual,'B' suffix = Ultra Base variant; 'BH' = heavy stack,https://www.jhta.com.au/wp-content/uploads/2021/03/G7-S13-Owners-Manual.pdf,2026-09-30
Matrix,Ultra Series (G7),G7-S23,Ultra Converging Shoulder Press,selectorized,independent,shoulders,,,,,,reseller_or_manual,'B' suffix = Ultra Base variant; 'BH' = heavy stack,https://www.jhta.com.au/wp-content/uploads/2021/03/G7-S13-Owners-Manual.pdf,2026-09-30
Matrix,Ultra Series (G7),G7-S22,Ultra Pec Fly / Rear Delt,selectorized,bilateral,chest,,,,,,reseller_or_manual,'B' suffix = Ultra Base variant; 'BH' = heavy stack,https://www.jhta.com.au/wp-content/uploads/2021/03/G7-S13-Owners-Manual.pdf,2026-09-30
Matrix,Ultra Series (G7),G7-S21,Ultra Lateral Raise,selectorized,bilateral,shoulders,,,,,,reseller_or_manual,'B' suffix = Ultra Base variant; 'BH' = heavy stack,https://www.jhta.com.au/wp-content/uploads/2021/03/G7-S13-Owners-Manual.pdf,2026-09-30
Matrix,Ultra Series (G7),G7-S33,Ultra Diverging Lat Pulldown,selectorized,independent,back,,,,,,reseller_or_manual,'B' suffix = Ultra Base variant; 'BH' = heavy stack,https://www.jhta.com.au/wp-content/uploads/2021/03/G7-S13-Owners-Manual.pdf,2026-09-30
Matrix,Ultra Series (G7),G7-S34,Ultra Diverging Seated Row,selectorized,independent,back,,,,,,reseller_or_manual,'B' suffix = Ultra Base variant; 'BH' = heavy stack,https://www.jhta.com.au/wp-content/uploads/2021/03/G7-S13-Owners-Manual.pdf,2026-09-30
Matrix,Ultra Series (G7),G7-S40,Ultra Independent Biceps Curl,selectorized,independent,arms,,,,,,reseller_or_manual,'B' suffix = Ultra Base variant; 'BH' = heavy stack,https://www.jhta.com.au/wp-content/uploads/2021/03/G7-S13-Owners-Manual.pdf,2026-09-30
Matrix,Ultra Series (G7),G7-S42,Ultra Triceps Press,selectorized,bilateral,arms,,,,,,reseller_or_manual,'B' suffix = Ultra Base variant; 'BH' = heavy stack,https://www.jhta.com.au/wp-content/uploads/2021/03/G7-S13-Owners-Manual.pdf,2026-09-30
Matrix,Ultra Series (G7),G7-S51,Ultra Abdominal Crunch,selectorized,bilateral,core,,,,,,reseller_or_manual,'B' suffix = Ultra Base variant; 'BH' = heavy stack,https://www.jhta.com.au/wp-content/uploads/2021/03/G7-S13-Owners-Manual.pdf,2026-09-30
Matrix,Ultra Series (G7),G7-S52,Ultra Back Extension,selectorized,bilateral,back,,,,,,reseller_or_manual,'B' suffix = Ultra Base variant; 'BH' = heavy stack,https://www.jhta.com.au/wp-content/uploads/2021/03/G7-S13-Owners-Manual.pdf,2026-09-30
Matrix,Ultra Series (G7),G7-S55,Ultra Rotary Torso,selectorized,bilateral,core,,,,,,reseller_or_manual,'B' suffix = Ultra Base variant; 'BH' = heavy stack,https://www.jhta.com.au/wp-content/uploads/2021/03/G7-S13-Owners-Manual.pdf,2026-09-30
Matrix,Ultra Series (G7),G7-S70,Ultra Leg Press,selectorized,bilateral,legs,,,,400,400 lb (180 kg),reseller_or_manual,'B' suffix = Ultra Base variant; 'BH' = heavy stack,https://www.jhta.com.au/wp-content/uploads/2021/03/G7-S13-Owners-Manual.pdf,2026-09-30
Matrix,Ultra Series (G7),G7-S71,Ultra Leg Extension,selectorized,bilateral,legs,,,,,,reseller_or_manual,'B' suffix = Ultra Base variant; 'BH' = heavy stack,https://www.jhta.com.au/wp-content/uploads/2021/03/G7-S13-Owners-Manual.pdf,2026-09-30
Matrix,Ultra Series (G7),G7-S72,Ultra Seated Leg Curl,selectorized,bilateral,legs,,,,,,reseller_or_manual,'B' suffix = Ultra Base variant; 'BH' = heavy stack,https://www.jhta.com.au/wp-content/uploads/2021/03/G7-S13-Owners-Manual.pdf,2026-09-30
Matrix,Ultra Series (G7),G7-S73,Ultra Prone Leg Curl,selectorized,bilateral,legs,,,,,,reseller_or_manual,'B' suffix = Ultra Base variant; 'BH' = heavy stack,https://www.jhta.com.au/wp-content/uploads/2021/03/G7-S13-Owners-Manual.pdf,2026-09-30
Matrix,Ultra Series (G7),G7-S74,Ultra Hip Adductor,selectorized,bilateral,legs,,,,,,reseller_or_manual,'B' suffix = Ultra Base variant; 'BH' = heavy stack,https://www.jhta.com.au/wp-content/uploads/2021/03/G7-S13-Owners-Manual.pdf,2026-09-30
Matrix,Ultra Series (G7),G7-S75,Ultra Hip Abductor,selectorized,bilateral,glutes,,,,,,reseller_or_manual,'B' suffix = Ultra Base variant; 'BH' = heavy stack,https://www.jhta.com.au/wp-content/uploads/2021/03/G7-S13-Owners-Manual.pdf,2026-09-30
Matrix,Ultra Series (G7),G7-S77,Ultra Calf Extension,selectorized,bilateral,legs,,,,,,reseller_or_manual,'B' suffix = Ultra Base variant; 'BH' = heavy stack,https://www.jhta.com.au/wp-content/uploads/2021/03/G7-S13-Owners-Manual.pdf,2026-09-30
Matrix,Ultra Series (G7),G7-S78,Ultra Glute,selectorized,bilateral,glutes,,,,,,reseller_or_manual,'B' suffix = Ultra Base variant; 'BH' = heavy stack,https://www.jhta.com.au/wp-content/uploads/2021/03/G7-S13-Owners-Manual.pdf,2026-09-30
Matrix,Ultra Series (G7),G7-S79,Ultra (unlisted model in manual index),selectorized,n/a,,,,,,,reseller_or_manual,'B' suffix = Ultra Base variant; 'BH' = heavy stack,https://www.jhta.com.au/wp-content/uploads/2021/03/G7-S13-Owners-Manual.pdf,2026-09-30
Matrix,Versa Series (VS),VS-S13,Versa Converging Chest Press,selectorized,independent,chest,,,,160,light 160 lb / heavy 230 lb stacks (VS-S23 spec); 10 lb increments,reseller_or_manual,,https://pdf.archiexpo.com/pdf/matrix/versa/141371-240108.html,2026-09-30
Matrix,Versa Series (VS),VS-S23,Versa Converging Shoulder Press,selectorized,independent,shoulders,,,,160,light 160 lb / heavy 230 lb stacks (VS-S23 spec); 10 lb increments,reseller_or_manual,,https://pdf.archiexpo.com/pdf/matrix/versa/141371-240108.html,2026-09-30
Matrix,Versa Series (VS),VS-S22,Versa Rear Delt / Pec Fly,selectorized,bilateral,chest,,,,160,light 160 lb / heavy 230 lb stacks (VS-S23 spec); 10 lb increments,reseller_or_manual,,https://pdf.archiexpo.com/pdf/matrix/versa/141371-240108.html,2026-09-30
Matrix,Versa Series (VS),VS-S40,Versa Biceps Curl,selectorized,bilateral,arms,,,,160,light 160 lb / heavy 230 lb stacks (VS-S23 spec); 10 lb increments,reseller_or_manual,,https://pdf.archiexpo.com/pdf/matrix/versa/141371-240108.html,2026-09-30
Matrix,Versa Series (VS),VS-S52,Versa Back Extension,selectorized,bilateral,back,,,,160,light 160 lb / heavy 230 lb stacks (VS-S23 spec); 10 lb increments,reseller_or_manual,,https://pdf.archiexpo.com/pdf/matrix/versa/141371-240108.html,2026-09-30
Matrix,Versa Series (VS),VS-S53,Versa Abdominal,selectorized,bilateral,core,,,,160,light 160 lb / heavy 230 lb stacks (VS-S23 spec); 10 lb increments,reseller_or_manual,,https://pdf.archiexpo.com/pdf/matrix/versa/141371-240108.html,2026-09-30
Matrix,Versa Series (VS),VS-S72,Versa Seated Leg Curl,selectorized,bilateral,legs,,,,160,light 160 lb / heavy 230 lb stacks (VS-S23 spec); 10 lb increments,reseller_or_manual,,https://pdf.archiexpo.com/pdf/matrix/versa/141371-240108.html,2026-09-30
Matrix,Versa Series (VS),VS-S33,Versa Diverging Lat Pulldown,selectorized,independent,back,,,,,,inferred,code inferred from Matrix's cross-line suffix convention (Sxx = movement); verify,,2026-09-30
Matrix,Versa Series (VS),VS-S34,Versa Diverging Seated Row,selectorized,independent,back,,,,,,inferred,code inferred from Matrix's cross-line suffix convention (Sxx = movement); verify,,2026-09-30
Matrix,Versa Series (VS),VS-S42,Versa Triceps Press / Seated Dip,selectorized,bilateral,arms,,,,,,inferred,code inferred from Matrix's cross-line suffix convention (Sxx = movement); verify,,2026-09-30
Matrix,Versa Series (VS),VS-S70,Versa Leg Press,selectorized,bilateral,legs,,,,,,inferred,code inferred from Matrix's cross-line suffix convention (Sxx = movement); verify,,2026-09-30
Matrix,Versa Series (VS),VS-S71,Versa Leg Extension,selectorized,bilateral,legs,,,,,,inferred,code inferred from Matrix's cross-line suffix convention (Sxx = movement); verify,,2026-09-30
Matrix,Versa Series (VS),VS-S73,Versa Prone Leg Curl,selectorized,bilateral,legs,,,,,,inferred,code inferred from Matrix's cross-line suffix convention (Sxx = movement); verify,,2026-09-30
Matrix,Versa Series (VS),VS-S74,Versa Hip Adductor,selectorized,bilateral,legs,,,,,,inferred,code inferred from Matrix's cross-line suffix convention (Sxx = movement); verify,,2026-09-30
Matrix,Versa Series (VS),VS-S75,Versa Hip Abductor,selectorized,bilateral,glutes,,,,,,inferred,code inferred from Matrix's cross-line suffix convention (Sxx = movement); verify,,2026-09-30
Matrix,Versa Series (VS),VS-S77,Versa Calf,selectorized,bilateral,legs,,,,,,inferred,code inferred from Matrix's cross-line suffix convention (Sxx = movement); verify,,2026-09-30
Matrix,Versa Series (VS),VS-S21,Versa Lateral Raise,selectorized,bilateral,shoulders,,,,,,inferred,code inferred from Matrix's cross-line suffix convention (Sxx = movement); verify,,2026-09-30
Matrix,Aura Series (G3; G2/MX earlier gens share suffixes),G3-S10,Aura Chest Press,selectorized,bilateral,chest,,,,,,reseller_or_manual,,https://www.fitnessrepairparts.com/cart/ViewItem/43001433,2026-09-30
Matrix,Aura Series (G3; G2/MX earlier gens share suffixes),G3-S12,Aura Pec Fly,selectorized,bilateral,chest,,,,,,reseller_or_manual,,https://www.fitnessrepairparts.com/cart/ViewItem/43001433,2026-09-30
Matrix,Aura Series (G3; G2/MX earlier gens share suffixes),G3-S13,Aura Converging Chest Press,selectorized,independent,chest,,,,,,reseller_or_manual,,https://www.fitnessrepairparts.com/cart/ViewItem/43001433,2026-09-30
Matrix,Aura Series (G3; G2/MX earlier gens share suffixes),G3-S22,Aura Rear Delt / Fly,selectorized,bilateral,shoulders,,,,,,reseller_or_manual,,https://www.fitnessrepairparts.com/cart/ViewItem/43001433,2026-09-30
Matrix,Aura Series (G3; G2/MX earlier gens share suffixes),G3-S23,Aura Converging Shoulder Press,selectorized,independent,shoulders,,,,,,reseller_or_manual,,https://www.fitnessrepairparts.com/cart/ViewItem/43001433,2026-09-30
Matrix,Aura Series (G3; G2/MX earlier gens share suffixes),G3-S30,Aura Lat Pull,selectorized,bilateral,back,,,,,,reseller_or_manual,,https://www.fitnessrepairparts.com/cart/ViewItem/43001433,2026-09-30
Matrix,Aura Series (G3; G2/MX earlier gens share suffixes),G3-S31,Aura Seated Row,selectorized,bilateral,back,,,,,,reseller_or_manual,,https://www.fitnessrepairparts.com/cart/ViewItem/43001433,2026-09-30
Matrix,Aura Series (G3; G2/MX earlier gens share suffixes),G3-S33,Aura Diverging Lat Pull,selectorized,independent,back,,,,,,reseller_or_manual,,https://www.fitnessrepairparts.com/cart/ViewItem/43001433,2026-09-30
Matrix,Aura Series (G3; G2/MX earlier gens share suffixes),G3-S34,Aura Diverging Seated Row,selectorized,independent,back,,,,,,reseller_or_manual,,https://www.fitnessrepairparts.com/cart/ViewItem/43001433,2026-09-30
Matrix,Aura Series (G3; G2/MX earlier gens share suffixes),G3-S55,Aura Rotary Torso,selectorized,bilateral,core,,,,,,reseller_or_manual,,https://www.fitnessrepairparts.com/cart/ViewItem/43001433,2026-09-30
Matrix,Aura Series (G3; G2/MX earlier gens share suffixes),G3-S60,Aura Dip/Chin Assist,selectorized,bilateral,full_body,,,,,,reseller_or_manual,,https://www.fitnessrepairparts.com/cart/ViewItem/43001433,2026-09-30
Matrix,Aura Series (G3; G2/MX earlier gens share suffixes),G3-S70,Aura Leg Press,selectorized,bilateral,legs,,,,,,reseller_or_manual,,https://www.fitnessrepairparts.com/cart/ViewItem/43001433,2026-09-30
Matrix,Aura Series (G3; G2/MX earlier gens share suffixes),G3-S71,Aura Leg Extension,selectorized,bilateral,legs,,,,,,reseller_or_manual,,https://www.fitnessrepairparts.com/cart/ViewItem/43001433,2026-09-30
Matrix,Aura Series (G3; G2/MX earlier gens share suffixes),G3-S72,Aura Seated Leg Curl,selectorized,bilateral,legs,,,,,,reseller_or_manual,,https://www.fitnessrepairparts.com/cart/ViewItem/43001433,2026-09-30
Matrix,Aura Series (G3; G2/MX earlier gens share suffixes),G3-S73,Aura Prone Leg Curl,selectorized,bilateral,legs,,,,,,reseller_or_manual,,https://www.fitnessrepairparts.com/cart/ViewItem/43001433,2026-09-30
Matrix,Aura Series (G3; G2/MX earlier gens share suffixes),G3-S74,Aura Hip Adductor,selectorized,bilateral,legs,,,,,,reseller_or_manual,,https://www.fitnessrepairparts.com/cart/ViewItem/43001433,2026-09-30
Matrix,Aura Series (G3; G2/MX earlier gens share suffixes),G3-S75,Aura Hip Abductor,selectorized,bilateral,glutes,,,,,,reseller_or_manual,,https://www.fitnessrepairparts.com/cart/ViewItem/43001433,2026-09-30
Matrix,Aura Series (G3; G2/MX earlier gens share suffixes),G3-S77,Aura Calf,selectorized,bilateral,legs,,,,,,inferred,code inferred from suffix convention; verify,,2026-09-30
Matrix,Aura Series (G3; G2/MX earlier gens share suffixes),G3-S40,Aura Biceps Curl,selectorized,bilateral,arms,,,,,,inferred,code inferred from suffix convention; verify,,2026-09-30
Matrix,Aura Series (G3; G2/MX earlier gens share suffixes),G3-S42,Aura Seated Dip,selectorized,bilateral,arms,,,,,,inferred,code inferred from suffix convention; verify,,2026-09-30
Matrix,Aura Series (G3; G2/MX earlier gens share suffixes),G3-S52,Aura Back Extension,selectorized,bilateral,back,,,,,,inferred,code inferred from suffix convention; verify,,2026-09-30
Matrix,Aura Series (G3; G2/MX earlier gens share suffixes),G3-S53,Aura Abdominal,selectorized,bilateral,core,,,,,,inferred,code inferred from suffix convention; verify,,2026-09-30
Cybex,Eagle NX,,Eagle NX Chest Press,selectorized,independent,chest,,,,,,reseller_or_manual,15-piece line per Cybex; product numbers are 200xx; Dual Axis Technology on presses/pulls,https://usedcybex.com/series/eagle-nx,2026-09-30
Cybex,Eagle NX,20010,Eagle NX Overhead Press,selectorized,independent,shoulders,,,,,,manufacturer_page,15-piece line per Cybex; product numbers are 200xx; Dual Axis Technology on presses/pulls,https://www.lifefitness.com/en-us/catalog/cybex/cybex-products/cybex-eagle-nx-overhead-press,2026-09-30
Cybex,Eagle NX,,Eagle NX Row,selectorized,independent,back,,,,,,reseller_or_manual,15-piece line per Cybex; product numbers are 200xx; Dual Axis Technology on presses/pulls,https://usedcybex.com/series/eagle-nx,2026-09-30
Cybex,Eagle NX,,Eagle NX Lat Pulldown,selectorized,independent,back,,,,,,reseller_or_manual,15-piece line per Cybex; product numbers are 200xx; Dual Axis Technology on presses/pulls,https://usedcybex.com/series/eagle-nx,2026-09-30
Cybex,Eagle NX,,Eagle NX Fly / Rear Delt,selectorized,bilateral,chest,,,,,,reseller_or_manual,15-piece line per Cybex; product numbers are 200xx; Dual Axis Technology on presses/pulls,https://usedcybex.com/series/eagle-nx,2026-09-30
Cybex,Eagle NX,,Eagle NX Lateral Raise,selectorized,bilateral,shoulders,,,,,,reseller_or_manual,15-piece line per Cybex; product numbers are 200xx; Dual Axis Technology on presses/pulls,https://usedcybex.com/series/eagle-nx,2026-09-30
Cybex,Eagle NX,,Eagle NX Arm Curl,selectorized,bilateral,arms,,,,,,reseller_or_manual,15-piece line per Cybex; product numbers are 200xx; Dual Axis Technology on presses/pulls,https://usedcybex.com/series/eagle-nx,2026-09-30
Cybex,Eagle NX,,Eagle NX Arm Extension,selectorized,bilateral,arms,,,,,,reseller_or_manual,15-piece line per Cybex; product numbers are 200xx; Dual Axis Technology on presses/pulls,https://usedcybex.com/series/eagle-nx,2026-09-30
Cybex,Eagle NX,,Eagle NX Abdominal,selectorized,bilateral,core,,,,,,reseller_or_manual,15-piece line per Cybex; product numbers are 200xx; Dual Axis Technology on presses/pulls,https://usedcybex.com/series/eagle-nx,2026-09-30
Cybex,Eagle NX,,Eagle NX Back Extension,selectorized,bilateral,back,,,,,,reseller_or_manual,15-piece line per Cybex; product numbers are 200xx; Dual Axis Technology on presses/pulls,https://usedcybex.com/series/eagle-nx,2026-09-30
Cybex,Eagle NX,,Eagle NX Leg Press,selectorized,bilateral,legs,,,,,,reseller_or_manual,15-piece line per Cybex; product numbers are 200xx; Dual Axis Technology on presses/pulls,https://usedcybex.com/series/eagle-nx,2026-09-30
Cybex,Eagle NX,,Eagle NX Leg Extension,selectorized,bilateral,legs,,,,,,reseller_or_manual,15-piece line per Cybex; product numbers are 200xx; Dual Axis Technology on presses/pulls,https://usedcybex.com/series/eagle-nx,2026-09-30
Cybex,Eagle NX,,Eagle NX Leg Curl,selectorized,bilateral,legs,,,,,,reseller_or_manual,15-piece line per Cybex; product numbers are 200xx; Dual Axis Technology on presses/pulls,https://usedcybex.com/series/eagle-nx,2026-09-30
Cybex,Eagle NX,,Eagle NX Hip Abduction/Adduction,selectorized,bilateral,legs,,,,,,reseller_or_manual,15-piece line per Cybex; product numbers are 200xx; Dual Axis Technology on presses/pulls,https://usedcybex.com/series/eagle-nx,2026-09-30
Cybex,Eagle NX,,Eagle NX Calf,selectorized,bilateral,legs,,,,,,reseller_or_manual,15-piece line per Cybex; product numbers are 200xx; Dual Axis Technology on presses/pulls,https://usedcybex.com/series/eagle-nx,2026-09-30
Cybex,Eagle NX,,Eagle NX Glute,selectorized,bilateral,glutes,,,,,,reseller_or_manual,15-piece line per Cybex; product numbers are 200xx; Dual Axis Technology on presses/pulls,https://usedcybex.com/series/eagle-nx,2026-09-30
Cybex,Prestige VRS,,Prestige VRS Chest Press,selectorized,bilateral,chest,,,,,,reseller_or_manual,product numbers 210xx; Leg Press has enclosed counterbalance,https://thefitnessmarket.com/Cybex,2026-09-30
Cybex,Prestige VRS,,Prestige VRS Overhead Press,selectorized,bilateral,shoulders,,,,,,reseller_or_manual,product numbers 210xx; Leg Press has enclosed counterbalance,https://thefitnessmarket.com/Cybex,2026-09-30
Cybex,Prestige VRS,,Prestige VRS Lat Pulldown,selectorized,bilateral,back,,,,,,reseller_or_manual,product numbers 210xx; Leg Press has enclosed counterbalance,https://thefitnessmarket.com/Cybex,2026-09-30
Cybex,Prestige VRS,,Prestige VRS Row,selectorized,bilateral,back,,,,,,reseller_or_manual,product numbers 210xx; Leg Press has enclosed counterbalance,https://thefitnessmarket.com/Cybex,2026-09-30
Cybex,Prestige VRS,,Prestige VRS Fly / Rear Delt,selectorized,bilateral,chest,,,,,,reseller_or_manual,product numbers 210xx; Leg Press has enclosed counterbalance,https://thefitnessmarket.com/Cybex,2026-09-30
Cybex,Prestige VRS,,Prestige VRS Lateral Raise,selectorized,bilateral,shoulders,,,,,,reseller_or_manual,product numbers 210xx; Leg Press has enclosed counterbalance,https://thefitnessmarket.com/Cybex,2026-09-30
Cybex,Prestige VRS,,Prestige VRS Arm Curl,selectorized,bilateral,arms,,,,,,reseller_or_manual,product numbers 210xx; Leg Press has enclosed counterbalance,https://thefitnessmarket.com/Cybex,2026-09-30
Cybex,Prestige VRS,,Prestige VRS Triceps Press,selectorized,bilateral,arms,,,,,,reseller_or_manual,product numbers 210xx; Leg Press has enclosed counterbalance,https://thefitnessmarket.com/Cybex,2026-09-30
Cybex,Prestige VRS,,Prestige VRS Abdominal Crunch,selectorized,bilateral,core,,,,,,reseller_or_manual,product numbers 210xx; Leg Press has enclosed counterbalance,https://thefitnessmarket.com/Cybex,2026-09-30
Cybex,Prestige VRS,,Prestige VRS Back Extension,selectorized,bilateral,back,,,,,,reseller_or_manual,product numbers 210xx; Leg Press has enclosed counterbalance,https://thefitnessmarket.com/Cybex,2026-09-30
Cybex,Prestige VRS,,Prestige VRS Torso Rotation,selectorized,bilateral,core,,,,,,reseller_or_manual,product numbers 210xx; Leg Press has enclosed counterbalance,https://thefitnessmarket.com/Cybex,2026-09-30
Cybex,Prestige VRS,21040,Prestige VRS Leg Press,selectorized,bilateral,legs,,,,5,standard or heavy stack options; Twist Select 5 lb increments,manufacturer_page,product numbers 210xx; Leg Press has enclosed counterbalance,https://www.lifefitness.com/en-us/catalog/cybex/cybex-products/cybex-prestige-strength-vrs-leg-press,2026-09-30
Cybex,Prestige VRS,,Prestige VRS Leg Extension,selectorized,bilateral,legs,,,,,,reseller_or_manual,product numbers 210xx; Leg Press has enclosed counterbalance,https://thefitnessmarket.com/Cybex,2026-09-30
Cybex,Prestige VRS,,Prestige VRS Leg Curl,selectorized,bilateral,legs,,,,,,reseller_or_manual,product numbers 210xx; Leg Press has enclosed counterbalance,https://thefitnessmarket.com/Cybex,2026-09-30
Cybex,Prestige VRS,,Prestige VRS Hip Ab/Ad,selectorized,bilateral,legs,,,,,,reseller_or_manual,product numbers 210xx; Leg Press has enclosed counterbalance,https://thefitnessmarket.com/Cybex,2026-09-30
Cybex,Prestige VRS,,Prestige VRS Chin / Dip Assist,selectorized,bilateral,full_body,,,,,,reseller_or_manual,product numbers 210xx; Leg Press has enclosed counterbalance,https://thefitnessmarket.com/Cybex,2026-09-30
Cybex,Other lines,,"VR1 (value line, single stations)",plate_loaded,n/a,,,,,,,line_only,not enumerated in this pass,https://www.fitnesssuperstore.com/collections/cybex-strength-equipment,2026-09-30
Cybex,Other lines,,VR1 Duals (two exercises per machine),plate_loaded,n/a,,,,,,,line_only,not enumerated in this pass,https://www.fitnesssuperstore.com/collections/cybex-strength-equipment,2026-09-30
Cybex,Other lines,,VR3 (legacy),plate_loaded,n/a,,,,,,,line_only,not enumerated in this pass,https://www.fitnesssuperstore.com/collections/cybex-strength-equipment,2026-09-30
Cybex,Other lines,,"Cybex Plate Loaded (Smith press, squat press, leg press, incline/chest press, row, pulldown)",plate_loaded,n/a,,,,,,,line_only,not enumerated in this pass,https://www.fitnesssuperstore.com/collections/cybex-strength-equipment,2026-09-30
Technogym,Selection 900,,Selection 900 Chest Press,selectorized,bilateral,chest,,,,,,manufacturer_page,codes are MN.. (4-char); Physiocam variable-resistance cam; optional Unity Mini console,https://www.technogym.com/en-US/category/selection-900/,2026-09-30
Technogym,Selection 900,,Selection 900 Pectoral,selectorized,bilateral,chest,,,,,,manufacturer_page,codes are MN.. (4-char); Physiocam variable-resistance cam; optional Unity Mini console,https://www.technogym.com/en-US/category/selection-900/,2026-09-30
Technogym,Selection 900,MN3P,Selection 900 Multi Flight,selectorized,bilateral,chest,,,,,,manufacturer_page,codes are MN.. (4-char); Physiocam variable-resistance cam; optional Unity Mini console,https://www.technogym.com/en-US/category/selection-900/,2026-09-30
Technogym,Selection 900,,Selection 900 Shoulder Press,selectorized,bilateral,shoulders,,,,,,manufacturer_page,codes are MN.. (4-char); Physiocam variable-resistance cam; optional Unity Mini console,https://www.technogym.com/en-US/category/selection-900/,2026-09-30
Technogym,Selection 900,MNKP,Selection 900 Delts Machine,selectorized,bilateral,shoulders,,,,,,manufacturer_page,codes are MN.. (4-char); Physiocam variable-resistance cam; optional Unity Mini console,https://www.technogym.com/en-US/category/selection-900/,2026-09-30
Technogym,Selection 900,,Selection 900 Reverse Fly,selectorized,bilateral,shoulders,,,,,,manufacturer_page,codes are MN.. (4-char); Physiocam variable-resistance cam; optional Unity Mini console,https://www.technogym.com/en-US/category/selection-900/,2026-09-30
Technogym,Selection 900,MNLP,Selection 900 Lat Machine,selectorized,bilateral,back,,,,,,manufacturer_page,codes are MN.. (4-char); Physiocam variable-resistance cam; optional Unity Mini console,https://www.technogym.com/en-US/category/selection-900/,2026-09-30
Technogym,Selection 900,,Selection 900 Vertical Traction,selectorized,bilateral,back,,,,,,manufacturer_page,codes are MN.. (4-char); Physiocam variable-resistance cam; optional Unity Mini console,https://www.technogym.com/en-US/category/selection-900/,2026-09-30
Technogym,Selection 900,,Selection 900 Low Row,selectorized,bilateral,back,,,,,,manufacturer_page,codes are MN.. (4-char); Physiocam variable-resistance cam; optional Unity Mini console,https://www.technogym.com/en-US/category/selection-900/,2026-09-30
Technogym,Selection 900,,Selection 900 Upper Back,selectorized,bilateral,back,,,,,,manufacturer_page,codes are MN.. (4-char); Physiocam variable-resistance cam; optional Unity Mini console,https://www.technogym.com/en-US/category/selection-900/,2026-09-30
Technogym,Selection 900,,Selection 900 Arm Curl,selectorized,bilateral,arms,,,,,,manufacturer_page,codes are MN.. (4-char); Physiocam variable-resistance cam; optional Unity Mini console,https://www.technogym.com/en-US/category/selection-900/,2026-09-30
Technogym,Selection 900,MNSP,Selection 900 Arm Extension,selectorized,bilateral,arms,,,,,,manufacturer_page,codes are MN.. (4-char); Physiocam variable-resistance cam; optional Unity Mini console,https://www.technogym.com/en-US/category/selection-900/,2026-09-30
Technogym,Selection 900,MNWP,Selection 900 Pulley,selectorized,n/a,cable,,,,,,manufacturer_page,codes are MN.. (4-char); Physiocam variable-resistance cam; optional Unity Mini console,https://www.technogym.com/en-US/category/selection-900/,2026-09-30
Technogym,Selection 900,,Selection 900 Abdominal Crunch,selectorized,bilateral,core,,,,,,manufacturer_page,codes are MN.. (4-char); Physiocam variable-resistance cam; optional Unity Mini console,https://www.technogym.com/en-US/category/selection-900/,2026-09-30
Technogym,Selection 900,,Selection 900 Total Abdominal,selectorized,bilateral,core,,,,,,manufacturer_page,codes are MN.. (4-char); Physiocam variable-resistance cam; optional Unity Mini console,https://www.technogym.com/en-US/category/selection-900/,2026-09-30
Technogym,Selection 900,,Selection 900 Rotary Torso,selectorized,bilateral,core,,,,,,manufacturer_page,codes are MN.. (4-char); Physiocam variable-resistance cam; optional Unity Mini console,https://www.technogym.com/en-US/category/selection-900/,2026-09-30
Technogym,Selection 900,,Selection 900 Lower Back,selectorized,bilateral,back,,,,,,manufacturer_page,codes are MN.. (4-char); Physiocam variable-resistance cam; optional Unity Mini console,https://www.technogym.com/en-US/category/selection-900/,2026-09-30
Technogym,Selection 900,,Selection 900 Leg Press,selectorized,bilateral,legs,,,,,,manufacturer_page,codes are MN.. (4-char); Physiocam variable-resistance cam; optional Unity Mini console,https://www.technogym.com/en-US/category/selection-900/,2026-09-30
Technogym,Selection 900,,Selection 900 Leg Extension,selectorized,bilateral,legs,,,,,,manufacturer_page,codes are MN.. (4-char); Physiocam variable-resistance cam; optional Unity Mini console,https://www.technogym.com/en-US/category/selection-900/,2026-09-30
Technogym,Selection 900,,Selection 900 Leg Curl,selectorized,bilateral,legs,,,,,,manufacturer_page,codes are MN.. (4-char); Physiocam variable-resistance cam; optional Unity Mini console,https://www.technogym.com/en-US/category/selection-900/,2026-09-30
Technogym,Selection 900,,Selection 900 Prone Leg Curl,selectorized,bilateral,legs,,,,,,manufacturer_page,codes are MN.. (4-char); Physiocam variable-resistance cam; optional Unity Mini console,https://www.technogym.com/en-US/category/selection-900/,2026-09-30
Technogym,Selection 900,,Selection 900 Abductor,selectorized,bilateral,glutes,,,,,,manufacturer_page,codes are MN.. (4-char); Physiocam variable-resistance cam; optional Unity Mini console,https://www.technogym.com/en-US/category/selection-900/,2026-09-30
Technogym,Selection 900,MNQP,Selection 900 Adductor,selectorized,bilateral,legs,,,,,,manufacturer_page,codes are MN.. (4-char); Physiocam variable-resistance cam; optional Unity Mini console,https://www.technogym.com/en-US/category/selection-900/,2026-09-30
Technogym,Selection 900,,Selection 900 Glute Press,selectorized,bilateral,glutes,,,,,,manufacturer_page,codes are MN.. (4-char); Physiocam variable-resistance cam; optional Unity Mini console,https://www.technogym.com/en-US/category/selection-900/,2026-09-30
Technogym,Selection 900,,Selection 900 Hip Thrust,selectorized,bilateral,glutes,,,,,,manufacturer_page,codes are MN.. (4-char); Physiocam variable-resistance cam; optional Unity Mini console,https://www.technogym.com/en-US/category/selection-900/,2026-09-30
Technogym,Selection 900,,Selection 900 Standing Calf,selectorized,bilateral,legs,,,,,,manufacturer_page,codes are MN.. (4-char); Physiocam variable-resistance cam; optional Unity Mini console,https://www.technogym.com/en-US/category/selection-900/,2026-09-30
Technogym,Selection 700 (compact),,Selection 700 Chest Press,selectorized,bilateral,chest,,,,,,manufacturer_page,compact line; the one most often seen in franchise/hotel gyms (Anytime Fitness); US list prices ~$8.4k–$10.9k,https://www.technogym.com/en-US/category/selection-700/,2026-09-30
Technogym,Selection 700 (compact),,Selection 700 Dual Pectoral / Reverse Fly,selectorized,bilateral,chest,,,,,,manufacturer_page,compact line; the one most often seen in franchise/hotel gyms (Anytime Fitness); US list prices ~$8.4k–$10.9k,https://www.technogym.com/en-US/category/selection-700/,2026-09-30
Technogym,Selection 700 (compact),,Selection 700 Shoulder Press,selectorized,bilateral,shoulders,,,,,,manufacturer_page,compact line; the one most often seen in franchise/hotel gyms (Anytime Fitness); US list prices ~$8.4k–$10.9k,https://www.technogym.com/en-US/category/selection-700/,2026-09-30
Technogym,Selection 700 (compact),,Selection 700 Delts Machine,selectorized,bilateral,shoulders,,,,,,manufacturer_page,compact line; the one most often seen in franchise/hotel gyms (Anytime Fitness); US list prices ~$8.4k–$10.9k,https://www.technogym.com/en-US/category/selection-700/,2026-09-30
Technogym,Selection 700 (compact),,Selection 700 Lat Machine,selectorized,bilateral,back,,,,,,manufacturer_page,compact line; the one most often seen in franchise/hotel gyms (Anytime Fitness); US list prices ~$8.4k–$10.9k,https://www.technogym.com/en-US/category/selection-700/,2026-09-30
Technogym,Selection 700 (compact),,Selection 700 Vertical Traction,selectorized,bilateral,back,,,,,,manufacturer_page,compact line; the one most often seen in franchise/hotel gyms (Anytime Fitness); US list prices ~$8.4k–$10.9k,https://www.technogym.com/en-US/category/selection-700/,2026-09-30
Technogym,Selection 700 (compact),,Selection 700 Low Row,selectorized,bilateral,back,,,,,,manufacturer_page,compact line; the one most often seen in franchise/hotel gyms (Anytime Fitness); US list prices ~$8.4k–$10.9k,https://www.technogym.com/en-US/category/selection-700/,2026-09-30
Technogym,Selection 700 (compact),,Selection 700 Dual Leg Curl / Extension,selectorized,bilateral,legs,,,,,,manufacturer_page,compact line; the one most often seen in franchise/hotel gyms (Anytime Fitness); US list prices ~$8.4k–$10.9k,https://www.technogym.com/en-US/category/selection-700/,2026-09-30
Technogym,Selection 700 (compact),,Selection 700 Leg Extension,selectorized,bilateral,legs,,,,,,manufacturer_page,compact line; the one most often seen in franchise/hotel gyms (Anytime Fitness); US list prices ~$8.4k–$10.9k,https://www.technogym.com/en-US/category/selection-700/,2026-09-30
Technogym,Selection 700 (compact),,Selection 700 Leg Curl,selectorized,bilateral,legs,,,,,,manufacturer_page,compact line; the one most often seen in franchise/hotel gyms (Anytime Fitness); US list prices ~$8.4k–$10.9k,https://www.technogym.com/en-US/category/selection-700/,2026-09-30
Technogym,Selection 700 (compact),,Selection 700 Leg Press,selectorized,bilateral,legs,,,,,,manufacturer_page,compact line; the one most often seen in franchise/hotel gyms (Anytime Fitness); US list prices ~$8.4k–$10.9k,https://www.technogym.com/en-US/category/selection-700/,2026-09-30
Technogym,Selection 700 (compact),,Selection 700 Dual Abductor / Adductor,selectorized,bilateral,legs,,,,,,manufacturer_page,compact line; the one most often seen in franchise/hotel gyms (Anytime Fitness); US list prices ~$8.4k–$10.9k,https://www.technogym.com/en-US/category/selection-700/,2026-09-30
Technogym,Selection 700 (compact),,Selection 700 Multi Hip,selectorized,bilateral,glutes,,,,,,manufacturer_page,compact line; the one most often seen in franchise/hotel gyms (Anytime Fitness); US list prices ~$8.4k–$10.9k,https://www.technogym.com/en-US/category/selection-700/,2026-09-30
Technogym,Selection 700 (compact),,Selection 700 Abdominal Crunch,selectorized,bilateral,core,,,,,,manufacturer_page,compact line; the one most often seen in franchise/hotel gyms (Anytime Fitness); US list prices ~$8.4k–$10.9k,https://www.technogym.com/en-US/category/selection-700/,2026-09-30
Technogym,Selection 700 (compact),,Selection 700 Lower Back,selectorized,bilateral,back,,,,,,manufacturer_page,compact line; the one most often seen in franchise/hotel gyms (Anytime Fitness); US list prices ~$8.4k–$10.9k,https://www.technogym.com/en-US/category/selection-700/,2026-09-30
Technogym,Pure Strength (plate loaded),MG0500,Pure Strength Chest Press,plate_loaded,independent,chest,,,,,,manufacturer_page,codes are MG.. (4-digit); laterality inferred for presses/rows (laterality only is inferred; model is manufacturer-listed),https://technogym.com/int/products/shopby/line_internal-selection_900-kinesis_personal-kinesis-pure-wear_gear-artis-excite-selection_700-group_cycle/product_type-plate_loaded.html,2026-09-30
Technogym,Pure Strength (plate loaded),,Pure Strength Row,plate_loaded,independent,back,,,,,,manufacturer_page,codes are MG.. (4-digit); laterality inferred for presses/rows (laterality only is inferred; model is manufacturer-listed),https://technogym.com/int/products/shopby/line_internal-selection_900-kinesis_personal-kinesis-pure-wear_gear-artis-excite-selection_700-group_cycle/product_type-plate_loaded.html,2026-09-30
Technogym,Pure Strength (plate loaded),,Pure Strength Low Row,plate_loaded,independent,back,,,,,,manufacturer_page,codes are MG.. (4-digit); laterality inferred for presses/rows (laterality only is inferred; model is manufacturer-listed),https://technogym.com/int/products/shopby/line_internal-selection_900-kinesis_personal-kinesis-pure-wear_gear-artis-excite-selection_700-group_cycle/product_type-plate_loaded.html,2026-09-30
Technogym,Pure Strength (plate loaded),,Pure Strength Pulldown,plate_loaded,independent,back,,,,,,manufacturer_page,codes are MG.. (4-digit); laterality inferred for presses/rows (laterality only is inferred; model is manufacturer-listed),https://technogym.com/int/products/shopby/line_internal-selection_900-kinesis_personal-kinesis-pure-wear_gear-artis-excite-selection_700-group_cycle/product_type-plate_loaded.html,2026-09-30
Technogym,Pure Strength (plate loaded),MG9000,Pure Strength Pullover,plate_loaded,bilateral,back,,,,,,manufacturer_page,codes are MG.. (4-digit); laterality inferred for presses/rows (laterality only is inferred; model is manufacturer-listed),https://technogym.com/int/products/shopby/line_internal-selection_900-kinesis_personal-kinesis-pure-wear_gear-artis-excite-selection_700-group_cycle/product_type-plate_loaded.html,2026-09-30
Technogym,Pure Strength (plate loaded),,Pure Strength T-Bar Row,plate_loaded,bilateral,back,,,,,,manufacturer_page,codes are MG.. (4-digit); laterality inferred for presses/rows (laterality only is inferred; model is manufacturer-listed),https://technogym.com/int/products/shopby/line_internal-selection_900-kinesis_personal-kinesis-pure-wear_gear-artis-excite-selection_700-group_cycle/product_type-plate_loaded.html,2026-09-30
Technogym,Pure Strength (plate loaded),,Pure Strength Biceps,plate_loaded,bilateral,arms,,,,,,manufacturer_page,codes are MG.. (4-digit); laterality inferred for presses/rows (laterality only is inferred; model is manufacturer-listed),https://technogym.com/int/products/shopby/line_internal-selection_900-kinesis_personal-kinesis-pure-wear_gear-artis-excite-selection_700-group_cycle/product_type-plate_loaded.html,2026-09-30
Technogym,Pure Strength (plate loaded),,Pure Strength Seated Dip,plate_loaded,bilateral,arms,,,,,,manufacturer_page,codes are MG.. (4-digit); laterality inferred for presses/rows (laterality only is inferred; model is manufacturer-listed),https://technogym.com/int/products/shopby/line_internal-selection_900-kinesis_personal-kinesis-pure-wear_gear-artis-excite-selection_700-group_cycle/product_type-plate_loaded.html,2026-09-30
Technogym,Pure Strength (plate loaded),,Pure Strength Linear Leg Press,plate_loaded,bilateral,legs,,,,,,manufacturer_page,codes are MG.. (4-digit); laterality inferred for presses/rows (laterality only is inferred; model is manufacturer-listed),https://technogym.com/int/products/shopby/line_internal-selection_900-kinesis_personal-kinesis-pure-wear_gear-artis-excite-selection_700-group_cycle/product_type-plate_loaded.html,2026-09-30
Technogym,Pure Strength (plate loaded),MG5000,Pure Strength Leg Press,plate_loaded,bilateral,legs,,,,,,manufacturer_page,codes are MG.. (4-digit); laterality inferred for presses/rows (laterality only is inferred; model is manufacturer-listed),https://technogym.com/int/products/shopby/line_internal-selection_900-kinesis_personal-kinesis-pure-wear_gear-artis-excite-selection_700-group_cycle/product_type-plate_loaded.html,2026-09-30
Technogym,Pure Strength (plate loaded),,Pure Strength Belt Squat,plate_loaded,bilateral,legs,,,,,,manufacturer_page,codes are MG.. (4-digit); laterality inferred for presses/rows (laterality only is inferred; model is manufacturer-listed),https://technogym.com/int/products/shopby/line_internal-selection_900-kinesis_personal-kinesis-pure-wear_gear-artis-excite-selection_700-group_cycle/product_type-plate_loaded.html,2026-09-30
Technogym,Pure Strength (plate loaded),,Pure Strength Deadlift,plate_loaded,bilateral,full_body,,,,,,manufacturer_page,codes are MG.. (4-digit); laterality inferred for presses/rows (laterality only is inferred; model is manufacturer-listed),https://technogym.com/int/products/shopby/line_internal-selection_900-kinesis_personal-kinesis-pure-wear_gear-artis-excite-selection_700-group_cycle/product_type-plate_loaded.html,2026-09-30
Technogym,Pure Strength (plate loaded),,Pure Strength Hip Thrust,plate_loaded,bilateral,glutes,,,,,,manufacturer_page,codes are MG.. (4-digit); laterality inferred for presses/rows (laterality only is inferred; model is manufacturer-listed),https://technogym.com/int/products/shopby/line_internal-selection_900-kinesis_personal-kinesis-pure-wear_gear-artis-excite-selection_700-group_cycle/product_type-plate_loaded.html,2026-09-30
Technogym,Pure Strength (plate loaded),MG4000,Pure Strength Rear Kick,plate_loaded,bilateral,glutes,,,,,,manufacturer_page,codes are MG.. (4-digit); laterality inferred for presses/rows (laterality only is inferred; model is manufacturer-listed),https://technogym.com/int/products/shopby/line_internal-selection_900-kinesis_personal-kinesis-pure-wear_gear-artis-excite-selection_700-group_cycle/product_type-plate_loaded.html,2026-09-30
Technogym,Pure Strength (plate loaded),,Pure Strength Standing Abductor,plate_loaded,bilateral,glutes,,,,,,manufacturer_page,codes are MG.. (4-digit); laterality inferred for presses/rows (laterality only is inferred; model is manufacturer-listed),https://technogym.com/int/products/shopby/line_internal-selection_900-kinesis_personal-kinesis-pure-wear_gear-artis-excite-selection_700-group_cycle/product_type-plate_loaded.html,2026-09-30
Technogym,Pure Strength (plate loaded),,Pure Strength Standing Leg Curl,plate_loaded,bilateral,legs,,,,,,manufacturer_page,codes are MG.. (4-digit); laterality inferred for presses/rows (laterality only is inferred; model is manufacturer-listed),https://technogym.com/int/products/shopby/line_internal-selection_900-kinesis_personal-kinesis-pure-wear_gear-artis-excite-selection_700-group_cycle/product_type-plate_loaded.html,2026-09-30
Technogym,Pure Strength (plate loaded),,Pure Strength Calf,plate_loaded,bilateral,legs,,,,,,manufacturer_page,codes are MG.. (4-digit); laterality inferred for presses/rows (laterality only is inferred; model is manufacturer-listed),https://technogym.com/int/products/shopby/line_internal-selection_900-kinesis_personal-kinesis-pure-wear_gear-artis-excite-selection_700-group_cycle/product_type-plate_loaded.html,2026-09-30
Technogym,Pure Strength (plate loaded),MG4600,Pure Strength Seated Calf,plate_loaded,bilateral,legs,,,,,,manufacturer_page,codes are MG.. (4-digit); laterality inferred for presses/rows (laterality only is inferred; model is manufacturer-listed),https://technogym.com/int/products/shopby/line_internal-selection_900-kinesis_personal-kinesis-pure-wear_gear-artis-excite-selection_700-group_cycle/product_type-plate_loaded.html,2026-09-30
Technogym,Other lines,,"Artis Strength (premium selectorized, Unity console)",selectorized,n/a,,,,,,,line_only,not enumerated in this pass,https://usedtechnogym.com/strength,2026-09-30
Technogym,Other lines,,Biostrength (motorized/AI resistance selectorized),selectorized,n/a,,,,,,,line_only,not enumerated; resistance is not a weight stack — needs a different loading_type,https://usedtechnogym.com/strength,2026-09-30
Technogym,Other lines,,Element+ (entry commercial selectorized),selectorized,n/a,,,,,,,line_only,not enumerated in this pass,https://usedtechnogym.com/strength,2026-09-30
