manufacturer,product_line,model_code,name,loading_type,laterality,body_region,starting_resistance_lb,starting_resistance_kg,starting_resistance_basis,stack_lb,stack_note,confidence,notes,source,catalog_snapshot,replaces_code
gym80,SYGNUM,3001,Leg Extension,selectorized,bilateral,legs,,,,,,manufacturer_page,,https://gym80.de/en/all-products/,2026-09-30,
gym80,SYGNUM,3002,Lying Leg Curl,selectorized,bilateral,legs,,,,,,manufacturer_page,,https://gym80.de/en/all-products/,2026-09-30,
gym80,SYGNUM,3003,Seated Leg Curl,selectorized,bilateral,legs,,,,,,manufacturer_page,,https://gym80.de/en/all-products/,2026-09-30,
gym80,SYGNUM,3004,Kneeling Glutes Kick,selectorized,bilateral,glutes,,,,,,manufacturer_page,,https://gym80.de/en/all-products/,2026-09-30,
gym80,SYGNUM,3005,Gluteus Kick Radial,selectorized,bilateral,glutes,,,,,,manufacturer_page,,https://gym80.de/en/all-products/,2026-09-30,
gym80,SYGNUM,3006,Total Hip Machine,selectorized,bilateral,glutes,,,,,,manufacturer_page,stack 188 lb (reseller spec),https://gym80.de/en/all-products/,2026-09-30,
gym80,SYGNUM,3007,Lower Back Machine,selectorized,bilateral,back,,,,,,manufacturer_page,,https://gym80.de/en/all-products/,2026-09-30,
gym80,SYGNUM,3008,Abdominal Crunch,selectorized,bilateral,core,,,,,,manufacturer_page,,https://gym80.de/en/all-products/,2026-09-30,
gym80,SYGNUM,3010,Biceps Machine,selectorized,bilateral,arms,,,,,,manufacturer_page,,https://gym80.de/en/all-products/,2026-09-30,
gym80,SYGNUM,3011,Triceps Extension,selectorized,bilateral,arms,,,,,,manufacturer_page,,https://gym80.de/en/all-products/,2026-09-30,
gym80,SYGNUM,3012N,Pull Over Machine,selectorized,bilateral,back,,,,,,manufacturer_page,,https://gym80.de/en/all-products/,2026-09-30,
gym80,SYGNUM,3013,Standing Leg Curl,selectorized,bilateral,legs,,,,,,manufacturer_page,,https://gym80.de/en/all-products/,2026-09-30,
gym80,SYGNUM,3014,Chest Crossover Machine,selectorized,independent,chest,,,,,,manufacturer_page,two independent arms,https://gym80.de/en/all-products/,2026-09-30,
gym80,SYGNUM,3016,Seated Chest Press,selectorized,bilateral,chest,,,,,,manufacturer_page,,https://gym80.de/en/all-products/,2026-09-30,
gym80,SYGNUM,3017,Kneeling / Chinning-Dipping Machine,selectorized,bilateral,full_body,,,,,,manufacturer_page,assisted chin/dip,https://gym80.de/en/all-products/,2026-09-30,
gym80,SYGNUM,3018,Standing Calf Raise Machine,selectorized,bilateral,legs,,,,,,manufacturer_page,,https://gym80.de/en/all-products/,2026-09-30,
gym80,SYGNUM,3020,Lat Pulldown Machine,selectorized,bilateral,back,,,,,,manufacturer_page,,https://gym80.de/en/all-products/,2026-09-30,
gym80,SYGNUM,3021,Butterfly with Pads,selectorized,bilateral,chest,,,,,,manufacturer_page,,https://gym80.de/en/all-products/,2026-09-30,
gym80,SYGNUM,3022,Butterfly,selectorized,bilateral,chest,,,,,,manufacturer_page,,https://gym80.de/en/all-products/,2026-09-30,
gym80,SYGNUM,3023N,Incline Chest Press,selectorized,bilateral,chest,,,,,,manufacturer_page,,https://gym80.de/en/all-products/,2026-09-30,
gym80,SYGNUM,3025,Butterfly Reverse,selectorized,bilateral,shoulders,,,,,,manufacturer_page,,https://gym80.de/en/all-products/,2026-09-30,
gym80,SYGNUM,3027,Seated Calf Press,selectorized,bilateral,legs,,,,,,manufacturer_page,,https://gym80.de/en/all-products/,2026-09-30,
gym80,SYGNUM,3028,Abduction Machine,selectorized,bilateral,glutes,,,,,,manufacturer_page,,https://gym80.de/en/all-products/,2026-09-30,
gym80,SYGNUM,3029,Adduction Machine,selectorized,bilateral,legs,,,,,,manufacturer_page,,https://gym80.de/en/all-products/,2026-09-30,
gym80,SYGNUM,3030,Seated Leg Press,selectorized,bilateral,legs,,,,,,manufacturer_page,,https://gym80.de/en/all-products/,2026-09-30,
gym80,SYGNUM,3031,Lying Leg Press,selectorized,bilateral,legs,,,,,,manufacturer_page,,https://gym80.de/en/all-products/,2026-09-30,
gym80,SYGNUM,3032,Shoulder Press,selectorized,bilateral,shoulders,,,,,,manufacturer_page,,https://gym80.de/en/all-products/,2026-09-30,
gym80,SYGNUM,3034,Lying Abdominal Machine,selectorized,bilateral,core,,,,,,manufacturer_page,,https://gym80.de/en/all-products/,2026-09-30,
gym80,SYGNUM,3036,Dip Machine,selectorized,bilateral,arms,,,,,,manufacturer_page,,https://gym80.de/en/all-products/,2026-09-30,
gym80,SYGNUM,3037,Abdominal Machine,selectorized,bilateral,core,,,,,,manufacturer_page,,https://gym80.de/en/all-products/,2026-09-30,
gym80,SYGNUM,3038,Lower Back Machine,selectorized,bilateral,back,,,,,,manufacturer_page,,https://gym80.de/en/all-products/,2026-09-30,
gym80,SYGNUM,3039,Seated Row without Chest Support,selectorized,bilateral,back,,,,,,manufacturer_page,std stack 105 kg (opt 135/165),https://gym80.de/en/all-products/,2026-09-30,
gym80,SYGNUM,3040,Seated Row Machine,selectorized,bilateral,back,,,,,,manufacturer_page,,https://gym80.de/en/all-products/,2026-09-30,
gym80,SYGNUM,3041,Dual Chest Press,selectorized,independent,chest,,,,,,manufacturer_page,,https://gym80.de/en/all-products/,2026-09-30,
gym80,SYGNUM,3042,Dual Incline Chest Press,selectorized,independent,chest,,,,,,manufacturer_page,,https://gym80.de/en/all-products/,2026-09-30,
gym80,SYGNUM,3043,Dual Shoulder Press,selectorized,independent,shoulders,,,,,,manufacturer_page,,https://gym80.de/en/all-products/,2026-09-30,
gym80,SYGNUM,3044,Dual Lat Pulldown,selectorized,independent,back,,,,,,manufacturer_page,,https://gym80.de/en/all-products/,2026-09-30,
gym80,SYGNUM,3045,Dual Seated Row,selectorized,independent,back,,,,,,manufacturer_page,,https://gym80.de/en/all-products/,2026-09-30,
gym80,SYGNUM,3046,Dual Leg Press,selectorized,independent,legs,,,,,,manufacturer_page,,https://gym80.de/en/all-products/,2026-09-30,
gym80,SYGNUM,3047,Iso Lat,selectorized,independent,back,,,,,,manufacturer_page,,https://gym80.de/en/all-products/,2026-09-30,
gym80,SYGNUM,3050,Shoulder Lateral Raise with Grips,selectorized,bilateral,shoulders,,,,,,manufacturer_page,,https://gym80.de/en/all-products/,2026-09-30,
gym80,SYGNUM,3069,Standing Abduction,selectorized,bilateral,glutes,,,,,,manufacturer_page,,https://gym80.de/en/all-products/,2026-09-30,
gym80,SYGNUM,3071,Forearms Machine,selectorized,bilateral,arms,,,,,,manufacturer_page,,https://gym80.de/en/all-products/,2026-09-30,
gym80,SYGNUM,3094,Donkey Calf,selectorized,bilateral,legs,,,,,,manufacturer_page,,https://gym80.de/en/all-products/,2026-09-30,
gym80,SYGNUM,3095,Triceps Overhead,selectorized,bilateral,arms,,,,,,manufacturer_page,,https://gym80.de/en/all-products/,2026-09-30,
gym80,SYGNUM,3096,Neck Press,selectorized,bilateral,shoulders,,,,,,manufacturer_page,,https://gym80.de/en/all-products/,2026-09-30,
gym80,SYGNUM,3097,Inner Chest Press,selectorized,bilateral,chest,,,,,,manufacturer_page,std stack 135 kg (opt 165),https://gym80.de/en/all-products/,2026-09-30,
gym80,SYGNUM,3098,Horizontal Biceps,selectorized,bilateral,arms,,,,,,manufacturer_page,,https://gym80.de/en/all-products/,2026-09-30,
gym80,SYGNUM,3099,Standing Shoulder Lateral Raise,selectorized,bilateral,shoulders,,,,,,manufacturer_page,NEW 2026,https://gym80.de/en/all-products/,2026-09-30,
gym80,SYGNUM,3121,Standing Chest Crossover Machine,selectorized,independent,chest,,,,,,manufacturer_page,,https://gym80.de/en/all-products/,2026-09-30,
gym80,SYGNUM,3123,Lying Leg Extension with Adjustable Backrest,selectorized,bilateral,legs,,,,,,manufacturer_page,NEW 2026,https://gym80.de/en/all-products/,2026-09-30,
gym80,SYGNUM,3124,Crunch Machine,selectorized,bilateral,core,,,,,,manufacturer_page,NEW 2026,https://gym80.de/en/all-products/,2026-09-30,
gym80,SYGNUM,3225,Rotary Machine,selectorized,bilateral,core,,,,,,manufacturer_page,,https://gym80.de/en/all-products/,2026-09-30,
gym80,SYGNUM (cable),4004,Cable Crossover Station,cable_stack,n/a,cable,,,,,,manufacturer_page,,https://gym80.de/en/all-products/?e-page-f1d693d=3,2026-09-30,
gym80,SYGNUM (cable),4012,Adjustable Cable Crossover Station,cable_stack,n/a,cable,,,,,,manufacturer_page,,https://gym80.de/en/all-products/?e-page-f1d693d=3,2026-09-30,
gym80,SYGNUM (cable),4016,Rowing Station,cable_stack,n/a,cable,,,,,,manufacturer_page,,https://gym80.de/en/all-products/?e-page-f1d693d=3,2026-09-30,
gym80,SYGNUM (cable),4032,4-Station Tower,cable_stack,n/a,cable,,,,,,manufacturer_page,,https://gym80.de/en/all-products/?e-page-f1d693d=3,2026-09-30,
gym80,SYGNUM (cable),4033,Duplex Station,cable_stack,n/a,cable,,,,,,manufacturer_page,,https://gym80.de/en/all-products/?e-page-f1d693d=3,2026-09-30,
gym80,SYGNUM (cable),4034,Dual Adjustable Pulley,cable_stack,n/a,cable,,,,,,manufacturer_page,,https://gym80.de/en/all-products/?e-page-f1d693d=3,2026-09-30,
gym80,SYGNUM (cable),4036,Multipress Station,cable_stack,n/a,cable,,,,,,manufacturer_page,2x70 kg stacks,https://gym80.de/en/all-products/?e-page-f1d693d=3,2026-09-30,
gym80,SYGNUM (cable),4134,Pulley Universal,cable_stack,n/a,cable,,,,,,manufacturer_page,shown at HFA 2026,https://gym80.de/en/all-products/?e-page-f1d693d=3,2026-09-30,
gym80,SYGNUM INNOVATION,5002,Innovation Glutes,selectorized,bilateral,glutes,,,,,,manufacturer_page,shown at HFA 2026; manufacturer page: muscle area Glutes,https://gym80.de/en/product/5002/,2026-10-01,
gym80,SYGNUM INNOVATION,5004,Innovation Curler,selectorized,independent,arms,,,,,,manufacturer_page,manufacturer page: SYGNUM DUAL; biceps/front shoulder; two independently supported training arms; std stack 85 kg (opt 105),https://gym80.de/en/product/5004/,2026-10-01,
gym80,PURE KRAFT,4018,PURE KRAFT T-Bar Row,plate_loaded,bilateral,back,,,,,,manufacturer_page,,https://gym80.de/en/plate-loaded/,2026-09-30,
gym80,PURE KRAFT,4023,PURE KRAFT 45 Degrees Linear Leg Press,plate_loaded,bilateral,legs,,,,,,manufacturer_page,,https://gym80.de/en/plate-loaded/,2026-09-30,
gym80,PURE KRAFT,4026,PURE KRAFT Seated Calf Raise,plate_loaded,bilateral,legs,,,,,,manufacturer_page,,https://gym80.de/en/plate-loaded/,2026-09-30,
gym80,PURE KRAFT,4038N,PURE KRAFT Squat Machine,plate_loaded,bilateral,legs,,,,,,manufacturer_page,NEW,https://gym80.de/en/plate-loaded/,2026-09-30,
gym80,PURE KRAFT,4159N,PURE KRAFT Hack Squat,plate_loaded,bilateral,legs,,,,,,manufacturer_page,,https://gym80.de/en/plate-loaded/,2026-09-30,
gym80,PURE KRAFT,4307,PURE KRAFT Lying Abdominal,plate_loaded,bilateral,core,,,,,,manufacturer_page,,https://gym80.de/en/plate-loaded/,2026-09-30,
gym80,PURE KRAFT,4311,PURE KRAFT Lat Pulldown Dual,plate_loaded,independent,back,,,,,,manufacturer_page,,https://gym80.de/en/plate-loaded/,2026-09-30,
gym80,PURE KRAFT,4314,PURE KRAFT Seated Leg Press Dual,plate_loaded,independent,legs,,,,,,manufacturer_page,,https://gym80.de/en/plate-loaded/,2026-09-30,
gym80,PURE KRAFT,4317,PURE KRAFT Ab Swing,plate_loaded,bilateral,core,,,,,,manufacturer_page,,https://gym80.de/en/plate-loaded/,2026-09-30,
gym80,PURE KRAFT,4318,PURE KRAFT Bent Over Row,plate_loaded,bilateral,back,,,,,,manufacturer_page,,https://gym80.de/en/plate-loaded/,2026-09-30,
gym80,PURE KRAFT,4319,PURE KRAFT Low Row Dual,plate_loaded,independent,back,,,,,,manufacturer_page,,https://gym80.de/en/plate-loaded/,2026-09-30,
gym80,PURE KRAFT,4320,PURE KRAFT Shoulder Press Dual,plate_loaded,independent,shoulders,,,,,,manufacturer_page,,https://gym80.de/en/plate-loaded/,2026-09-30,
gym80,PURE KRAFT,4321,PURE KRAFT Gluteus Kick Machine,plate_loaded,bilateral,glutes,,,,,,manufacturer_page,,https://gym80.de/en/plate-loaded/,2026-09-30,
gym80,PURE KRAFT,4322,PURE KRAFT Seated Row Dual,plate_loaded,independent,back,,,,,,manufacturer_page,,https://gym80.de/en/plate-loaded/,2026-09-30,
gym80,PURE KRAFT,4324,PURE KRAFT 45 Degrees Pivot Leg Press,plate_loaded,bilateral,legs,,,,,,manufacturer_page,,https://gym80.de/en/plate-loaded/,2026-09-30,
gym80,PURE KRAFT,4325,PURE KRAFT Shoulder Lateral Raise Dual,plate_loaded,independent,shoulders,,,,,,manufacturer_page,,https://gym80.de/en/plate-loaded/,2026-09-30,
gym80,PURE KRAFT,4326,PURE KRAFT Chest Crossover Dual,plate_loaded,independent,chest,,,,,,manufacturer_page,,https://gym80.de/en/plate-loaded/,2026-09-30,
gym80,PURE KRAFT,4327,PURE KRAFT Power Row Dual,plate_loaded,independent,back,,,,,,manufacturer_page,,https://gym80.de/en/plate-loaded/,2026-09-30,
gym80,PURE KRAFT,4328,PURE KRAFT Seated Chest Press Dual,plate_loaded,independent,chest,,,,,,manufacturer_page,,https://gym80.de/en/plate-loaded/,2026-09-30,
gym80,PURE KRAFT,4329N,PURE KRAFT Incline Chest Press Dual,plate_loaded,independent,chest,,,,,,manufacturer_page,,https://gym80.de/en/plate-loaded/,2026-09-30,
gym80,PURE KRAFT,4331,PURE KRAFT Bench Press Dual,plate_loaded,independent,chest,,,,,,manufacturer_page,,https://gym80.de/en/plate-loaded/,2026-09-30,
gym80,PURE KRAFT,4332,PURE KRAFT Deadlift Rotating Grips Dual,plate_loaded,independent,full_body,,,,,,manufacturer_page,,https://gym80.de/en/plate-loaded/,2026-09-30,
gym80,PURE KRAFT,4333,PURE KRAFT Deadlift Double Handle Grips Dual,plate_loaded,independent,full_body,,,,,,manufacturer_page,,https://gym80.de/en/plate-loaded/,2026-09-30,
gym80,PURE KRAFT,4335,PURE KRAFT Triceps Dip Dual,plate_loaded,independent,arms,,,,,,manufacturer_page,,https://gym80.de/en/plate-loaded/,2026-09-30,
gym80,PURE KRAFT,4336N,PURE KRAFT Leg Extension,plate_loaded,bilateral,legs,,,,,,manufacturer_page,,https://gym80.de/en/plate-loaded/,2026-09-30,
gym80,PURE KRAFT,4337N,PURE KRAFT Lying Leg Curl,plate_loaded,bilateral,legs,,,,,,manufacturer_page,,https://gym80.de/en/plate-loaded/,2026-09-30,
gym80,PURE KRAFT,4338N,PURE KRAFT Biceps Curl,plate_loaded,bilateral,arms,,,,,,manufacturer_page,,https://gym80.de/en/plate-loaded/,2026-09-30,
gym80,PURE KRAFT,4339N,PURE KRAFT Triceps Extension,plate_loaded,bilateral,arms,,,,,,manufacturer_page,,https://gym80.de/en/plate-loaded/,2026-09-30,
gym80,PURE KRAFT,4340,PURE KRAFT High Row Dual,plate_loaded,independent,back,,,,,,manufacturer_page,,https://gym80.de/en/plate-loaded/,2026-09-30,
gym80,PURE KRAFT,4341,PURE KRAFT Butterfly Dual,plate_loaded,independent,chest,,,,,,manufacturer_page,,https://gym80.de/en/plate-loaded/,2026-09-30,
gym80,PURE KRAFT,4342N,PURE KRAFT Rotating Abdominal Crunch,plate_loaded,bilateral,core,,,,,,manufacturer_page,,https://gym80.de/en/plate-loaded/,2026-09-30,
gym80,PURE KRAFT,4343,PURE KRAFT Abdominal Crunch,plate_loaded,bilateral,core,,,,,,manufacturer_page,,https://gym80.de/en/plate-loaded/,2026-09-30,
gym80,PURE KRAFT,4344,PURE KRAFT Butterfly Reverse Dual,plate_loaded,independent,shoulders,,,,,,manufacturer_page,,https://gym80.de/en/plate-loaded/,2026-09-30,
gym80,PURE KRAFT,4345,PURE KRAFT 55 Degrees Standing Calf Raise,plate_loaded,bilateral,legs,,,,,,manufacturer_page,,https://gym80.de/en/plate-loaded/,2026-09-30,
gym80,PURE KRAFT,4346,PURE KRAFT Decline Chest Press Dual,plate_loaded,independent,chest,,,,,,manufacturer_page,,https://gym80.de/en/plate-loaded/,2026-09-30,
gym80,PURE KRAFT,4348,PURE KRAFT Seated Tibialis Machine,plate_loaded,bilateral,legs,,,,,,manufacturer_page,,https://gym80.de/en/plate-loaded/,2026-09-30,
gym80,PURE KRAFT,4350N,PURE KRAFT Pullover,plate_loaded,bilateral,back,,,,,,manufacturer_page,,https://gym80.de/en/plate-loaded/,2026-09-30,
gym80,PURE KRAFT,4353N,PURE KRAFT Pendulum Squat,plate_loaded,bilateral,legs,,,,,,manufacturer_page,,https://gym80.de/en/plate-loaded/,2026-09-30,
gym80,PURE KRAFT,4354,PURE KRAFT Vertical Leg Press,plate_loaded,bilateral,legs,,,,,,manufacturer_page,,https://gym80.de/en/plate-loaded/,2026-09-30,
gym80,PURE KRAFT,4355,PURE KRAFT Biceps Curl Dual,plate_loaded,independent,arms,,,,,,manufacturer_page,,https://gym80.de/en/plate-loaded/,2026-09-30,
gym80,PURE KRAFT,4360,PURE KRAFT Belt Squat,plate_loaded,bilateral,legs,,,,,,manufacturer_page,,https://gym80.de/en/plate-loaded/,2026-09-30,
gym80,PURE KRAFT STRONG,4361,PURE KRAFT STRONG Leg Press Dual,plate_loaded,independent,legs,,,,,,manufacturer_page,STRONG: load-drop ~30%,https://gym80.de/en/plate-loaded/3/,2026-09-30,
gym80,PURE KRAFT STRONG,4362,PURE KRAFT STRONG Decline Bench Press Dual,plate_loaded,independent,chest,,,,,,manufacturer_page,STRONG: load-drop ~30%,https://gym80.de/en/plate-loaded/3/,2026-09-30,
gym80,PURE KRAFT STRONG,4363,PURE KRAFT STRONG Shoulder Press Dual,plate_loaded,independent,shoulders,,,,,,manufacturer_page,STRONG: load-drop ~30%,https://gym80.de/en/plate-loaded/3/,2026-09-30,
gym80,PURE KRAFT STRONG,4364,PURE KRAFT STRONG Bench Press Dual,plate_loaded,independent,chest,,,,,,manufacturer_page,STRONG: load-drop ~30%,https://gym80.de/en/plate-loaded/3/,2026-09-30,
gym80,PURE KRAFT STRONG,4365,PURE KRAFT STRONG Incline Bench Press Dual,plate_loaded,independent,chest,,,,,,manufacturer_page,STRONG: load-drop ~30%,https://gym80.de/en/plate-loaded/3/,2026-09-30,
gym80,PURE KRAFT,4366,PURE KRAFT Biceps Overhead,plate_loaded,bilateral,arms,,,,,,manufacturer_page,,https://gym80.de/en/plate-loaded/,2026-09-30,
gym80,PURE KRAFT,4371,PURE KRAFT Neck Press,plate_loaded,bilateral,shoulders,,,,,,manufacturer_page,,https://gym80.de/en/plate-loaded/,2026-09-30,
gym80,PURE KRAFT,4372,PURE KRAFT Standing Multi-Joint,plate_loaded,bilateral,full_body,,,,,,manufacturer_page,,https://gym80.de/en/plate-loaded/,2026-09-30,
gym80,PURE KRAFT,4373,PURE KRAFT Standing Leg Curl,plate_loaded,bilateral,legs,,,,,,manufacturer_page,,https://gym80.de/en/plate-loaded/,2026-09-30,
gym80,PURE KRAFT,4374,PURE KRAFT Standing Abduction,plate_loaded,bilateral,glutes,,,,,,manufacturer_page,,https://gym80.de/en/plate-loaded/,2026-09-30,
gym80,PURE KRAFT,4375,PURE KRAFT Inverse Leg Curl,plate_loaded,bilateral,legs,,,,,,manufacturer_page,,https://gym80.de/en/plate-loaded/,2026-09-30,
gym80,PURE KRAFT,4376,PURE KRAFT Lying Inner Chest Dual,plate_loaded,independent,chest,,,,,,manufacturer_page,,https://gym80.de/en/plate-loaded/,2026-09-30,
gym80,PURE KRAFT,4379,PURE KRAFT Overhead Triceps,plate_loaded,bilateral,arms,,,,,,manufacturer_page,,https://gym80.de/en/plate-loaded/,2026-09-30,
gym80,PURE KRAFT,4380,PURE KRAFT Donkey Calf,plate_loaded,bilateral,legs,,,,,,manufacturer_page,,https://gym80.de/en/plate-loaded/,2026-09-30,
gym80,PURE KRAFT,4382,PURE KRAFT High Row with Movable Handles,plate_loaded,bilateral,back,,,,,,manufacturer_page,,https://gym80.de/en/plate-loaded/,2026-09-30,
gym80,PURE KRAFT,4383,PURE KRAFT 55 Degree Rowing Machine,plate_loaded,bilateral,back,,,,,,manufacturer_page,,https://gym80.de/en/plate-loaded/,2026-09-30,
gym80,PURE KRAFT,4384,PURE KRAFT Abduction 3D,plate_loaded,bilateral,glutes,,,,,,manufacturer_page,,https://gym80.de/en/plate-loaded/,2026-09-30,
gym80,PURE KRAFT,4385,PURE KRAFT Standing Shoulder Lateral Raise,plate_loaded,bilateral,shoulders,,,,,,manufacturer_page,NEW,https://gym80.de/en/plate-loaded/,2026-09-30,
gym80,PURE KRAFT,4386N,PURE KRAFT Booty Booster Special,plate_loaded,bilateral,glutes,,,,,,manufacturer_page,NEW,https://gym80.de/en/plate-loaded/,2026-09-30,
gym80,PURE KRAFT,4388,PURE KRAFT Viking Press,plate_loaded,bilateral,shoulders,,,,,,manufacturer_page,,https://gym80.de/en/plate-loaded/,2026-09-30,
gym80,PURE KRAFT,4389,PURE KRAFT Leverage Squat,plate_loaded,bilateral,legs,,,,,,manufacturer_page,NEW,https://gym80.de/en/plate-loaded/,2026-09-30,
gym80,PURE KRAFT,4390,PURE KRAFT Butterfly 50°,plate_loaded,bilateral,chest,,,,,,manufacturer_page,NEW,https://gym80.de/en/plate-loaded/,2026-09-30,
gym80,PURE KRAFT,4391,PURE KRAFT 3D Leg Machine,plate_loaded,bilateral,legs,,,,,,manufacturer_page,NEW,https://gym80.de/en/plate-loaded/,2026-09-30,
gym80,PURE KRAFT,4392,PURE KRAFT Standing Leg Extension,plate_loaded,bilateral,legs,,,,,,manufacturer_page,NEW,https://gym80.de/en/plate-loaded/,2026-09-30,
gym80,PURE KRAFT,4352,PURE KRAFT Booty Booster,plate_loaded,bilateral,glutes,,,,,,manufacturer_page,"Page states total machine weight 165 kg and max. load 125 kg; neither is a starting resistance or a stack. Laterality is not stated on the page; bilateral by the catalog's convention. Not 4157, which gym80 lists as POWER CURL BARBELL RACK (https://gym80.de/en/product/4157/); a placard photo was misread as 4157 on 2026-10-01.",https://gym80.de/en/product/4352/,2026-10-01,
gym80,SYGNUM INNOVATION,5001,Innovation Leg Press,selectorized,bilateral,legs,,,,,,manufacturer_page,std stack 213 kg,https://gym80.de/en/product/5001/,2026-10-01,
gym80,SYGNUM INNOVATION,5003,Innovation Rowing Machine,selectorized,bilateral,back,,,,,,manufacturer_page,std stack 135 kg (opt 165),https://gym80.de/en/product/5003/,2026-10-01,
gym80,SYGNUM INNOVATION,5006,Innovation Multi Extension Machine,selectorized,bilateral,back,,,,,,manufacturer_page,"back extensors, thighs, calves; std stack 165 kg (opt 213)",https://gym80.de/en/product/5006/,2026-10-01,
gym80,SYGNUM,4401,FTM Deadlift Machine,selectorized,independent,full_body,,,,,,manufacturer_page,SYGNUM DUAL; std stack 2x 105 kg (opt 2x 165),https://gym80.de/en/product/4401/,2026-10-01,
gym80,SYGNUM,4402,FTM Shoulder & Chest Press,selectorized,independent,chest,,,,,,manufacturer_page,SYGNUM DUAL; std stack 2x 105 kg (opt 2x 165),https://gym80.de/en/product/4402/,2026-10-01,
gym80,SYGNUM,4403,FTM Push & Pull Machine,selectorized,independent,full_body,,,,,,manufacturer_page,SYGNUM DUAL; std stack 2x 105 kg (opt 2x 165),https://gym80.de/en/product/4403/,2026-10-01,
gym80,SYGNUM,4416,Bootymizer,selectorized,bilateral,glutes,,,,,,manufacturer_page,listed under WEIGHT STACK > SYGNUM; no stack size on page,https://gym80.de/en/product/4416/,2026-10-01,
gym80,SYGNUM,5011,Abduction and Adduction Combo,selectorized,bilateral,legs,,,,,,manufacturer_page,SYGNUM COMBO,https://gym80.de/en/product/5011/,2026-10-01,
gym80,SYGNUM,5012,Abdominal and Back Combo,selectorized,bilateral,core,,,,,,manufacturer_page,SYGNUM COMBO; std stack 105 kg (opt 135),https://gym80.de/en/product/5012/,2026-10-01,
gym80,SYGNUM,5013,Leg Curl and Leg Extension Combo,selectorized,bilateral,legs,,,,,,manufacturer_page,SYGNUM COMBO; std stack 135 kg,https://gym80.de/en/product/5013/,2026-10-01,
gym80,SYGNUM,5014,Butterfly and Butterfly Reverse Combo,selectorized,bilateral,chest,,,,,,manufacturer_page,SYGNUM COMBO; std stack 105 kg (opt 135),https://gym80.de/en/product/5014/,2026-10-01,
gym80,SYGNUM,5015,Shoulder and Lat Pull Combo,selectorized,bilateral,back,,,,,,manufacturer_page,SYGNUM COMBO; std stack 135 kg,https://gym80.de/en/product/5015/,2026-10-01,
gym80,SYGNUM (cable),5101,Cable Art No. 1 - Shoulder & Back+,cable_stack,independent,back,,,,,,manufacturer_page,SYGNUM CABLE ART; std stack 2x 55 kg (opt 2x 105),https://gym80.de/en/product/5101/,2026-10-01,
gym80,SYGNUM (cable),5102,Cable Art No. 2 - Latissimus & Trapezius+,cable_stack,independent,back,,,,,,manufacturer_page,SYGNUM CABLE ART; std stack 2x 85 kg (opt 2x 105),https://gym80.de/en/product/5102/,2026-10-01,
gym80,SYGNUM (cable),5103,Cable Art No. 3 - Chest & Shoulder+,cable_stack,independent,chest,,,,,,manufacturer_page,SYGNUM CABLE ART; std stack 2x 55 kg (opt 2x 105),https://gym80.de/en/product/5103/,2026-10-01,
gym80,SYGNUM (cable),5104,Cable Art No. 4 - Biceps & Triceps+,cable_stack,independent,arms,,,,,,manufacturer_page,SYGNUM CABLE ART,https://gym80.de/en/product/5104/,2026-10-01,
gym80,SYGNUM (cable),5105,Cable Art No. 5 - Upper Body,cable_stack,independent,cable,,,,,,manufacturer_page,SYGNUM CABLE ART; std stack 2x 55 kg (opt 2x 105),https://gym80.de/en/product/5105/,2026-10-01,
gym80,SYGNUM (cable),5106,Cable Art No. 6 - Legs,cable_stack,independent,legs,,,,,,manufacturer_page,SYGNUM CABLE ART; std stack 2x 55 kg (opt 2x 105),https://gym80.de/en/product/5106/,2026-10-01,
gym80,SYGNUM (cable),4042,Adjustable V-Station,cable_stack,n/a,cable,,,,,,manufacturer_page,SYGNUM STATIONS; std stack 2x 85 kg (opt 2x 105 / 2x 135),https://gym80.de/en/product/4042/,2026-10-01,
gym80,SYGNUM (cable),4044,5-Station Tower,cable_stack,n/a,cable,,,,,,manufacturer_page,"SYGNUM STATIONS; 4044 and 4117 are both ""5-station tower"" (4117 adds a rowing station)",https://gym80.de/en/product/4044/,2026-10-01,
gym80,SYGNUM (cable),4117,5 Station Tower,cable_stack,n/a,cable,,,,,,manufacturer_page,SYGNUM STATIONS; includes rowing station; cf. 4044,https://gym80.de/en/product/4117/,2026-10-01,
gym80,SYGNUM (cable),4170,8-Station Tower,cable_stack,n/a,cable,,,,,,manufacturer_page,SYGNUM STATIONS,https://gym80.de/en/product/4170/,2026-10-01,
gym80,SYGNUM (cable),4116,Lat Pull Station,cable_stack,n/a,back,,,,,,manufacturer_page,SYGNUM STATIONS; std stack 135 kg (opt 165),https://gym80.de/en/product/4116/,2026-10-01,
gym80,SYGNUM (cable),4125,Pulley Explosive,cable_stack,n/a,cable,,,,,,manufacturer_page,SYGNUM STATIONS; std stack 135 kg,https://gym80.de/en/product/4125/,2026-10-01,
gym80,SYGNUM (cable),4900,Incline Row Combo,cable_stack,n/a,back,,,,,,manufacturer_page,SYGNUM STATIONS; std stack 245 kg (opt 309),https://gym80.de/en/product/4900/,2026-10-01,
gym80,SYGNUM (cable),5201,Multi-Power Station,cable_stack,n/a,full_body,,,,,,manufacturer_page,SYGNUM STATIONS; 5 machines in one unit (privategym),https://gym80.de/en/product/5201/,2026-10-01,
gym80,SYGNUM (cable),5242,Multi-Power Station privategym,cable_stack,n/a,full_body,,,,,,manufacturer_page,SYGNUM STATIONS; privategym variant of 5201,https://gym80.de/en/product/5242/,2026-10-01,
Matrix,Magnum Plate Loaded,MG-PL12,Magnum Vertical Bench Press,plate_loaded,independent,chest,,,,,Matrix product page: Starting Resistance 6.8 kg / 15 lbs (total vs per-arm not stated),manufacturer_page,"Manufacturer states starting weight 15 lb / 6.8 kg, without saying whether total or per arm.",https://us.matrixfitness.com/eng/strength/plate-loaded/mg-pl12-vertical-bench-press,2026-10-01,
Matrix,Magnum Plate Loaded,MG-PL13,Magnum Supine Bench Press,plate_loaded,independent,chest,,,,,Matrix product page: Starting Resistance 4.5 kg / 10 lbs. (total vs per-arm not stated),manufacturer_page,"Manufacturer states starting weight 10 lb / 4.5 kg, without saying whether total or per arm.",https://us.matrixfitness.com/eng/strength/plate-loaded/mg-pl13-supine-bench-press,2026-10-01,
Matrix,Magnum Plate Loaded,MG-PL14,Magnum Incline Bench Press,plate_loaded,independent,chest,,,,,Matrix product page: Starting Resistance 5.4 kg / 12 lbs. (total vs per-arm not stated),manufacturer_page,"Manufacturer states starting weight 12 lb / 5.4 kg, without saying whether total or per arm.",https://us.matrixfitness.com/eng/strength/plate-loaded/mg-pl14-incline-bench-press,2026-10-01,
Matrix,Magnum Plate Loaded,MG-PL15,Magnum Vertical Decline Bench Press,plate_loaded,independent,chest,,,,,Matrix product page: Starting Resistance 6.8 kg / 15 lbs (total vs per-arm not stated),manufacturer_page,"Manufacturer states starting weight 15 lb / 6.8 kg, without saying whether total or per arm.",https://us.matrixfitness.com/eng/strength/plate-loaded/mg-pl15-vertical-decline-bench-press,2026-10-01,
Matrix,Magnum Plate Loaded,MG-PL21,Magnum Seated Lateral Raise,plate_loaded,bilateral,shoulders,7,3.2,total,,Matrix product page: Starting Resistance 3.2 kg / 7 lbs.,manufacturer_page,,https://us.matrixfitness.com/eng/strength/plate-loaded/mg-pl21-seated-lateral-raise,2026-10-01,
Matrix,Magnum Plate Loaded,MG-PL22,Magnum Decline Pec Fly,plate_loaded,bilateral,chest,10,4.5,total,,Matrix product page: Starting Resistance 4.5 kg / 10 lbs.,manufacturer_page,,https://us.matrixfitness.com/eng/strength/plate-loaded/mg-pl22-decline-pec-fly,2026-10-01,
Matrix,Magnum Plate Loaded,MG-PL23,Magnum Shoulder Press,plate_loaded,independent,shoulders,,,,,Matrix product page: Starting Resistance 5.4 kg / 12 lbs (total vs per-arm not stated),manufacturer_page,"Manufacturer states starting weight 12 lb / 5.4 kg, without saying whether total or per arm.",https://us.matrixfitness.com/eng/strength/plate-loaded/mg-pl23-shoulder-press,2026-10-01,
Matrix,Magnum Plate Loaded,MG-PL33,Magnum Lat Pulldown,plate_loaded,independent,back,,,,,,manufacturer_page,,https://us.matrixfitness.com/eng/strength/catalog?modalities=plate-loaded,2026-09-30,
Matrix,Magnum Plate Loaded,MG-PL34,Magnum Seated Row,plate_loaded,independent,back,,,,,Matrix product page: Starting Resistance 11.3 kg / 25 lbs (total vs per-arm not stated),manufacturer_page,"Manufacturer states starting weight 25 lb / 11.3 kg, without saying whether total or per arm.",https://us.matrixfitness.com/eng/strength/plate-loaded/mg-pl34-seated-row,2026-10-01,
Matrix,Magnum Plate Loaded,MG-PL35,Magnum T-bar Row,plate_loaded,bilateral,back,45,20.4,total,,Matrix product page: Starting Resistance 20.4 kg / 45 lbs.,manufacturer_page,,https://us.matrixfitness.com/eng/strength/plate-loaded/mg-pl35-tbar-row,2026-10-01,
Matrix,Magnum Plate Loaded,MG-PL36,Magnum Incline Lever Row,plate_loaded,bilateral,back,45,20.4,total,,Matrix product page: Starting Resistance 20.4 kg / 45 lbs.,manufacturer_page,,https://us.matrixfitness.com/eng/strength/plate-loaded/mg-pl36-lever-row,2026-10-01,
Matrix,Magnum Plate Loaded,MG-PL37,Magnum High Row,plate_loaded,independent,back,,,,,Matrix product page: Starting Resistance 2.3 kg / 5 lbs. (total vs per-arm not stated),manufacturer_page,"Manufacturer states starting weight 5 lb / 2.3 kg, without saying whether total or per arm.",https://us.matrixfitness.com/eng/strength/plate-loaded/mg-pl37-high-row,2026-10-01,
Matrix,Magnum Plate Loaded,MG-PL38,Magnum Low Row,plate_loaded,independent,back,,,,,Matrix product page: Starting Resistance 5.4 kg / 12 lbs. (total vs per-arm not stated),manufacturer_page,"Manufacturer states starting weight 12 lb / 5.4 kg, without saying whether total or per arm.",https://us.matrixfitness.com/eng/strength/plate-loaded/mg-pl38-low-row,2026-10-01,
Matrix,Magnum Plate Loaded,MG-PL41,Magnum Elevated Biceps Curl,plate_loaded,bilateral,arms,30,13.5,total,,Matrix product page: Starting Resistance 13.5 kg / 30 lbs.,manufacturer_page,,https://us.matrixfitness.com/eng/strength/plate-loaded/mg-pl41-elevated-biceps-curl,2026-10-01,
Matrix,Magnum Plate Loaded,MG-PL50,Magnum Ab Crunch Bench,plate_loaded,bilateral,core,25,11.3,total,,Matrix product page: Starting Resistance 11.3 kg / 25 lbs.,manufacturer_page,,https://us.matrixfitness.com/eng/strength/plate-loaded/mg-pl50-ab-crunch-bench,2026-10-01,
Matrix,Magnum Plate Loaded,MG-PL62,Magnum Smith Machine,plate_loaded,bilateral,full_body,25,11.3,total,,Matrix product page: Starting Resistance 11.3 kg / 25 lbs.,manufacturer_page,,https://us.matrixfitness.com/eng/strength/plate-loaded/mg-pl62-smith-machine,2026-10-01,
Matrix,Magnum Plate Loaded,MG-PL70,Magnum 45-degree Leg Press,plate_loaded,bilateral,legs,167,75.7,total,,Matrix product page: Starting Resistance 75.7 kg / 167 lbs.,manufacturer_page,,https://us.matrixfitness.com/eng/strength/plate-loaded/mg-pl70-45-degree-leg-press,2026-10-01,
Matrix,Magnum Plate Loaded,MG-PL71,Magnum Hack Squat,plate_loaded,bilateral,legs,105,47.6,total,,Matrix product page: Starting Resistance 47.6 kg / 105 lbs,manufacturer_page,,https://us.matrixfitness.com/eng/strength/plate-loaded/mg-pl71-hack-squat,2026-10-01,
Matrix,Magnum Plate Loaded,MG-PL72,Magnum Kneeling Leg Curl,plate_loaded,bilateral,legs,15,6.8,total,,Matrix product page: Starting Resistance 6.8 kg / 15 lbs.,manufacturer_page,,https://us.matrixfitness.com/eng/strength/plate-loaded/mg-pl72-kneeling-leg-curl,2026-10-01,
Matrix,Magnum Plate Loaded,MG-PL73,Magnum Reclining Leg Extension,plate_loaded,bilateral,legs,30,13.5,total,,Matrix product page: Starting Resistance 13.5 kg / 30 lbs.,manufacturer_page,,https://us.matrixfitness.com/eng/strength/plate-loaded/mg-pl73-reclining-leg-extension,2026-10-01,
Matrix,Magnum Plate Loaded,MG-PL75,Magnum Standing Hip Abductor,plate_loaded,bilateral,glutes,25,11.3,total,,Matrix product page: Starting Resistance 11.3 kg / 25 lbs.,manufacturer_page,,https://us.matrixfitness.com/eng/strength/plate-loaded/mg-pl75-standing-hip-abductor,2026-10-01,
Matrix,Magnum Plate Loaded,MG-PL76,Magnum Standing Calf,plate_loaded,bilateral,legs,67,30.4,total,,Matrix product page: Starting Resistance 30.4 kg / 67 lbs,manufacturer_page,,https://us.matrixfitness.com/eng/strength/plate-loaded/mg-pl76-standing-calf,2026-10-01,
Matrix,Magnum Plate Loaded,MG-PL77,Magnum Seated Calf,plate_loaded,bilateral,legs,25,11.3,total,,Matrix product page: Starting Resistance 11.3 kg / 25 lbs,manufacturer_page,,https://us.matrixfitness.com/eng/strength/plate-loaded/mg-pl77-seated-calf,2026-10-01,
Matrix,Magnum Plate Loaded,MG-PL78,Magnum Glute Trainer,plate_loaded,bilateral,glutes,50,22.7,total,,Matrix product page: Starting Resistance 22.7 kg / 50 lbs,manufacturer_page,,https://us.matrixfitness.com/eng/strength/plate-loaded/mg-pl78-glute-trainer,2026-10-01,
Matrix,Ultra Series (G7),G7-S13,Ultra Converging Chest Press,selectorized,independent,chest,,,,240,240 lb (108 kg); 10 lb plates; max training weight 247.5 lb,reseller_or_manual,'B' suffix = Ultra Base variant; 'BH' = heavy stack,https://www.jhta.com.au/wp-content/uploads/2021/03/G7-S13-Owners-Manual.pdf,2026-09-30,
Matrix,Ultra Series (G7),G7-S23,Ultra Converging Shoulder Press,selectorized,independent,shoulders,,,,,,reseller_or_manual,'B' suffix = Ultra Base variant; 'BH' = heavy stack,https://www.jhta.com.au/wp-content/uploads/2021/03/G7-S13-Owners-Manual.pdf,2026-09-30,
Matrix,Ultra Series (G7),G7-S22,Ultra Pec Fly / Rear Delt,selectorized,bilateral,chest,,,,,,reseller_or_manual,'B' suffix = Ultra Base variant; 'BH' = heavy stack,https://www.jhta.com.au/wp-content/uploads/2021/03/G7-S13-Owners-Manual.pdf,2026-09-30,
Matrix,Ultra Series (G7),G7-S21,Ultra Lateral Raise,selectorized,bilateral,shoulders,,,,,,reseller_or_manual,'B' suffix = Ultra Base variant; 'BH' = heavy stack,https://www.jhta.com.au/wp-content/uploads/2021/03/G7-S13-Owners-Manual.pdf,2026-09-30,
Matrix,Ultra Series (G7),G7-S33,Ultra Diverging Lat Pulldown,selectorized,independent,back,,,,,,reseller_or_manual,'B' suffix = Ultra Base variant; 'BH' = heavy stack,https://www.jhta.com.au/wp-content/uploads/2021/03/G7-S13-Owners-Manual.pdf,2026-09-30,
Matrix,Ultra Series (G7),G7-S34,Ultra Diverging Seated Row,selectorized,independent,back,,,,,,reseller_or_manual,'B' suffix = Ultra Base variant; 'BH' = heavy stack,https://www.jhta.com.au/wp-content/uploads/2021/03/G7-S13-Owners-Manual.pdf,2026-09-30,
Matrix,Ultra Series (G7),G7-S40,Ultra Independent Biceps Curl,selectorized,independent,arms,,,,,,reseller_or_manual,'B' suffix = Ultra Base variant; 'BH' = heavy stack,https://www.jhta.com.au/wp-content/uploads/2021/03/G7-S13-Owners-Manual.pdf,2026-09-30,
Matrix,Ultra Series (G7),G7-S42,Ultra Triceps Press,selectorized,bilateral,arms,,,,,,reseller_or_manual,'B' suffix = Ultra Base variant; 'BH' = heavy stack,https://www.jhta.com.au/wp-content/uploads/2021/03/G7-S13-Owners-Manual.pdf,2026-09-30,
Matrix,Ultra Series (G7),G7-S51,Ultra Abdominal Crunch,selectorized,bilateral,core,,,,,,reseller_or_manual,'B' suffix = Ultra Base variant; 'BH' = heavy stack,https://www.jhta.com.au/wp-content/uploads/2021/03/G7-S13-Owners-Manual.pdf,2026-09-30,
Matrix,Ultra Series (G7),G7-S52,Ultra Back Extension,selectorized,bilateral,back,,,,,,reseller_or_manual,'B' suffix = Ultra Base variant; 'BH' = heavy stack,https://www.jhta.com.au/wp-content/uploads/2021/03/G7-S13-Owners-Manual.pdf,2026-09-30,
Matrix,Ultra Series (G7),G7-S55,Ultra Rotary Torso,selectorized,bilateral,core,,,,,,reseller_or_manual,'B' suffix = Ultra Base variant; 'BH' = heavy stack,https://www.jhta.com.au/wp-content/uploads/2021/03/G7-S13-Owners-Manual.pdf,2026-09-30,
Matrix,Ultra Series (G7),G7-S70,Ultra Leg Press,selectorized,bilateral,legs,,,,400,400 lb (180 kg),reseller_or_manual,'B' suffix = Ultra Base variant; 'BH' = heavy stack,https://www.jhta.com.au/wp-content/uploads/2021/03/G7-S13-Owners-Manual.pdf,2026-09-30,
Matrix,Ultra Series (G7),G7-S71,Ultra Leg Extension,selectorized,bilateral,legs,,,,,,reseller_or_manual,'B' suffix = Ultra Base variant; 'BH' = heavy stack,https://www.jhta.com.au/wp-content/uploads/2021/03/G7-S13-Owners-Manual.pdf,2026-09-30,
Matrix,Ultra Series (G7),G7-S72,Ultra Seated Leg Curl,selectorized,bilateral,legs,,,,,,reseller_or_manual,'B' suffix = Ultra Base variant; 'BH' = heavy stack,https://www.jhta.com.au/wp-content/uploads/2021/03/G7-S13-Owners-Manual.pdf,2026-09-30,
Matrix,Ultra Series (G7),G7-S73,Ultra Prone Leg Curl,selectorized,bilateral,legs,,,,,,reseller_or_manual,'B' suffix = Ultra Base variant; 'BH' = heavy stack,https://www.jhta.com.au/wp-content/uploads/2021/03/G7-S13-Owners-Manual.pdf,2026-09-30,
Matrix,Ultra Series (G7),G7-S74,Ultra Hip Adductor,selectorized,bilateral,legs,,,,,,reseller_or_manual,'B' suffix = Ultra Base variant; 'BH' = heavy stack,https://www.jhta.com.au/wp-content/uploads/2021/03/G7-S13-Owners-Manual.pdf,2026-09-30,
Matrix,Ultra Series (G7),G7-S75,Ultra Hip Abductor,selectorized,bilateral,glutes,,,,,,reseller_or_manual,'B' suffix = Ultra Base variant; 'BH' = heavy stack,https://www.jhta.com.au/wp-content/uploads/2021/03/G7-S13-Owners-Manual.pdf,2026-09-30,
Matrix,Ultra Series (G7),G7-S77,Ultra Calf Extension,selectorized,bilateral,legs,,,,,,reseller_or_manual,'B' suffix = Ultra Base variant; 'BH' = heavy stack,https://www.jhta.com.au/wp-content/uploads/2021/03/G7-S13-Owners-Manual.pdf,2026-09-30,
Matrix,Ultra Series (G7),G7-S78,Ultra Glute,selectorized,bilateral,glutes,,,,,,reseller_or_manual,'B' suffix = Ultra Base variant; 'BH' = heavy stack,https://www.jhta.com.au/wp-content/uploads/2021/03/G7-S13-Owners-Manual.pdf,2026-09-30,
Matrix,Ultra Series (G7),G7-S79,Ultra Hip Thrust,selectorized,bilateral,glutes,,,,,,manufacturer_page,"seed name was placeholder ""Ultra (unlisted model in manual index)""; Matrix product data: G7-S79 Ultra Hip Thrust, max training weight 195.8 kg / 435 lbs; base trim G7-S79B/G7-S79BH",https://us.matrixfitness.com/eng/strength/single-station/g7-s79-hip-thrust,2026-10-01,
Matrix,Versa Series (VS),VS-S13,Versa Converging Chest Press,selectorized,independent,chest,,,,160,light 160 lb / heavy 230 lb stacks (VS-S23 spec); 10 lb increments,reseller_or_manual,,https://pdf.archiexpo.com/pdf/matrix/versa/141371-240108.html,2026-09-30,
Matrix,Versa Series (VS),VS-S23,Versa Converging Shoulder Press,selectorized,independent,shoulders,,,,160,light 160 lb / heavy 230 lb stacks (VS-S23 spec); 10 lb increments,reseller_or_manual,,https://pdf.archiexpo.com/pdf/matrix/versa/141371-240108.html,2026-09-30,
Matrix,Versa Series (VS),VS-S22,Versa Rear Delt / Pec Fly,selectorized,bilateral,chest,,,,160,light 160 lb / heavy 230 lb stacks (VS-S23 spec); 10 lb increments,reseller_or_manual,,https://pdf.archiexpo.com/pdf/matrix/versa/141371-240108.html,2026-09-30,
Matrix,Versa Series (VS),VS-S40,Versa Biceps Curl,selectorized,bilateral,arms,,,,160,light 160 lb / heavy 230 lb stacks (VS-S23 spec); 10 lb increments,reseller_or_manual,,https://pdf.archiexpo.com/pdf/matrix/versa/141371-240108.html,2026-09-30,
Matrix,Versa Series (VS),VS-S52,Versa Back Extension,selectorized,bilateral,back,,,,160,light 160 lb / heavy 230 lb stacks (VS-S23 spec); 10 lb increments,reseller_or_manual,,https://pdf.archiexpo.com/pdf/matrix/versa/141371-240108.html,2026-09-30,
Matrix,Versa Series (VS),VS-S53,Versa Abdominal,selectorized,bilateral,core,,,,160,light 160 lb / heavy 230 lb stacks (VS-S23 spec); 10 lb increments,reseller_or_manual,,https://pdf.archiexpo.com/pdf/matrix/versa/141371-240108.html,2026-09-30,
Matrix,Versa Series (VS),VS-S72,Versa Seated Leg Curl,selectorized,bilateral,legs,,,,160,light 160 lb / heavy 230 lb stacks (VS-S23 spec); 10 lb increments,reseller_or_manual,,https://pdf.archiexpo.com/pdf/matrix/versa/141371-240108.html,2026-09-30,
Matrix,Versa Series (VS),VS-S33,Versa Diverging Lat Pulldown,selectorized,independent,back,,,,,,manufacturer_page,"confirmed on Matrix product data as ""Versa Diverging Lat Pulldown""",https://us.matrixfitness.com/eng/strength/single-station/vs-s33-diverging-lat-pulldown,2026-10-01,
Matrix,Versa Series (VS),VS-S34,Versa Diverging Seated Row,selectorized,independent,back,,,,,,manufacturer_page,"confirmed on Matrix product data as ""Versa Diverging Seated Row""",https://us.matrixfitness.com/eng/strength/single-station/vs-s34-diverging-seated-row,2026-10-01,
Matrix,Versa Series (VS),VS-S42,Versa Triceps Press,selectorized,bilateral,arms,,,,,,manufacturer_page,"confirmed on Matrix product data as ""Versa Triceps Press""; seed name was ""Versa Triceps Press / Seated Dip""",https://us.matrixfitness.com/eng/strength/single-station/vs-s42-triceps-press,2026-10-01,
Matrix,Versa Series (VS),VS-S70,Versa Leg Press / Calf Press,selectorized,bilateral,legs,,,,,,manufacturer_page,"confirmed on Matrix product data as ""Versa Leg Press / Calf Press""; seed name was ""Versa Leg Press""",https://us.matrixfitness.com/eng/strength/single-station/vs-s70-leg-press-calf-press,2026-10-01,
Matrix,Versa Series (VS),VS-S71,Versa Leg Extension,selectorized,bilateral,legs,,,,,,manufacturer_page,"confirmed on Matrix product data as ""Versa Leg Extension""",https://us.matrixfitness.com/eng/strength/single-station/vs-s71-leg-extension,2026-10-01,
Matrix,Versa Series (VS),VS-S73,Versa Prone Leg Curl,selectorized,bilateral,legs,,,,,,inferred,code inferred from Matrix's cross-line suffix convention (Sxx = movement); verify; checked 2026-10-01: no VS-S73 in Matrix product data (any region); Versa has VS-S72 Seated Leg Curl and VS-S711 combo only,,2026-10-01,
Matrix,Versa Series (VS),VS-S74,Versa Hip Abductor / Adductor,selectorized,bilateral,legs,,,,,,manufacturer_page,"Matrix name ""Versa Hip Abductor / Adductor"" (one combo machine); seed name was ""Versa Hip Adductor""",https://us.matrixfitness.com/eng/strength/single-station/vs-s74-hip-abductor-adductor,2026-10-01,
Matrix,Versa Series (VS),VS-S75,Versa Hip Abductor,selectorized,bilateral,glutes,,,,,,inferred,code inferred from Matrix's cross-line suffix convention (Sxx = movement); verify; checked 2026-10-01: no VS-S75 in Matrix product data; Versa abduction/adduction is the single combo VS-S74 -- this row is probably not a real model,,2026-10-01,
Matrix,Versa Series (VS),VS-S77,Versa Calf,selectorized,bilateral,legs,,,,,,inferred,code inferred from Matrix's cross-line suffix convention (Sxx = movement); verify; checked 2026-10-01: no VS-S77 in Matrix product data; Versa calf is done on VS-S70 Leg Press / Calf Press -- probably not a real model,,2026-10-01,
Matrix,Versa Series (VS),VS-S21,Versa Lateral Raise,selectorized,bilateral,shoulders,,,,,,inferred,code inferred from Matrix's cross-line suffix convention (Sxx = movement); verify; checked 2026-10-01: no VS-S21 in Matrix product data (Versa has no lateral raise listed),,2026-10-01,
Matrix,Aura Series (G3; G2/MX earlier gens share suffixes),G3-S10,Aura Chest Press,selectorized,bilateral,chest,,,,250,Matrix product page: Weight Stack 113 kg / 250 lbs.,manufacturer_page,"Matrix name ""Aura Chest Press""; Matrix lists status Inactive; legacy product on Matrix site",https://us.matrixfitness.com/eng/strength/single-station/g3-s10-chest-press,2026-10-01,
Matrix,Aura Series (G3; G2/MX earlier gens share suffixes),G3-S12,Aura Pec Fly,selectorized,bilateral,chest,,,,200,Matrix product page: Weight Stack 91 kg / 200 lbs.,manufacturer_page,"Matrix name ""Aura Pectoral Fly""; Matrix lists status Inactive; legacy product on Matrix site",https://us.matrixfitness.com/eng/strength/single-station/g3-s12-pectoral-fly,2026-10-01,
Matrix,Aura Series (G3; G2/MX earlier gens share suffixes),G3-S13,Aura Converging Chest Press,selectorized,independent,chest,,,,250,Matrix product page: Weight Stack 113 kg / 250 lbs.,manufacturer_page,"Matrix name ""Aura Converging Chest Press""; Matrix lists status Inactive; legacy product on Matrix site",https://us.matrixfitness.com/eng/strength/single-station/g3-s13-converging-chest-press,2026-10-01,
Matrix,Aura Series (G3; G2/MX earlier gens share suffixes),G3-S22,Aura Rear Delt / Fly,selectorized,bilateral,shoulders,,,,295,Matrix product page: Weight Stack 134 kg / 295 lbs.,manufacturer_page,"Matrix name ""Aura Rear Delt / Pec Fly""; legacy product on Matrix site",https://us.matrixfitness.com/eng/strength/single-station/g3-s22-rear-delt-fly,2026-10-01,
Matrix,Aura Series (G3; G2/MX earlier gens share suffixes),G3-S23,Aura Converging Shoulder Press,selectorized,independent,shoulders,,,,200,Matrix product page: Weight Stack 91 kg / 200 lbs.,manufacturer_page,"Matrix name ""Aura Converging Shoulder Press""; Matrix lists status Inactive; legacy product on Matrix site",https://us.matrixfitness.com/eng/strength/single-station/g3-s23-converging-shoulder-press,2026-10-01,
Matrix,Aura Series (G3; G2/MX earlier gens share suffixes),G3-S30,Aura Lat Pull,selectorized,bilateral,back,,,,295,Matrix product page: Weight Stack 134 kg / 295 lbs.,manufacturer_page,"Matrix name ""Aura Lat Pulldown""; legacy product on Matrix site",https://us.matrixfitness.com/eng/strength/single-station/g3-s30-lat-pulldown,2026-10-01,
Matrix,Aura Series (G3; G2/MX earlier gens share suffixes),G3-S31,Aura Seated Row,selectorized,bilateral,back,,,,250,Matrix product page: Weight Stack 113 kg / 250 lbs.,manufacturer_page,"Matrix name ""Aura Seated Row""; Matrix lists status Inactive; legacy product on Matrix site",https://us.matrixfitness.com/eng/strength/single-station/g3-s31-seated-row,2026-10-01,
Matrix,Aura Series (G3; G2/MX earlier gens share suffixes),G3-S33,Aura Diverging Lat Pull,selectorized,independent,back,,,,250,Matrix product page: Weight Stack 113 kg / 250 lbs.,manufacturer_page,"Matrix name ""Aura Diverging Lat Pulldown""; Matrix lists status Inactive; legacy product on Matrix site",https://us.matrixfitness.com/eng/strength/single-station/g3-s33-diverging-lat-pulldown,2026-10-01,
Matrix,Aura Series (G3; G2/MX earlier gens share suffixes),G3-S34,Aura Diverging Seated Row,selectorized,independent,back,,,,250,Matrix product page: Weight Stack 113 kg / 250 lbs.,manufacturer_page,"Matrix name ""Aura Diverging Seated Row""; Matrix lists status Inactive; legacy product on Matrix site",https://us.matrixfitness.com/eng/strength/single-station/g3-s34-diverging-seated-row,2026-10-01,
Matrix,Aura Series (G3; G2/MX earlier gens share suffixes),G3-S55,Aura Rotary Torso,selectorized,bilateral,core,,,,200,Matrix product page: Weight Stack 91 kg / 200 lbs.,manufacturer_page,"Matrix name ""Aura Rotary Torso""; Matrix lists status Inactive; legacy product on Matrix site",https://us.matrixfitness.com/eng/strength/single-station/g3-s55-rotary-torso,2026-10-01,
Matrix,Aura Series (G3; G2/MX earlier gens share suffixes),G3-S60,Aura Dip/Chin Assist,selectorized,bilateral,full_body,,,,,,manufacturer_page,"Matrix name ""Aura Dip / Chin Assist""; legacy product on Matrix site",https://us.matrixfitness.com/eng/strength/single-station/g3-s60-dip-chin-assist,2026-10-01,
Matrix,Aura Series (G3; G2/MX earlier gens share suffixes),G3-S70,Aura Leg Press,selectorized,bilateral,legs,,,,385,Matrix product page: Weight Stack 175 kg / 385 lbs.,manufacturer_page,"Matrix name ""Aura Leg Press""; Matrix lists status Inactive; legacy product on Matrix site",https://us.matrixfitness.com/eng/strength/single-station/g3-s70-leg-press,2026-10-01,
Matrix,Aura Series (G3; G2/MX earlier gens share suffixes),G3-S71,Aura Leg Extension,selectorized,bilateral,legs,,,,250,Matrix product page: Weight Stack 113 kg / 250 lbs.,manufacturer_page,"Matrix name ""Aura Leg Extension""; legacy product on Matrix site",https://us.matrixfitness.com/eng/strength/single-station/g3-s71-leg-extension,2026-10-01,
Matrix,Aura Series (G3; G2/MX earlier gens share suffixes),G3-S72,Aura Seated Leg Curl,selectorized,bilateral,legs,,,,205,Matrix product page: Weight Stack 93 kg / 205 lbs.,manufacturer_page,"Matrix name ""Aura Seated Leg Curl""; legacy product on Matrix site",https://us.matrixfitness.com/eng/strength/single-station/g3-s72-seated-leg-curl,2026-10-01,
Matrix,Aura Series (G3; G2/MX earlier gens share suffixes),G3-S73,Aura Prone Leg Curl,selectorized,bilateral,legs,,,,200,Matrix product page: Weight Stack 91 kg / 200 lbs.,manufacturer_page,"Matrix name ""Aura Prone Leg Curl""; legacy product on Matrix site",https://us.matrixfitness.com/eng/strength/single-station/g3-s73-prone-leg-curl,2026-10-01,
Matrix,Aura Series (G3; G2/MX earlier gens share suffixes),G3-S74,Aura Hip Adductor,selectorized,bilateral,legs,,,,220,Matrix product page: Weight Stack 100 kg / 220 lbs.,manufacturer_page,"Matrix name ""Aura Hip Adductor""; Matrix lists status Inactive; legacy product on Matrix site",https://us.matrixfitness.com/eng/strength/single-station/g3-s74-hip-adductor,2026-10-01,
Matrix,Aura Series (G3; G2/MX earlier gens share suffixes),G3-S75,Aura Hip Abductor,selectorized,bilateral,glutes,,,,220,Matrix product page: Weight Stack 100 kg / 220 lbs.,manufacturer_page,"Matrix name ""Aura Hip Abductor""; Matrix lists status Inactive; legacy product on Matrix site",https://us.matrixfitness.com/eng/strength/single-station/g3-s75-hip-abductor,2026-10-01,
Matrix,Aura Series (G3; G2/MX earlier gens share suffixes),G3-S77,Aura Calf,selectorized,bilateral,legs,,,,295,Matrix product page: Weight Stack 134 kg / 295 lbs.,manufacturer_page,"Matrix name ""Aura Calf Press""; Matrix lists status Inactive; legacy product on Matrix site",https://us.matrixfitness.com/eng/strength/single-station/g3-s77-calf-press,2026-10-01,
Matrix,Aura Series (G3; G2/MX earlier gens share suffixes),G3-S40,Aura Biceps Curl,selectorized,bilateral,arms,,,,200,Matrix product page: Weight Stack 91 kg / 200 lbs.,manufacturer_page,"Matrix name ""Aura Arm Curl""; Matrix lists status Inactive; legacy product on Matrix site",https://us.matrixfitness.com/eng/strength/single-station/g3-s40-arm-curl,2026-10-01,
Matrix,Aura Series (G3; G2/MX earlier gens share suffixes),G3-S42,Aura Triceps Press,selectorized,bilateral,arms,,,,200,Matrix product page: Weight Stack 91 kg / 200 lbs.,manufacturer_page,"Matrix name ""Aura Triceps Press""; seed name was ""Aura Seated Dip""; Matrix lists status Inactive; legacy product on Matrix site",https://us.matrixfitness.com/eng/strength/single-station/g3-s42-triceps-press,2026-10-01,
Matrix,Aura Series (G3; G2/MX earlier gens share suffixes),G3-S52,Aura Back Extension,selectorized,bilateral,back,,,,295,Matrix product page: Weight Stack 134 kg / 295 lbs.,manufacturer_page,"Matrix name ""Aura Back Extension""; Matrix lists status Inactive; legacy product on Matrix site",https://us.matrixfitness.com/eng/strength/single-station/g3-s52-back-extension,2026-10-01,
Matrix,Aura Series (G3; G2/MX earlier gens share suffixes),G3-S53,Aura Abdominal,selectorized,bilateral,core,,,,,,inferred,code inferred from suffix convention; verify; checked 2026-10-01: no G3-S53 in Matrix product data; Aura abdominals are G3-S50 Abdominal and G3-S51 Abdominal Crunch (added as rows),,2026-10-01,
Matrix,Aura Series (G3; G2/MX earlier gens share suffixes),G3-S20,Aura Shoulder Press,selectorized,bilateral,shoulders,,,,200,Matrix product page: Weight Stack 91 kg / 200 lbs.,manufacturer_page,Matrix lists status Inactive; legacy product on Matrix site,https://us.matrixfitness.com/eng/strength/single-station/g3-s20-shoulder-press,2026-10-01,
Matrix,Aura Series (G3; G2/MX earlier gens share suffixes),G3-S21,Aura Lateral Raise,selectorized,bilateral,shoulders,,,,200,Matrix product page: Weight Stack 91 kg / 200 lbs.,manufacturer_page,Matrix lists status Inactive; legacy product on Matrix site,https://us.matrixfitness.com/eng/strength/single-station/g3-s21-lateral-raise,2026-10-01,
Matrix,Aura Series (G3; G2/MX earlier gens share suffixes),G3-S45,Aura Triceps Extension,selectorized,bilateral,arms,,,,200,Matrix product page: Weight Stack 91 kg / 200 lbs.,manufacturer_page,Matrix lists status Inactive; legacy product on Matrix site,https://us.matrixfitness.com/eng/strength/single-station/g3-s45-triceps-extension,2026-10-01,
Matrix,Aura Series (G3; G2/MX earlier gens share suffixes),G3-S50,Aura Abdominal,selectorized,bilateral,core,,,,150,Matrix product page: Weight Stack 68 kg / 150 lbs.,manufacturer_page,legacy product on Matrix site,https://world.matrixfitness.com/eng/strength/single-station/g3-s50-abdominal,2026-10-01,
Matrix,Aura Series (G3; G2/MX earlier gens share suffixes),G3-S51,Aura Abdominal Crunch,selectorized,bilateral,core,,,,200,Matrix product page: Weight Stack 91 kg / 200 lbs.,manufacturer_page,Matrix lists status Inactive; legacy product on Matrix site,https://us.matrixfitness.com/eng/strength/single-station/g3-s51-abdominal-crunch,2026-10-01,
Matrix,Aura Series (G3; G2/MX earlier gens share suffixes),G3-S76,Aura Rotary Hip,selectorized,bilateral,glutes,,,,295,Matrix product page: Weight Stack 134 kg / 295 lbs.,manufacturer_page,Matrix lists status Inactive; legacy product on Matrix site,https://us.matrixfitness.com/eng/strength/single-station/g3-s76-rotary-hip,2026-10-01,
Matrix,Aura Series (G3; G2/MX earlier gens share suffixes),G3-MS20,Aura Adjustable Cable Crossover,cable_stack,n/a,cable,,,,,,manufacturer_page,legacy product on Matrix site,https://us.matrixfitness.com/eng/strength/multi-station/g3-ms20-adjustable-cable-crossover,2026-10-01,
Matrix,Aura Series (G3; G2/MX earlier gens share suffixes),G3-MS24,Aura Adjustable Pulley,cable_stack,n/a,cable,,,,200,Matrix product page: Weight Stack 91 kg / 200 lbs.,manufacturer_page,legacy product on Matrix site,https://us.matrixfitness.com/eng/strength/multi-station/adjustable-pulley,2026-10-01,
Matrix,Aura Series (G3; G2/MX earlier gens share suffixes),G3-MS51,Aura Lat Pulldown (multi-station module),selectorized,bilateral,back,,,,295,Matrix product page: Weight Stack 134 kg / 295 lbs.,manufacturer_page,legacy product on Matrix site,https://us.matrixfitness.com/eng/strength/multi-station/lat-pulldown,2026-10-01,
Matrix,Aura Series (G3; G2/MX earlier gens share suffixes),G3-MS52,Aura Triceps Pressdown (multi-station module),cable_stack,n/a,arms,,,,200,Matrix product page: Weight Stack 91 kg / 200 lbs.,manufacturer_page,legacy product on Matrix site,https://us.matrixfitness.com/eng/strength/multi-station/triceps-pressdown,2026-10-01,
Matrix,Aura Series (G3; G2/MX earlier gens share suffixes),G3-MS53,Aura Low Row (multi-station module),selectorized,bilateral,back,,,,295,Matrix product page: Weight Stack 134 kg / 295 lbs.,manufacturer_page,legacy product on Matrix site,https://us.matrixfitness.com/eng/strength/multi-station/low-row,2026-10-01,
Matrix,Aura Series (G3; G2/MX earlier gens share suffixes),G3-MS40,Aura 4-Stack Multi-Station,cable_stack,n/a,full_body,,,,,,manufacturer_page,Matrix lists status Inactive; legacy product on Matrix site,https://us.matrixfitness.com/eng/strength/multi-station/g3-ms40p-4-stack,2026-10-01,
Matrix,Aura Series (G3; G2/MX earlier gens share suffixes),G3-MS50,Aura 5-Stack Multi-Station,cable_stack,n/a,full_body,,,,,,manufacturer_page,Matrix lists status Inactive; legacy product on Matrix site,https://us.matrixfitness.com/eng/strength/multi-station/g3-ms50p-5-stack,2026-10-01,
Matrix,Aura Series (G3; G2/MX earlier gens share suffixes),G3-MS80,Aura 8-Stack Multi-Station,cable_stack,n/a,full_body,,,,,,manufacturer_page,Matrix lists status Inactive; legacy product on Matrix site,https://us.matrixfitness.com/eng/strength/multi-station/g3-ms80p-8-stack,2026-10-01,
Matrix,Aura Series (G3; G2/MX earlier gens share suffixes),G3-MSFT300,Aura Functional Trainer,cable_stack,independent,cable,,,,290,Matrix product page: Weight Stack Functional Trainer G3-MSFT 300 2 x 131 kg / 2 x 290 lbs. (1:4 Ratio),manufacturer_page,"Matrix lists one product with model number ""G3-MSFT300/400""; 300 and 400 are stack options -- split into two rows",https://us.matrixfitness.com/eng/strength/multi-station/g3-msft3-functional-trainer,2026-10-01,
Matrix,Aura Series (G3; G2/MX earlier gens share suffixes),G3-MSFT400,Aura Functional Trainer,cable_stack,independent,cable,,,,390,Matrix product page: Weight Stack Functional Trainer G3-MSFT 400 2 x 176 kg / 2 x 390 lbs. (1:4 Ratio),manufacturer_page,"Matrix lists one product with model number ""G3-MSFT300/400""; 300 and 400 are stack options -- split into two rows",https://us.matrixfitness.com/eng/strength/multi-station/g3-msft3-functional-trainer,2026-10-01,
Matrix,Ultra Series (G7),G7-S41,Ultra Dependent Arm Curl,selectorized,bilateral,arms,,,,200,Matrix product page: Weight Stack 90 kg / 200 lbs.,manufacturer_page,'B' suffix = Ultra Base variant; 'BH' = heavy stack,https://us.matrixfitness.com/eng/strength/single-station/g7-s41-dependent-arm-curl,2026-10-01,
Matrix,Ultra Series (G7),G7-S45,Ultra Triceps Extension,selectorized,bilateral,arms,,,,180,Matrix product page: Weight Stack 81 kg / 180 lbs.,manufacturer_page,'B' suffix = Ultra Base variant; 'BH' = heavy stack,https://us.matrixfitness.com/eng/strength/single-station/g7-s45-triceps-extension,2026-10-01,
Matrix,Versa Series (VS),VS-S131,Versa Multi Press,selectorized,bilateral,chest,,,,,,manufacturer_page,,https://us.matrixfitness.com/eng/strength/single-station/vs-s131-multi-press,2026-10-01,
Matrix,Versa Series (VS),VS-S331,Versa Lat Pulldown / Seated Row,selectorized,bilateral,back,,,,,,manufacturer_page,,https://us.matrixfitness.com/eng/strength/single-station/vs-s331-lat-pulldown-seated-row,2026-10-01,
Matrix,Versa Series (VS),VS-S401,Versa Bicep / Tricep,selectorized,bilateral,arms,,,,,,manufacturer_page,,https://us.matrixfitness.com/eng/strength/single-station/vs-s401-bicep-tricep,2026-10-01,
Matrix,Versa Series (VS),VS-S531,Versa Ab / Low Back,selectorized,bilateral,core,,,,,,manufacturer_page,,https://us.matrixfitness.com/eng/strength/single-station/vs-s531-abdominal-back-extension,2026-10-01,
Matrix,Versa Series (VS),VS-S601,Versa Chin / Dip Assist,selectorized,bilateral,full_body,,,,150,Matrix product page: Weight Stack 68 kg / 150 lbs.,manufacturer_page,,https://us.matrixfitness.com/eng/strength/single-station/vs-s601-chin-dip-assist,2026-10-01,
Matrix,Versa Series (VS),VS-S711,Versa Leg Extension / Leg Curl,selectorized,bilateral,legs,,,,,,manufacturer_page,,https://us.matrixfitness.com/eng/strength/single-station/vs-s711-leg-extension-seated-leg-curl,2026-10-01,
Matrix,Versa Series (VS),VS-S78,Versa Glute,selectorized,bilateral,glutes,,,,150,Matrix product page: Weight Stack 68 kg / 150 lbs.,manufacturer_page,,https://us.matrixfitness.com/eng/strength/single-station/vs-s78-glute,2026-10-01,
Matrix,Versa Series (VS),VS-VFT,Versa Functional Trainer,cable_stack,independent,cable,,,,,,manufacturer_page,"Matrix model number ""VS-VFT + VS-FTS30"" (30"" storage) or ""VS-VFT + VS-FTS18"" (18"" storage); VS-FTS* is the storage option",https://us.matrixfitness.com/eng/strength/multi-station/vs-vft-functional-trainer-30,2026-10-01,
Matrix,Versa MD (medical),MD-S70,Versa MD Leg Press,selectorized,bilateral,legs,,,,300,Matrix product page: Weight Stack 136 kg / 300 lbs.,manufacturer_page,,https://us.matrixfitness.com/eng/strength/single-station/md-s70-leg-press,2026-10-01,
Matrix,Versa MD (medical),MD-S711,Versa MD Leg Extension / Leg Curl,selectorized,bilateral,legs,,,,200,Matrix product page: Weight Stack 91 kg / 200 lbs.,manufacturer_page,,https://us.matrixfitness.com/eng/strength/single-station/md-s711-leg-extension-leg-curl,2026-10-01,
Matrix,Versa MD (medical),MD-AP,Versa MD Adjustable Pulley,cable_stack,n/a,cable,5,2.3,total,150,Matrix product page: Starting weight 2.3 kg / 5 lbs.; Weight stack 68 kg / 150 lbs. (effective 34 kg / 75 lbs.),manufacturer_page,,https://us.matrixfitness.com/eng/strength/single-station/md-ap-adjustable-pulley,2026-10-01,
Matrix,Go Series,GO-S13,Go Series Chest Press,selectorized,bilateral,chest,,,,,,manufacturer_page,,https://us.matrixfitness.com/eng/strength/single-station/go-s13-chest-press,2026-10-01,
Matrix,Go Series,GO-S23,Go Series Shoulder Press,selectorized,bilateral,shoulders,,,,,,manufacturer_page,,https://us.matrixfitness.com/eng/strength/single-station/go-s23-shoulder-press,2026-10-01,
Matrix,Go Series,GO-S33,Go Series Lat Pulldown,selectorized,bilateral,back,,,,,,manufacturer_page,,https://us.matrixfitness.com/eng/strength/single-station/go-s33-lat-pulldown,2026-10-01,
Matrix,Go Series,GO-S34,Go Series Seated Row,selectorized,bilateral,back,,,,,,manufacturer_page,,https://us.matrixfitness.com/eng/strength/single-station/go-s34-seated-row,2026-10-01,
Matrix,Go Series,GO-S40,Go Series Biceps Curl,selectorized,bilateral,arms,,,,,,manufacturer_page,,https://us.matrixfitness.com/eng/strength/single-station/go-s40-biceps-curl,2026-10-01,
Matrix,Go Series,GO-S42,Go Series Seated Triceps Press,selectorized,bilateral,arms,,,,,,manufacturer_page,,https://us.matrixfitness.com/eng/strength/single-station/go-s42-seated-triceps-press,2026-10-01,
Matrix,Go Series,GO-S53,Go Series Abdominal,selectorized,bilateral,core,,,,,,manufacturer_page,,https://us.matrixfitness.com/eng/strength/single-station/go-s53-abdominal,2026-10-01,
Matrix,Go Series,GO-S70,Go Series Leg Press,selectorized,bilateral,legs,,,,,,manufacturer_page,,https://us.matrixfitness.com/eng/strength/single-station/go-s70-leg-press,2026-10-01,
Matrix,Go Series,GO-S71,Go Series Leg Extension,selectorized,bilateral,legs,,,,,,manufacturer_page,,https://us.matrixfitness.com/eng/strength/single-station/go-s71-leg-extension,2026-10-01,
Matrix,Go Series,GO-S72,Go Series Seated Leg Curl,selectorized,bilateral,legs,,,,,,manufacturer_page,,https://us.matrixfitness.com/eng/strength/single-station/go-s72-seated-leg-curl,2026-10-01,
Matrix,Go Series,GO-FT3,Go Series Functional Trainer,cable_stack,independent,cable,,,,300,Matrix product page: GO-FT3 Weight Stack 136 kg / 300 lbs. actual weight,manufacturer_page,"Matrix lists one product ""GO-FT3 / GO-FT4""; split by stack option",https://us.matrixfitness.com/eng/strength/multi-station/go-ft-functional-trainer,2026-10-01,
Matrix,Go Series,GO-FT4,Go Series Functional Trainer,cable_stack,independent,cable,,,,400,Matrix product page: GO-FT4 Weight Stack 180 kg / 400 lbs. actual weight,manufacturer_page,"Matrix lists one product ""GO-FT3 / GO-FT4""; split by stack option",https://us.matrixfitness.com/eng/strength/multi-station/go-ft-functional-trainer,2026-10-01,
Matrix,Magnum Plate Loaded,MG-PL79,Magnum Squat / Lunge,plate_loaded,bilateral,legs,36,16.3,total,,Matrix product page: Starting Resistance 16.3 kg / 36 lbs,manufacturer_page,,https://us.matrixfitness.com/eng/strength/plate-loaded/mg-pl79-squat-lunge,2026-10-01,
Matrix,Magnum Plate Loaded,MG-PL80,Magnum Pendulum Squat,plate_loaded,bilateral,legs,120,55,total,,Matrix product page: Starting Resistance 55 kg / 120 lbs.,manufacturer_page,,https://us.matrixfitness.com/eng/strength/plate-loaded/mg-pl80-pendulum-squat,2026-10-01,
Matrix,Magnum Plate Loaded,MG-PL81,Magnum Belt Squat,plate_loaded,bilateral,legs,45,20.4,total,,Matrix product page: Starting Resistance 20.4 kg / 45 lbs.,manufacturer_page,,https://us.matrixfitness.com/eng/strength/plate-loaded/mg-pl81-belt-squat,2026-10-01,
Matrix,Magnum Plate Loaded,MG-PL82,Magnum Standing Hip Thrust,plate_loaded,bilateral,glutes,25,11.3,total,,Matrix product page: Starting Resistance 11.3 kg / 25 lbs.,manufacturer_page,,https://us.matrixfitness.com/eng/strength/plate-loaded/mg-pl82-standing-hip-thrust,2026-10-01,
Matrix,Magnum Plate Loaded,MG-405,Magnum Reverse Back Extension,plate_loaded,bilateral,back,15,7,total,,Matrix product page: Starting Resistance 7 kg / 15 lbs.,manufacturer_page,legacy product on Matrix site,https://us.matrixfitness.com/eng/strength/plate-loaded/mg-405-reverse-back-extension,2026-10-01,
Matrix,Magnum Selectorized / Cable,MG-921,Magnum Lat Pulldown,selectorized,bilateral,back,,,,312,Matrix product page: Weight Stack 141.5 kg / 312 lbs.,manufacturer_page,legacy product on Matrix site,https://us.matrixfitness.com/eng/strength/multi-station/mg-921-lat-pulldown,2026-10-01,
Matrix,Magnum Selectorized / Cable,MG-926,Magnum Low Row,selectorized,bilateral,back,,,,312,Matrix product page: Weight Stack 141.5 kg / 312 lbs.,manufacturer_page,legacy product on Matrix site,https://us.matrixfitness.com/eng/strength/multi-station/mg-926-low-row,2026-10-01,
Matrix,Magnum Selectorized / Cable,MG-946,Magnum Lat Pulldown / Low Row,selectorized,bilateral,back,,,,312,Matrix product page: Weight Stack 141.5 kg / 312 lbs.,manufacturer_page,legacy product on Matrix site,https://us.matrixfitness.com/eng/strength/multi-station/mg-946-lat-pulldown-low-row,2026-10-01,
Matrix,Magnum Selectorized / Cable,MG-923,Magnum Adjustable Pulley,cable_stack,n/a,cable,,,,232,Matrix product page: Weight Stack 105.2 kg / 232 lbs.,manufacturer_page,legacy product on Matrix site,https://us.matrixfitness.com/eng/strength/multi-station/mg-923-adjustable-pulley,2026-10-01,
Matrix,Magnum Selectorized / Cable,MG-924,Magnum Adjustable Crossover,cable_stack,n/a,cable,,,,232,Matrix product page: Weight Stack (2) 105.2 kg / 232 lbs. (stack_lb = one stack),manufacturer_page,legacy product on Matrix site,https://us.matrixfitness.com/eng/strength/multi-station/mg-924-adjustable-crossover,2026-10-01,
Matrix,Magnum Selectorized / Cable,MG-942,Magnum Triceps Pushdown,cable_stack,n/a,arms,,,,192,Matrix product page: Weight Stack 87.1 kg / 192 lbs.,manufacturer_page,legacy product on Matrix site,https://us.matrixfitness.com/eng/strength/multi-station/mg-942-triceps-pushdown,2026-10-01,
Matrix,Xult (formerly Varsity / G1),VY-400,Xult Perfect Squat,plate_loaded,bilateral,legs,,,,,,manufacturer_page,Matrix also lists a VY-400-03 page with the same model number,https://world.matrixfitness.com/eng/strength/plate-loaded/vy-400-03-perfect-squat,2026-10-01,
Matrix,Xult (formerly Varsity / G1),VY-401,Xult Leg Extension,plate_loaded,bilateral,legs,,,,,,manufacturer_page,legacy product on Matrix site,https://us.matrixfitness.com/eng/strength/plate-loaded/vy-401-leg-extension,2026-10-01,
Matrix,Xult (formerly Varsity / G1),VY-402,Xult Prone Leg Curl,plate_loaded,bilateral,legs,,,,,,manufacturer_page,legacy product on Matrix site,https://us.matrixfitness.com/eng/strength/plate-loaded/vy-402-prone-leg-curl,2026-10-01,
Matrix,Xult (formerly Varsity / G1),VY-431,Xult Biceps Curl,plate_loaded,bilateral,arms,,,,,,manufacturer_page,legacy product on Matrix site,https://us.matrixfitness.com/eng/strength/plate-loaded/vy-431-biceps-curl,2026-10-01,
Matrix,Xult (formerly Varsity / G1),VY-432,Xult Triceps Extension,plate_loaded,bilateral,arms,,,,,,manufacturer_page,legacy product on Matrix site,https://us.matrixfitness.com/eng/strength/plate-loaded/vy-432-triceps-extension,2026-10-01,
Matrix,Xult (formerly Varsity / G1),VY-M49,Xult Angled Smith Machine,plate_loaded,bilateral,full_body,,,,,,manufacturer_page,Matrix page slug vy-m49-02; legacy product on Matrix site,https://us.matrixfitness.com/eng/strength/plate-loaded/vy-m49-02-angled-smith-machine,2026-10-01,
Matrix,Xult (formerly Varsity / G1),G1-FW161,Xult Smith Machine,plate_loaded,bilateral,full_body,44,20,total,,Matrix product page: Starting Weight 20 kg / 44 lbs,manufacturer_page,Matrix lists status Inactive; legacy product on Matrix site,https://us.matrixfitness.com/eng/strength/plate-loaded/g1-fw161-smith-machine-varsity,2026-10-01,
Matrix,Xult (formerly Varsity / G1),G1-MG30,Xult 3-Stack Multi-Gym,cable_stack,n/a,full_body,,,,,,manufacturer_page,legacy product on Matrix site,https://us.matrixfitness.com/eng/strength/multi-station/g1-mg30-3-stack-multi-gym,2026-10-01,
Matrix,G1 multi-station,G1-MS20,G1 Adjustable Cable Crossover,cable_stack,n/a,cable,,,,,,manufacturer_page,legacy product on Matrix site,https://world.matrixfitness.com/eng/strength/multi-station/g1-ms20-adjustable-cable-crossover,2026-10-01,
Matrix,G1 multi-station,G1-MS40,G1 4-Stack Multi-Station,cable_stack,n/a,full_body,,,,,,manufacturer_page,legacy product on Matrix site,https://world.matrixfitness.com/eng/strength/multi-station/g1-ms40-4-stack,2026-10-01,
Matrix,G1 multi-station,G1-MS50,G1 5-Stack Multi-Station,cable_stack,n/a,full_body,,,,,,manufacturer_page,legacy product on Matrix site,https://world.matrixfitness.com/eng/strength/multi-station/g1-ms50-5-stack,2026-10-01,
Matrix,G1 multi-station,G1-MS80,G1 8-Stack Multi-Station,cable_stack,n/a,full_body,,,,,,manufacturer_page,legacy product on Matrix site,https://world.matrixfitness.com/eng/strength/multi-station/g1-ms80-8-stack,2026-10-01,
Precor,Discovery Strength Plate Loaded,DPL0802,Discovery Smith Machine,plate_loaded,bilateral,full_body,35,15.9,total,,,manufacturer_page,,https://www.precor.com/en-US/strength/plate-loaded/discovery/all,2026-09-30,
Precor,Discovery Strength Plate Loaded,DPL0603,Discovery Hack Squat,plate_loaded,bilateral,legs,89,40,total,,"starting weight per Precor product page ('Starting Weight', no per-arm qualifier; Precor labels per-arm values explicitly, e.g. GPL0551)",manufacturer_page,,https://www.precor.com/en-US/products/DPL0603,2026-10-01,
Precor,Discovery Strength Plate Loaded,DPL0601,Discovery Angled Leg Press,plate_loaded,bilateral,legs,136,62,total,,"starting weight per Precor product page ('Starting Weight', no per-arm qualifier; Precor labels per-arm values explicitly, e.g. GPL0551)",manufacturer_page,,https://www.precor.com/en-US/products/DPL0601,2026-10-01,
Precor,Discovery Strength Plate Loaded,DPL0624,Discovery Squat Machine,plate_loaded,bilateral,legs,40,18,total,,"starting weight per Precor product page ('Starting Weight', no per-arm qualifier; Precor labels per-arm values explicitly, e.g. GPL0551)",manufacturer_page,,https://www.precor.com/en-US/products/DPL0624,2026-10-01,
Precor,Discovery Strength Plate Loaded,DPL0560,Discovery Leg Extension,plate_loaded,independent,legs,13,5.9,total,,"starting weight per Precor product page ('Starting Weight', no per-arm qualifier; Precor labels per-arm values explicitly, e.g. GPL0551)",manufacturer_page,,https://www.precor.com/en-US/products/DPL0560,2026-10-01,
Precor,Discovery Strength Plate Loaded,DPL0561,Discovery Leg Curl,plate_loaded,independent,legs,11,5,total,,,manufacturer_page,,https://www.precor.com/en-US/strength/plate-loaded/discovery/all,2026-09-30,
Precor,Discovery Strength Plate Loaded,DPL0616,Discovery Calf Raise,plate_loaded,bilateral,legs,25,11,total,,"starting weight per Precor product page ('Starting Weight', no per-arm qualifier; Precor labels per-arm values explicitly, e.g. GPL0551)",manufacturer_page,,https://www.precor.com/en-US/products/DPL0616,2026-10-01,
Precor,Discovery Strength Plate Loaded,DPL0550,Discovery Shoulder Press,plate_loaded,independent,shoulders,10,4.5,total,,"starting weight per Precor product page ('Starting Weight', no per-arm qualifier; Precor labels per-arm values explicitly, e.g. GPL0551)",manufacturer_page,,https://www.precor.com/en-US/products/DPL0550,2026-10-01,
Precor,Discovery Strength Plate Loaded,DPL0540,Discovery Chest Press,plate_loaded,independent,chest,12,5.5,total,,"starting weight per Precor product page ('Starting Weight', no per-arm qualifier; Precor labels per-arm values explicitly, e.g. GPL0551)",manufacturer_page,,https://www.precor.com/en-US/products/DPL0540,2026-10-01,
Precor,Discovery Strength Plate Loaded,DPL0543,Discovery Decline Chest Press,plate_loaded,independent,chest,12,5.5,total,,"starting weight per Precor product page ('Starting Weight', no per-arm qualifier; Precor labels per-arm values explicitly, e.g. GPL0551)",manufacturer_page,,https://www.precor.com/en-US/products/DPL0543,2026-10-01,
Precor,Discovery Strength Plate Loaded,DPL0541,Discovery Incline Press,plate_loaded,independent,chest,12,5.5,total,,"starting weight per Precor product page ('Starting Weight', no per-arm qualifier; Precor labels per-arm values explicitly, e.g. GPL0551)",manufacturer_page,,https://www.precor.com/en-US/products/DPL0541,2026-10-01,
Precor,Discovery Strength Plate Loaded,DPL0520,Discovery Biceps Curl,plate_loaded,bilateral,arms,12,5.4,total,,"starting weight per Precor product page ('Starting Weight', no per-arm qualifier; Precor labels per-arm values explicitly, e.g. GPL0551)",manufacturer_page,,https://www.precor.com/en-US/products/DPL0520,2026-10-01,
Precor,Discovery Strength Plate Loaded,DPL0521,Discovery Seated Dip,plate_loaded,independent,arms,8,3.6,total,,"starting weight per Precor product page ('Starting Weight', no per-arm qualifier; Precor labels per-arm values explicitly, e.g. GPL0551)",manufacturer_page,,https://www.precor.com/en-US/products/DPL0521,2026-10-01,
Precor,Discovery Strength Plate Loaded,DPL0305,Discovery Pulldown,plate_loaded,independent,back,5,2.5,total,,"starting weight per Precor product page ('Starting Weight', no per-arm qualifier; Precor labels per-arm values explicitly, e.g. GPL0551)",manufacturer_page,,https://www.precor.com/en-US/products/DPL0305,2026-10-01,
Precor,Discovery Strength Plate Loaded,DPL0308,Discovery Low Row,plate_loaded,independent,back,15,6.5,total,,"starting weight per Precor product page ('Starting Weight', no per-arm qualifier; Precor labels per-arm values explicitly, e.g. GPL0551)",manufacturer_page,,https://www.precor.com/en-US/products/DPL0308,2026-10-01,
Precor,Discovery Strength Plate Loaded,DPL0309,Discovery Seated Row,plate_loaded,independent,back,10,4.5,total,,"starting weight per Precor product page ('Starting Weight', no per-arm qualifier; Precor labels per-arm values explicitly, e.g. GPL0551)",manufacturer_page,,https://www.precor.com/en-US/products/DPL0309,2026-10-01,
Precor,Discovery Strength Plate Loaded,DPL0311,Discovery Incline Lever Row,plate_loaded,bilateral,back,40,18,total,,"starting weight per Precor product page ('Starting Weight', no per-arm qualifier; Precor labels per-arm values explicitly, e.g. GPL0551)",manufacturer_page,,https://www.precor.com/en-US/products/DPL0311,2026-10-01,
Precor,Vitality Strength Selectorized,VSL025BP,Vitality Biceps Curl / Triceps Extension,selectorized,bilateral,arms,,,,,,manufacturer_page,integrated 5-lb add-on weight on the line; Precor Selectorized spec table (https://static.precor.com/spec-tables/en-us/Selectorized-Spec-Tables.pdf) lists this machine as VSLC025BP - placard may show either code,https://www.precor.com/en-US/strength/selectorized/vitality,2026-10-01,
Precor,Vitality Strength Selectorized,VSL003BP,Vitality Biceps Curl,selectorized,bilateral,arms,,,,,,manufacturer_page,integrated 5-lb add-on weight on the line,https://www.precor.com/en-US/strength/selectorized/vitality,2026-09-30,
Precor,Vitality Strength Selectorized,VSL023BP,Vitality Triceps Extension,selectorized,bilateral,arms,,,,,,manufacturer_page,integrated 5-lb add-on weight on the line,https://www.precor.com/en-US/strength/selectorized/vitality,2026-09-30,
Precor,Vitality Strength Selectorized,VSL001BP,Vitality Chest Press,selectorized,bilateral,chest,,,,,,manufacturer_page,integrated 5-lb add-on weight on the line; Precor Selectorized spec table (https://static.precor.com/spec-tables/en-us/Selectorized-Spec-Tables.pdf) lists this machine as VSLC001BP - placard may show either code,https://www.precor.com/en-US/strength/selectorized/vitality,2026-10-01,
Precor,Vitality Strength Selectorized,VSL012BP,Vitality Shoulder Press,selectorized,bilateral,shoulders,,,,,,manufacturer_page,integrated 5-lb add-on weight on the line,https://www.precor.com/en-US/strength/selectorized/vitality,2026-09-30,
Precor,Vitality Strength Selectorized,VSL015BP,Vitality Rear Delt / Pec Fly,selectorized,bilateral,chest,,,,,,manufacturer_page,integrated 5-lb add-on weight on the line; Precor Selectorized spec table (https://static.precor.com/spec-tables/en-us/Selectorized-Spec-Tables.pdf) lists this machine as VSLC015BP - placard may show either code,https://www.precor.com/en-US/strength/selectorized/vitality,2026-10-01,
Precor,Vitality Strength Selectorized,VSL024BP,Vitality Multi-Press (bench/incline/shoulder),selectorized,bilateral,chest,,,,,,manufacturer_page,integrated 5-lb add-on weight on the line; Precor Selectorized spec table (https://static.precor.com/spec-tables/en-us/Selectorized-Spec-Tables.pdf) lists this machine as VSLC024BP - placard may show either code,https://www.precor.com/en-US/strength/selectorized/vitality,2026-10-01,
Precor,Vitality Strength Selectorized,VSL026BP,Vitality Pulldown / Seated Row,selectorized,bilateral,back,,,,,,manufacturer_page,integrated 5-lb add-on weight on the line; Precor Selectorized spec table (https://static.precor.com/spec-tables/en-us/Selectorized-Spec-Tables.pdf) lists this machine as VSLC026BP - placard may show either code,https://www.precor.com/en-US/strength/selectorized/vitality,2026-10-01,
Precor,Vitality Strength Selectorized,VSL002BP,Vitality Pulldown,selectorized,bilateral,back,,,,,,manufacturer_page,integrated 5-lb add-on weight on the line,https://www.precor.com/en-US/strength/selectorized/vitality,2026-09-30,
Precor,Vitality Strength Selectorized,VSL019BP,Vitality Seated Row,selectorized,bilateral,back,,,,,,manufacturer_page,integrated 5-lb add-on weight on the line,https://www.precor.com/en-US/strength/selectorized/vitality,2026-09-30,
Precor,Vitality Strength Selectorized,VSL028BP,Vitality Abdominal / Back Extension,selectorized,bilateral,core,,,,,,manufacturer_page,integrated 5-lb add-on weight on the line,https://www.precor.com/en-US/strength/selectorized/vitality,2026-09-30,
Precor,Vitality Strength Selectorized,VSL014BP,Vitality Abdominal,selectorized,bilateral,core,,,,,,manufacturer_page,integrated 5-lb add-on weight on the line; Precor Selectorized spec table (https://static.precor.com/spec-tables/en-us/Selectorized-Spec-Tables.pdf) lists this machine as VSLC014BP - placard may show either code,https://www.precor.com/en-US/strength/selectorized/vitality,2026-10-01,
Precor,Vitality Strength Selectorized,VSL011BP,Vitality Back Extension,selectorized,bilateral,back,,,,,,manufacturer_page,integrated 5-lb add-on weight on the line,https://www.precor.com/en-US/strength/selectorized/vitality,2026-09-30,
Precor,Vitality Strength Selectorized,VSL027BP,Vitality Leg Curl / Leg Extension,selectorized,bilateral,legs,,,,,,manufacturer_page,integrated 5-lb add-on weight on the line; Precor Selectorized spec table (https://static.precor.com/spec-tables/en-us/Selectorized-Spec-Tables.pdf) lists this machine as VSLC027BP - placard may show either code,https://www.precor.com/en-US/strength/selectorized/vitality,2026-10-01,
Precor,Vitality Strength Selectorized,VSL005BP,Vitality Leg Extension,selectorized,bilateral,legs,,,,,,manufacturer_page,integrated 5-lb add-on weight on the line; Precor Selectorized spec table (https://static.precor.com/spec-tables/en-us/Selectorized-Spec-Tables.pdf) lists this machine as VSLC005BP - placard may show either code,https://www.precor.com/en-US/strength/selectorized/vitality,2026-10-01,
Precor,Vitality Strength Selectorized,VSL007BP,Vitality Seated Leg Curl,selectorized,bilateral,legs,,,,,,manufacturer_page,integrated 5-lb add-on weight on the line,https://www.precor.com/en-US/strength/selectorized/vitality,2026-09-30,
Precor,Vitality Strength Selectorized,VSL010BP,Vitality Leg Press / Calf Extension,selectorized,bilateral,legs,,,,,,manufacturer_page,integrated 5-lb add-on weight on the line; Precor Selectorized spec table (https://static.precor.com/spec-tables/en-us/Selectorized-Spec-Tables.pdf) lists this machine as VSLC010BP - placard may show either code,https://www.precor.com/en-US/strength/selectorized/vitality,2026-10-01,
Precor,Vitality Strength Selectorized,VSL008BP,Vitality Inner / Outer Thigh,selectorized,bilateral,legs,,,,,,manufacturer_page,integrated 5-lb add-on weight on the line; Precor Selectorized spec table (https://static.precor.com/spec-tables/en-us/Selectorized-Spec-Tables.pdf) lists this machine as VSLC008BP - placard may show either code,https://www.precor.com/en-US/strength/selectorized/vitality,2026-10-01,
Precor,Resolute Strength Selectorized,RSL0204,Resolute Biceps Curl,selectorized,bilateral,arms,,,,160,160 lb weight stack per Precor product page,manufacturer_page,,https://www.precor.com/en-US/products/RSL0204,2026-10-01,
Precor,Resolute Strength Selectorized,RSL0208,Resolute Triceps Extension,selectorized,bilateral,arms,,,,160,160 lb weight stack per Precor product page,manufacturer_page,,https://www.precor.com/en-US/products/RSL0208,2026-10-01,
Precor,Resolute Strength Selectorized,RSL0215,Resolute Seated Dip,selectorized,bilateral,arms,,,,240,240 lb weight stack per Precor product page,manufacturer_page,,https://www.precor.com/en-US/products/RSL0215,2026-10-01,
Precor,Resolute Strength Selectorized,RSL0310,Resolute Diverging Seated Row,selectorized,independent,back,,,,240,240 lb weight stack per Precor product page,manufacturer_page,,https://www.precor.com/en-US/products/RSL0310,2026-10-01,
Precor,Resolute Strength Selectorized,RSL0314,Resolute Diverging Lat Pulldown,selectorized,independent,back,,,,240,240 lb weight stack per Precor product page,manufacturer_page,,https://www.precor.com/en-US/products/RSL0314,2026-10-01,
Precor,Resolute Strength Selectorized,RSL0324,Resolute Diverging Low Row,selectorized,independent,back,,,,240,240 lb weight stack per Precor product page,manufacturer_page,,https://www.precor.com/en-US/products/RSL0324,2026-10-01,
Precor,Resolute Strength Selectorized,RSL0414,Resolute Converging Chest Press,selectorized,independent,chest,,,,240,240 lb (109 kg),manufacturer_page,,https://www.precor.com/strength/selectorized/resolute,2026-09-30,
Precor,Resolute Strength Selectorized,RSL0504,Resolute Lateral Raise,selectorized,bilateral,shoulders,,,,160,160 lb weight stack per Precor product page,manufacturer_page,,https://www.precor.com/en-US/products/RSL0504,2026-10-01,
Precor,Resolute Strength Selectorized,RSL0505,Resolute Rear Delt / Pec Fly,selectorized,independent,chest,,,,240,240 lb weight stack per Precor product page,manufacturer_page,,https://www.precor.com/en-US/products/RSL0505,2026-10-01,
Precor,Resolute Strength Selectorized,RSL0515,Resolute Converging Shoulder Press,selectorized,independent,shoulders,,,,200,200 lb weight stack per Precor product page,manufacturer_page,,https://www.precor.com/en-US/products/RSL0515,2026-10-01,
Precor,Resolute Strength Selectorized,RSL0605,Resolute Leg Extension,selectorized,bilateral,legs,,,,240,240 lb weight stack per Precor product page,manufacturer_page,,https://www.precor.com/en-US/products/RSL0605,2026-10-01,
Precor,Resolute Strength Selectorized,RSL0619,Resolute Seated Leg Curl,selectorized,bilateral,legs,,,,,,manufacturer_page,"Precor product page name: SEATED LEG CURL; stack not filled: product page says 160 lb, Selectorized spec table says 240 lb",https://www.precor.com/en-US/products/RSL0619,2026-10-01,
Precor,Resolute Strength Selectorized,RSL0606,Resolute Prone Leg Curl,selectorized,bilateral,legs,,,,200,200 lb weight stack per Precor product page,manufacturer_page,Precor product page name: PRONE LEG CURL,https://www.precor.com/en-US/products/RSL0606,2026-10-01,
Precor,Resolute Strength Selectorized,RSL0602,Resolute Leg Press,selectorized,bilateral,legs,,,,400,400 lb weight stack per Precor product page,manufacturer_page,Precor product page name: LEG PRESS,https://www.precor.com/en-US/products/RSL0602,2026-10-01,
Precor,Resolute Strength Selectorized,RSL0623,Resolute Calf Extension,selectorized,bilateral,legs,,,,400,400 lb weight stack per Precor product page,manufacturer_page,"Precor product page name: SEATED CALF EXTENSION; Precor name is ""Seated Calf Extension""",https://www.precor.com/en-US/products/RSL0623,2026-10-01,
Precor,Resolute Strength Selectorized,RSL0618,Resolute Glute Extension,selectorized,bilateral,glutes,,,,160,160 lb weight stack per Precor product page,manufacturer_page,Precor product page name: GLUTE EXTENSION,https://www.precor.com/en-US/products/RSL0618,2026-10-01,
Precor,Resolute Strength Selectorized,RSL0626,Resolute Inner / Outer Thigh,selectorized,bilateral,legs,,,,200,200 lb weight stack per Precor product page,manufacturer_page,Precor product page name: Inner / Outer Thigh; separate RSL0620 Inner Thigh and RSL0621 Outer Thigh also exist (added),https://www.precor.com/en-US/products/RSL0626,2026-10-01,
Precor,Resolute Strength Selectorized,RSL0714,Resolute Abdominal,selectorized,bilateral,core,,,,160,160 lb weight stack per Precor product page,manufacturer_page,Precor product page name: ABDOMINAL,https://www.precor.com/en-US/products/RSL0714,2026-10-01,
Precor,Resolute Strength Selectorized,RSL0313,Resolute Back Extension,selectorized,bilateral,back,,,,200,200 lb weight stack per Precor product page,manufacturer_page,Precor product page name: BACK EXTENSION,https://www.precor.com/en-US/products/RSL0313,2026-10-01,
Precor,Resolute Strength Selectorized,RSL0315,Resolute Rotary Torso,selectorized,bilateral,core,,,,160,160 lb weight stack per Precor product page,manufacturer_page,Precor product page name: ROTARY TORSO,https://www.precor.com/en-US/products/RSL0315,2026-10-01,
Precor,Resolute Strength Selectorized,RMS0320,Resolute Assisted Chin / Dip,selectorized,bilateral,full_body,,,,,,reseller_or_manual,"dealer lists it as ""Precor Resolute Dip / Chin Assist (RMS0320)""; not on precor.com Resolute selectorized page (RMS prefix = Resolute Multi-Station family); dealer states 340 lb stack (not filled, dealer only)",https://www.sportsgoodshaving.com/products/precor-resolute-dip-chin-assist-rms0320/,2026-10-01,
Precor,Discovery Selectorized (legacy),PD-CP,Discovery Selectorized Chest Press,selectorized,bilateral,chest,,,,,,reseller_or_manual,"legacy line, still sold refurbished; partial PD-xx is a dealer SKU, not a Precor code (Precor legacy codes are DSLxxxx); do not match placards on it.",https://muscledfit.com/collections/precor-discovery-series-selectorized,2026-10-01,
Precor,Discovery Selectorized (legacy),PD-SP,Discovery Selectorized Shoulder Press,selectorized,bilateral,shoulders,,,,,,reseller_or_manual,"legacy line, still sold refurbished; partial PD-xx is a dealer SKU, not a Precor code (Precor legacy codes are DSLxxxx); do not match placards on it.",https://muscledfit.com/collections/precor-discovery-series-selectorized,2026-10-01,
Precor,Discovery Selectorized (legacy),PD-PDRD,Discovery Selectorized Pec Fly / Rear Delt,selectorized,bilateral,chest,,,,,,reseller_or_manual,"legacy line, still sold refurbished; partial PD-xx is a dealer SKU, not a Precor code (Precor legacy codes are DSLxxxx); do not match placards on it.",https://muscledfit.com/collections/precor-discovery-series-selectorized,2026-10-01,
Precor,Discovery Selectorized (legacy),PD-LR,Discovery Selectorized Lateral Raise,selectorized,bilateral,shoulders,,,,,,reseller_or_manual,"legacy line, still sold refurbished; partial PD-xx is a dealer SKU, not a Precor code (Precor legacy codes are DSLxxxx); do not match placards on it.",https://muscledfit.com/collections/precor-discovery-series-selectorized,2026-10-01,
Precor,Discovery Selectorized (legacy),PD-SR,Discovery Selectorized Seated Row,selectorized,bilateral,back,,,,,,reseller_or_manual,"legacy line, still sold refurbished; partial PD-xx is a dealer SKU, not a Precor code (Precor legacy codes are DSLxxxx); do not match placards on it.",https://muscledfit.com/collections/precor-discovery-series-selectorized,2026-10-01,
Precor,Discovery Selectorized (legacy),PD-BC,Discovery Selectorized Biceps Curl,selectorized,bilateral,arms,,,,,,reseller_or_manual,"legacy line, still sold refurbished; partial PD-xx is a dealer SKU, not a Precor code (Precor legacy codes are DSLxxxx); do not match placards on it.",https://muscledfit.com/collections/precor-discovery-series-selectorized,2026-10-01,
Precor,Discovery Selectorized (legacy),PD-TE,Discovery Selectorized Triceps Extension,selectorized,bilateral,arms,,,,,,reseller_or_manual,"legacy line, still sold refurbished; partial PD-xx is a dealer SKU, not a Precor code (Precor legacy codes are DSLxxxx); do not match placards on it.",https://muscledfit.com/collections/precor-discovery-series-selectorized,2026-10-01,
Precor,Discovery Selectorized (legacy),PD-OT,Discovery Selectorized Outer Thigh,selectorized,bilateral,glutes,,,,,,reseller_or_manual,"legacy line, still sold refurbished; partial PD-xx is a dealer SKU, not a Precor code (Precor legacy codes are DSLxxxx); do not match placards on it.",https://muscledfit.com/collections/precor-discovery-series-selectorized,2026-10-01,
Precor,Discovery Selectorized (legacy),PD-IT,Discovery Selectorized Inner Thigh,selectorized,bilateral,legs,,,,,,reseller_or_manual,"legacy line, still sold refurbished; partial PD-xx is a dealer SKU, not a Precor code (Precor legacy codes are DSLxxxx); do not match placards on it.",https://muscledfit.com/collections/precor-discovery-series-selectorized,2026-10-01,
Precor,Resolute Strength Selectorized,RSL0502,Resolute Standing Lateral Raise,selectorized,bilateral,shoulders,,,,160,160 lb weight stack per Precor product page,manufacturer_page,,https://www.precor.com/en-US/products/RSL0502,2026-10-01,
Precor,Resolute Strength Selectorized,RSL0620,Resolute Inner Thigh,selectorized,bilateral,legs,,,,200,200 lb weight stack per Precor product page,manufacturer_page,,https://www.precor.com/en-US/products/RSL0620,2026-10-01,
Precor,Resolute Strength Selectorized,RSL0621,Resolute Outer Thigh,selectorized,bilateral,glutes,,,,200,200 lb weight stack per Precor product page,manufacturer_page,,https://www.precor.com/en-US/products/RSL0621,2026-10-01,
Precor,Resolute Cable Stations,RUD0915,Resolute Dual Adjustable Pulley,cable_stack,independent,cable,,,,400,2 x 400 lb / 181 kg stacks per Precor product page,manufacturer_page,4:1 cable ratio,https://www.precor.com/en-US/strength/cable-stations/RDAP,2026-10-01,
Precor,Cable Stations,,FTS Glide Functional Trainer,cable_stack,independent,cable,,,,,,manufacturer_page,code not published on precor.com; dealers list two 200 lb stacks (not filled),https://www.precor.com/en-US/strength/cable-stations/FTS,2026-10-01,
Precor,Glutebuilder Plate Loaded,GPL0363,Glutebuilder Kneeling Glute Isolator,plate_loaded,n/a,glutes,15,7,total,,starting weight per Precor product page,manufacturer_page,,https://www.precor.com/en-US/products/GPL0363,2026-10-01,
Precor,Glutebuilder Plate Loaded,GPL0551,Glutebuilder Deadlift Elite,plate_loaded,independent,glutes,31,14,per_arm,,Precor product page: 'Starting Weight (per arm)',manufacturer_page,,https://www.precor.com/en-US/products/GPL0551,2026-10-01,
Precor,Glutebuilder Plate Loaded,GPL0585,Glutebuilder Belt Squat / Step-Up,plate_loaded,bilateral,glutes,33.5,15,total,,starting weight per Precor product page,manufacturer_page,,https://www.precor.com/en-US/products/GPL0585,2026-10-01,
Precor,Glutebuilder Plate Loaded,GPL0612,Glutebuilder Hip Thrust Elite,plate_loaded,bilateral,glutes,66,30,total,,starting weight per Precor product page,manufacturer_page,,https://www.precor.com/en-US/products/GPL0612,2026-10-01,
Precor,Glutebuilder Plate Loaded,GPL0617,Glutebuilder Pendulum Kickback,plate_loaded,n/a,glutes,9.7,4.4,total,,starting weight per Precor product page,manufacturer_page,,https://www.precor.com/en-US/products/GPL0617,2026-10-01,
Precor,Glutebuilder Plate Loaded,GPL0622,Glutebuilder 3D Multi-Abductor,plate_loaded,n/a,glutes,11,5,total,,starting weight per Precor product page,manufacturer_page,,https://www.precor.com/en-US/products/GPL0622,2026-10-01,
Precor,Glutebuilder Plate Loaded,GPL0627,Glutebuilder Glute Squat,plate_loaded,bilateral,glutes,40,18,total,,starting weight per Precor product page,manufacturer_page,,https://www.precor.com/en-US/products/GPL0627,2026-10-01,
Precor,Glutebuilder Plate Loaded,GPL0724,Glutebuilder Dual 45 Hip Extension,plate_loaded,n/a,glutes,24,11,total,,starting weight per Precor product page,manufacturer_page,,https://www.precor.com/en-US/products/GPL0724,2026-10-01,
Precor,Glutebuilder Plate Loaded,GPL0609,Glutebuilder Pendulum Squat Pro,plate_loaded,bilateral,glutes,38,17,total,,starting weight per Precor product page,manufacturer_page,,https://www.precor.com/en-US/products/GPL0609,2026-10-01,
Precor,Glutebuilder Plate Loaded,GPL0613,Glutebuilder Glute Hack Squat,plate_loaded,bilateral,glutes,99,45,total,,starting weight per Precor product page,manufacturer_page,,https://www.precor.com/en-US/products/GPL0613,2026-10-01,
Precor,Glutebuilder Plate Loaded,GPL0604,Glutebuilder Glute Press,plate_loaded,bilateral,glutes,40,18,total,,starting weight per Precor Glute Press page spec table,manufacturer_page,,https://www.precor.com/en-US/strength/glutebuilder/glute-press,2026-10-01,
Precor,Glutebuilder Selectorized,GSL0363,Glutebuilder Selectorized Kneeling Glute Isolator,selectorized,n/a,glutes,31,14,total,280,starting weight and 280 lb stack per Precor product page,manufacturer_page,precor.com/products/GSL0360 serves the same GSL0363 page,https://www.precor.com/en-US/products/GSL0363,2026-10-01,
Precor,Glutebuilder Selectorized,GSL0612,Glutebuilder Selectorized Hip Thrust Elite,selectorized,bilateral,glutes,,,,280,standard 280 lb stack per Precor product page; heavy 380 lb option,manufacturer_page,,https://www.precor.com/en-US/products/GSL0612,2026-10-01,
Precor,Glutebuilder Selectorized,GSL0617,Glutebuilder Selectorized Pendulum Kickback,selectorized,n/a,glutes,15,7,total,280,starting weight and 280 lb stack per Precor product page,manufacturer_page,,https://www.precor.com/en-US/products/GSL0617,2026-10-01,
Precor,Glutebuilder Selectorized,GSL0622,Glutebuilder Selectorized 3D-Multi Abductor Pro,selectorized,n/a,glutes,11,5,total,330,starting weight and 330 lb stack per Precor product page,manufacturer_page,,https://www.precor.com/en-US/products/GSL0622,2026-10-01,
Hammer Strength,Plate Loaded (Iso-Lateral / Ground Base),PL-4W,Plate Loaded 4-Way Neck,plate_loaded,bilateral,shoulders,2,0.9,total,,starting resistance stated on lifefitness.com product page,manufacturer_page,,https://www.lifefitness.com/en-us/catalog/strength-training/plate-loaded/4-way-neck,2026-10-01,
Hammer Strength,Plate Loaded (Iso-Lateral / Ground Base),PL-TBR-01,Plate Loaded T-Bar Row,plate_loaded,bilateral,back,40,18,total,,starting resistance stated on lifefitness.com product page,manufacturer_page,LF US page shows PL-TBR-01; lifefitness.com.au URL slug uses pl-tbr,https://www.lifefitness.com/en-us/catalog/strength-training/plate-loaded/hammer-strength-plate-loaded-t-bar-row,2026-10-01,
Hammer Strength,Plate Loaded (Iso-Lateral / Ground Base),IL-BP,Iso-Lateral Bench Press,plate_loaded,independent,chest,7,3.2,per_arm,,starting resistance stated on lifefitness.com product page,manufacturer_page,,https://www.lifefitness.com/en-us/catalog/strength-training/plate-loaded/plate-loaded-iso-lateral-bench-press,2026-10-01,
Hammer Strength,Plate Loaded (Iso-Lateral / Ground Base),PL-AB,Plate Loaded Abdominal / Oblique Crunch,plate_loaded,bilateral,core,,,,,,manufacturer_page,"LF states starting resistance as ""25 lb (11 kg) + 10% of user weight""; not entered as a number",https://www.lifefitness.com/en-us/catalog/strength-training/plate-loaded/plate-loaded-abdominal-oblique-crunch,2026-10-01,
Hammer Strength,Plate Loaded (Iso-Lateral / Ground Base),PL-GRIP,Plate Loaded Gripper,plate_loaded,bilateral,arms,14,6.3,per_arm,,starting resistance stated on lifefitness.com product page,manufacturer_page,,https://www.lifefitness.com/en-us/catalog/strength-training/plate-loaded/plate-loaded-gripper,2026-10-01,
Hammer Strength,Plate Loaded (Iso-Lateral / Ground Base),IL-CB,Iso-Lateral Chest / Back,plate_loaded,independent,chest,7,3,per_arm,,starting resistance stated on lifefitness.com product page,manufacturer_page,,https://www.lifefitness.com/en-us/catalog/strength-training/plate-loaded/plate-loaded-iso-lateral-chest-back,2026-10-01,
Hammer Strength,Plate Loaded (Iso-Lateral / Ground Base),IL-DRW,Iso-Lateral D.Y. Row,plate_loaded,independent,back,3,1.4,per_arm,,starting resistance stated on lifefitness.com product page,manufacturer_page,seed code IL-DY not found on any fetched page; LF US and lifefitness.com.au product pages both show IL-DRW,https://www.lifefitness.com/en-us/catalog/strength-training/plate-loaded/plate-loaded-iso-lateral-d-y-row,2026-10-01,IL-DY
Hammer Strength,Plate Loaded (Iso-Lateral / Ground Base),IL-DCP,Iso-Lateral Decline Chest Press,plate_loaded,independent,chest,6,3,per_arm,,starting resistance stated on lifefitness.com product page,manufacturer_page,,https://www.lifefitness.com/en-us/catalog/strength-training/plate-loaded/iso-lateral-decline-chest-press,2026-10-01,
Hammer Strength,Plate Loaded (Iso-Lateral / Ground Base),IL-PD,Iso-Lateral Front Lat Pulldown,plate_loaded,independent,back,1,0.5,per_arm,,starting resistance stated on lifefitness.com product page,manufacturer_page,"seed code IL-FLP (cited ""reseller spec"", no URL) not found on any fetched page; LF US and lifefitness.com.au pages both show IL-PD",https://www.lifefitness.com/en-us/catalog/strength-training/plate-loaded/plate-loaded-iso-lateral-front-lat-pulldown,2026-10-01,IL-FLP
Hammer Strength,Plate Loaded (Iso-Lateral / Ground Base),IL-HR,Iso-Lateral High Row,plate_loaded,independent,back,2,0.9,per_arm,,starting resistance stated on lifefitness.com product page,manufacturer_page,,https://www.lifefitness.com/en-us/catalog/strength-training/plate-loaded/plate-loaded-iso-lateral-high-row,2026-10-01,
Hammer Strength,Plate Loaded (Iso-Lateral / Ground Base),IL-HBP,Iso-Lateral Horizontal Bench Press,plate_loaded,independent,chest,18,8.2,per_arm,,starting resistance stated on lifefitness.com product page,manufacturer_page,,https://www.lifefitness.com/en-us/catalog/strength-training/plate-loaded/plate-loaded-iso-lateral-horizontal-bench-press,2026-10-01,
Hammer Strength,Plate Loaded (Iso-Lateral / Ground Base),IL-IP,Iso-Lateral Incline Press,plate_loaded,independent,chest,8,3.6,per_arm,,starting resistance stated on lifefitness.com product page,manufacturer_page,"handle variants per LF support article https://support.lifefitness.com/hc/en-us/articles/360037405913-Hammer-Strength-ISO-Lateral-Incline-Press-Differences : horizontal handles ILIPH / IL-IPH, vertical handles ILIPV / IL-IPV (separate row). LF US product page shows plain IL-IP.",https://www.lifefitness.com/en-us/catalog/strength-training/plate-loaded/plate-loaded-iso-lateral-incline-press,2026-10-01,IL-IP (IL-IPV vertical grip)
Hammer Strength,Plate Loaded (Iso-Lateral / Ground Base),IL-LR,Iso-Lateral Low Row,plate_loaded,independent,back,8,3.6,per_arm,,starting resistance stated on lifefitness.com product page,manufacturer_page,,https://www.lifefitness.com/en-us/catalog/strength-training/plate-loaded/plate-loaded-iso-lateral-low-row,2026-10-01,
Hammer Strength,Plate Loaded (Iso-Lateral / Ground Base),IL-ROW,Iso-Lateral Row,plate_loaded,independent,back,12,5.4,per_arm,,starting resistance stated on lifefitness.com product page,manufacturer_page,,https://www.lifefitness.com/en-us/catalog/strength-training/plate-loaded/plate-loaded-iso-lateral-row,2026-10-01,
Hammer Strength,Plate Loaded (Iso-Lateral / Ground Base),IL-SP,Iso-Lateral Shoulder Press,plate_loaded,independent,shoulders,10,4.5,per_arm,,starting resistance stated on lifefitness.com product page,manufacturer_page,,https://www.lifefitness.com/en-us/catalog/strength-training/plate-loaded/plate-loaded-iso-lateral-shoulder-press,2026-10-01,
Hammer Strength,Plate Loaded (Iso-Lateral / Ground Base),IL-FMP,Iso-Lateral Super Incline Press,plate_loaded,independent,chest,11,5,per_arm,,starting resistance stated on lifefitness.com product page,manufacturer_page,,https://www.lifefitness.com/en-us/catalog/strength-training/plate-loaded/plate-loaded-iso-lateral-super-incline-press,2026-10-01,
Hammer Strength,Plate Loaded (Iso-Lateral / Ground Base),IL-WC,Iso-Lateral Wide Chest,plate_loaded,independent,chest,,,,,starting resistance stated on lifefitness.com product page,manufacturer_page,"LF lists ""Starting Resistance: 2 lbs (0.9 kg)"" without saying total or per arm; basis left empty Manufacturer states starting weight 2 lb / 0.9 kg, without saying whether total or per arm.",https://www.lifefitness.com/en-us/catalog/strength-training/plate-loaded/plate-loaded-iso-lateral-wide-chest,2026-10-01,
Hammer Strength,Plate Loaded (Iso-Lateral / Ground Base),IL-WPD,Iso-Lateral Wide Pulldown,plate_loaded,independent,back,2,0.9,per_arm,,starting resistance stated on lifefitness.com product page,manufacturer_page,seed code IL-WP replaced: LF US and lifefitness.com.au pages show IL-WPD,https://www.lifefitness.com/en-us/catalog/strength-training/plate-loaded/plate-loaded-iso-lateral-wide-pulldown,2026-10-01,IL-WP
Hammer Strength,Plate Loaded (Iso-Lateral / Ground Base),PL-LR,Plate Loaded Lateral Raise,plate_loaded,bilateral,shoulders,1,0.5,per_arm,,starting resistance stated on lifefitness.com product page,manufacturer_page,,https://www.lifefitness.com/en-us/catalog/strength-training/plate-loaded/plate-loaded-lateral-raise,2026-10-01,
Hammer Strength,Plate Loaded (Iso-Lateral / Ground Base),PL-PO,Plate Loaded Pullover,plate_loaded,bilateral,back,18,8.2,total,,starting resistance stated on lifefitness.com product page,manufacturer_page,,https://www.lifefitness.com/en-us/catalog/strength-training/plate-loaded/plate-loaded-pullover,2026-10-01,
Hammer Strength,Plate Loaded (Iso-Lateral / Ground Base),PL-BI,Plate Loaded Seated Biceps,plate_loaded,bilateral,arms,4,2,total,,starting resistance stated on lifefitness.com product page,manufacturer_page,,https://www.lifefitness.com/en-us/catalog/strength-training/plate-loaded/plate-loaded-seated-biceps,2026-10-01,
Hammer Strength,Plate Loaded (Iso-Lateral / Ground Base),PL-DIP,Plate Loaded Seated Dip,plate_loaded,bilateral,arms,4,2,per_arm,,starting resistance stated on lifefitness.com product page,manufacturer_page,,https://www.lifefitness.com/en-us/catalog/strength-training/plate-loaded/plate-loaded-seated-dip,2026-10-01,
Hammer Strength,Plate Loaded (Iso-Lateral / Ground Base),PL-SH,Plate Loaded Seated / Standing Shrug,plate_loaded,bilateral,back,25,11,total,,starting resistance stated on lifefitness.com product page,manufacturer_page,,https://www.lifefitness.com/en-us/catalog/strength-training/plate-loaded/plate-loaded-seated-standing-shrug,2026-10-01,
Hammer Strength,Plate Loaded (Iso-Lateral / Ground Base),PL-FLY,Plate Loaded Super Fly,plate_loaded,independent,chest,14,6.3,per_arm,,starting resistance stated on lifefitness.com product page,manufacturer_page,,https://www.lifefitness.com/en-us/catalog/strength-training/plate-loaded/super-fly,2026-10-01,
Hammer Strength,Plate Loaded (Iso-Lateral / Ground Base),IL-TBR,Iso-Lateral T-Bar Row,plate_loaded,independent,back,23,10,per_arm,,starting resistance stated on lifefitness.com product page,manufacturer_page,new model (seed flag),https://www.lifefitness.com/en-us/catalog/strength-training/plate-loaded/iso-lateral-t-bar-row,2026-10-01,
Hammer Strength,Plate Loaded (Iso-Lateral / Ground Base),PL-GHRH,Plate Loaded Glute Ham / Reverse Hyper,plate_loaded,bilateral,legs,6.5,3,per_arm,,starting resistance stated on lifefitness.com product page,manufacturer_page,,https://www.lifefitness.com/en-us/catalog/strength-training/plate-loaded/glute-ham-reverse-hyper-combo,2026-10-01,
Hammer Strength,Plate Loaded (Iso-Lateral / Ground Base),PL-GLD,Plate Loaded Glute Drive,plate_loaded,bilateral,glutes,45,20,total,,starting resistance stated on lifefitness.com product page,manufacturer_page,,https://www.lifefitness.com/en-us/catalog/strength-training/plate-loaded/hammer-strength-plate-loaded-glute-drive,2026-10-01,
Hammer Strength,Plate Loaded (Iso-Lateral / Ground Base),PL-BSQ,Plate Loaded Belt Squat,plate_loaded,bilateral,legs,,,,,,manufacturer_page,LF states starting resistance per anchor: 76 lb (34 kg) anchor 1 to 62 lb (28 kg) anchor 4; not entered,https://www.lifefitness.com/en-us/catalog/strength-training/plate-loaded/hammer-strength-plate-loaded-belt-squat,2026-10-01,
Hammer Strength,Plate Loaded (Iso-Lateral / Ground Base),IL-KLC,Iso-Lateral Kneeling Leg Curl,plate_loaded,independent,legs,8,3.6,per_arm,,starting resistance stated on lifefitness.com product page,manufacturer_page,,https://www.lifefitness.com/en-us/catalog/strength-training/plate-loaded/plate-loaded-iso-lateral-kneeling-leg-curl,2026-10-01,
Hammer Strength,Plate Loaded (Iso-Lateral / Ground Base),IL-LC,Iso-Lateral Leg Curl,plate_loaded,independent,legs,2,0.9,per_arm,,starting resistance stated on lifefitness.com product page,manufacturer_page,,https://www.lifefitness.com/en-us/catalog/strength-training/plate-loaded/plate-loaded-iso-lateral-leg-curl,2026-10-01,
Hammer Strength,Plate Loaded (Iso-Lateral / Ground Base),PL-HSQ2,Plate Loaded Hack Squat,plate_loaded,bilateral,legs,125,57,per_arm,,starting resistance stated on lifefitness.com product page,manufacturer_page,LF US and lifefitness.com.au pages both show PL-HSQ2 (trailing 2 may be a generation marker; record placard as read),https://www.lifefitness.com/en-us/catalog/strength-training/plate-loaded/hack-squat,2026-10-01,
Hammer Strength,Plate Loaded (Iso-Lateral / Ground Base),HSLLP,Plate Loaded Linear Leg Press,plate_loaded,bilateral,legs,118,53,total,,starting resistance stated on lifefitness.com product page,manufacturer_page,45 degree sled,https://www.lifefitness.com/en-us/catalog/strength-training/plate-loaded/plate-loaded-linear-leg-press,2026-10-01,
Hammer Strength,Plate Loaded (Iso-Lateral / Ground Base),PL-CALF,Plate Loaded Seated Calf Raise,plate_loaded,bilateral,legs,60,27,total,,starting resistance stated on lifefitness.com product page,manufacturer_page,,https://www.lifefitness.com/en-us/catalog/strength-training/plate-loaded/plate-loaded-seated-calf-raise,2026-10-01,
Hammer Strength,Plate Loaded (Iso-Lateral / Ground Base),PL-TIB,Plate Loaded Tibia Dorsi-Flexion,plate_loaded,bilateral,legs,3,1.4,total,,starting resistance stated on lifefitness.com product page,manufacturer_page,,https://www.lifefitness.com/en-us/catalog/strength-training/plate-loaded/plate-loaded-tibia-dorsi-flexion,2026-10-01,
Hammer Strength,Plate Loaded (Iso-Lateral / Ground Base),PL-ANH,Plate Loaded Assisted Nordic Ham,plate_loaded,bilateral,legs,,,,,,manufacturer_page,,https://www.lifefitness.com/en-us/catalog/strength-training/plate-loaded/assisted-nordic-ham,2026-10-01,
Hammer Strength,Plate Loaded (Iso-Lateral / Ground Base),IL-LE,Iso-Lateral Leg Extension,plate_loaded,independent,legs,4,1.8,per_arm,,starting resistance stated on lifefitness.com product page,manufacturer_page,,https://www.lifefitness.com/en-us/catalog/strength-training/plate-loaded/iso-lateral-leg-extension,2026-10-01,
Hammer Strength,Plate Loaded (Iso-Lateral / Ground Base),PL-XSQ,Plate Loaded Pendulum-X Squat,plate_loaded,bilateral,legs,81,37,per_arm,,starting resistance stated on lifefitness.com product page,manufacturer_page,new model (seed flag),https://www.lifefitness.com/en-us/catalog/strength-training/plate-loaded/pendulum-x-squat,2026-10-01,
Hammer Strength,Plate Loaded (Iso-Lateral / Ground Base),PL-SSP,Plate Loaded Super Squat Press,plate_loaded,bilateral,legs,65,29,per_arm,,starting resistance stated on lifefitness.com product page,manufacturer_page,new model (seed flag),https://www.lifefitness.com/en-us/catalog/strength-training/plate-loaded/super-squat-press,2026-10-01,
Hammer Strength,Plate Loaded (Iso-Lateral / Ground Base),PL-RVSQ,Plate Loaded Reverse V-Squat,plate_loaded,bilateral,legs,75,34,per_arm,,starting resistance stated on lifefitness.com product page,manufacturer_page,new model (seed flag),https://www.lifefitness.com/en-us/catalog/strength-training/plate-loaded/reverse-v-squat,2026-10-01,
Hammer Strength,Plate Loaded (Iso-Lateral / Ground Base),GB-J,Ground Base Jammer,plate_loaded,independent,full_body,8,3.6,per_arm,,starting resistance stated on lifefitness.com product page,manufacturer_page,,https://www.lifefitness.com/en-us/catalog/strength-training/plate-loaded/ground-base-jammer,2026-10-01,
Hammer Strength,Plate Loaded (Iso-Lateral / Ground Base),GB-CT,Ground Base Combo Twist,plate_loaded,bilateral,core,8,3.6,per_arm,,starting resistance stated on lifefitness.com product page,manufacturer_page,,https://www.lifefitness.com/en-us/catalog/strength-training/plate-loaded/ground-base-combo-twist,2026-10-01,
Hammer Strength,Plate Loaded (Iso-Lateral / Ground Base),GB-SHP,Ground Base Squat / High Pull,plate_loaded,bilateral,full_body,12,5,per_arm,,starting resistance stated on lifefitness.com product page,manufacturer_page,,https://www.lifefitness.com/en-us/catalog/strength-training/plate-loaded/plate-loaded-squat-high-pull,2026-10-01,
Hammer Strength,Plate Loaded (Iso-Lateral / Ground Base),GB-MSQ,Ground Base Multi-Squat,plate_loaded,bilateral,legs,45,20,total,,starting resistance stated on lifefitness.com product page,manufacturer_page,new model (seed flag),https://www.lifefitness.com/en-us/catalog/strength-training/plate-loaded/ground-base-multi-squat,2026-10-01,
Hammer Strength,Plate Loaded,PL-VSQ,Plate Loaded V-Squat,plate_loaded,bilateral,legs,54,25,total,,starting resistance stated on lifefitness.com product page,manufacturer_page,not on current US Hammer Strength plate-loaded list page but LF US product page still live,https://www.lifefitness.com/en-us/catalog/strength-training/plate-loaded/plate-loaded-v-squat,2026-10-01,
Hammer Strength,MTS (Motion Technology Selectorized),MTSAB,MTS Abdominal Crunch,selectorized,bilateral,core,,,,150,"LF product page: ""150 lb (68 kg)""",manufacturer_page,code and stack confirmed on LF product page https://www.lifefitness.com/en-us/catalog/strength-training/selectorized/hammer-strength-mts-abdominal-crunch,https://www.lifefitness.com/en-us/catalog/strength-training/selectorized/motion-technology-selectorised,2026-10-01,
Hammer Strength,MTS (Motion Technology Selectorized),MTSBC,MTS Iso-Lateral Biceps Curl,selectorized,independent,arms,,,,100,"LF product page: ""2 x 100 lb (2 x 50 kg)""",manufacturer_page,code and stack confirmed on LF product page https://www.lifefitness.com/en-us/catalog/strength-training/selectorized/hammer-strength-mts-iso-lateral-biceps-curl,https://www.lifefitness.com/en-us/catalog/strength-training/selectorized/motion-technology-selectorised,2026-10-01,
Hammer Strength,MTS (Motion Technology Selectorized),MTSCP,MTS Iso-Lateral Chest Press,selectorized,independent,chest,,,,150,"LF product page: ""2 x 150 lb (2 x 75 kg)""",manufacturer_page,code and stack confirmed on LF product page https://www.lifefitness.com/en-us/catalog/strength-training/selectorized/hammer-strength-mts-iso-lateral-chest-press,https://www.lifefitness.com/en-us/catalog/strength-training/selectorized/motion-technology-selectorised,2026-10-01,
Hammer Strength,MTS (Motion Technology Selectorized),MTSDP,MTS Iso-Lateral Decline Press,selectorized,independent,chest,,,,150,"LF product page: ""2 x 150 lb (2 x 75 kg)""",manufacturer_page,code and stack confirmed on LF product page https://www.lifefitness.com/en-us/catalog/strength-training/selectorized/hammer-strength-mts-iso-lateral-decline-press,https://www.lifefitness.com/en-us/catalog/strength-training/selectorized/motion-technology-selectorised,2026-10-01,
Hammer Strength,MTS (Motion Technology Selectorized),MTSFP,MTS Iso-Lateral Front Pulldown,selectorized,independent,back,,,,150,"LF product page: ""2 x 150 lb (2 x 75 kg)""",manufacturer_page,code and stack confirmed on LF product page https://www.lifefitness.com/en-us/catalog/strength-training/selectorized/hammer-strength-mts-iso-lateral-front-pulldown,https://www.lifefitness.com/en-us/catalog/strength-training/selectorized/motion-technology-selectorised,2026-10-01,
Hammer Strength,MTS (Motion Technology Selectorized),MTSHR,MTS Iso-Lateral High Row,selectorized,independent,back,,,,150,"LF product page: ""2 x 150 lb (2 x 75 kg)""",manufacturer_page,code and stack confirmed on LF product page https://www.lifefitness.com/en-us/catalog/strength-training/selectorized/hammer-strength-mts-iso-lateral-high-row,https://www.lifefitness.com/en-us/catalog/strength-training/selectorized/motion-technology-selectorised,2026-10-01,
Hammer Strength,MTS (Motion Technology Selectorized),MTSIP,MTS Iso-Lateral Incline Press,selectorized,independent,chest,,,,150,"LF product page: ""2 x 150 lb (2 x 75 kg)""",manufacturer_page,code and stack confirmed on LF product page https://www.lifefitness.com/en-us/catalog/strength-training/selectorized/hammer-strength-mts-iso-lateral-incline-press,https://www.lifefitness.com/en-us/catalog/strength-training/selectorized/motion-technology-selectorised,2026-10-01,
Hammer Strength,MTS (Motion Technology Selectorized),MTSRW,MTS Iso-Lateral Row,selectorized,independent,back,,,,150,"LF product page: ""2 x 150 lb (68 kg)""",manufacturer_page,code and stack confirmed on LF product page https://www.lifefitness.com/en-us/catalog/strength-training/selectorized/hammer-strength-mts-iso-lateral-row,https://www.lifefitness.com/en-us/catalog/strength-training/selectorized/motion-technology-selectorised,2026-10-01,
Hammer Strength,MTS (Motion Technology Selectorized),MTSSP,MTS Iso-Lateral Shoulder Press,selectorized,independent,shoulders,,,,150,"LF product page: ""2 x 150 lb (2 x 75 kg)""",manufacturer_page,code and stack confirmed on LF product page https://www.lifefitness.com/en-us/catalog/strength-training/selectorized/mts-iso-lateral-shoulder-press,https://www.lifefitness.com/en-us/catalog/strength-training/selectorized/motion-technology-selectorised,2026-10-01,
Hammer Strength,MTS (Motion Technology Selectorized),MTSTE,MTS Iso-Lateral Triceps Extension,selectorized,independent,arms,,,,100,"LF product page: ""2 x 100 lb (2 x 50 kg)""",manufacturer_page,code and stack confirmed on LF product page https://www.lifefitness.com/en-us/catalog/strength-training/selectorized/mts-iso-lateral-triceps-extension,https://www.lifefitness.com/en-us/catalog/strength-training/selectorized/motion-technology-selectorised,2026-10-01,
Hammer Strength,MTS (Motion Technology Selectorized),MTSLE,MTS Iso-Lateral Leg Extension,selectorized,independent,legs,,,,150,"LF product page: ""2 x 150 lb""",manufacturer_page,code and stack confirmed on LF product page https://www.lifefitness.com/en-us/catalog/strength-training/selectorized/hammer-strength-mts-iso-lateral-leg-extension,https://www.lifefitness.com/en-us/catalog/strength-training/selectorized/motion-technology-selectorised,2026-10-01,
Hammer Strength,MTS (Motion Technology Selectorized),MTSKC,MTS Iso-Lateral Kneeling Leg Curl,selectorized,independent,legs,,,,150,"LF product page: ""2 x 150 lb (2 x 75 kg)""",manufacturer_page,seed code MTSKLC replaced: LF product page https://www.lifefitness.com/en-us/catalog/strength-training/selectorized/hammer-strength-mts-kneeling-leg-curl and lifefitness.com.au page both show MTSKC; code and stack confirmed on LF product page https://www.lifefitness.com/en-us/catalog/strength-training/selectorized/hammer-strength-mts-kneeling-leg-curl,https://www.lifefitness.com/en-us/catalog/strength-training/selectorized/motion-technology-selectorised,2026-10-01,MTSKLC
Hammer Strength,Select,HS-HAD,Hammer Strength Select Hip Adduction,selectorized,bilateral,legs,,,,295,"LF product page: ""295 lb (138 kg)""",manufacturer_page,,https://www.lifefitness.com/en-us/catalog/strength-training/selectorized/hammer-strength-select-hip-adduction,2026-10-01,
Hammer Strength,Select,HS-SP,Hammer Strength Select Shoulder Press,selectorized,bilateral,shoulders,,,,200,"LF product page: ""200 lb (95 kg)""",manufacturer_page,,https://www.lifefitness.com/en-us/catalog/strength-training/selectorized/hammer-strength-select-shoulder-press,2026-10-01,
Hammer Strength,Select,HS-HG,Hammer Strength Select Hip and Glute,selectorized,bilateral,glutes,,,,295,"LF product page: ""295 lb (138 kg)""",manufacturer_page,,https://www.lifefitness.com/en-us/catalog/strength-training/selectorized/hammer-strength-select-hip-and-glute,2026-10-01,
Hammer Strength,Select,HS-SLP,Hammer Strength Select Seated Leg Press,selectorized,bilateral,legs,,,,390,"LF product page: ""390 lb (195 kg)""",manufacturer_page,,https://www.lifefitness.com/en-us/catalog/strength-training/selectorized/hammer-strength-select-seated-leg-press,2026-10-01,
Hammer Strength,Select,HS-BE,Hammer Strength Select Back Extension,selectorized,bilateral,back,,,,295,"LF product page: ""295 lb (138 kg)""",manufacturer_page,,https://www.lifefitness.com/en-us/catalog/strength-training/selectorized/hammer-strength-select-back-extension,2026-10-01,
Hammer Strength,Select,HS-SC,Hammer Strength Select Standing Calf,selectorized,bilateral,legs,,,,390,"LF product page: ""390 lb (195 kg)""",manufacturer_page,,https://www.lifefitness.com/en-us/catalog/strength-training/selectorized/hammer-strength-select-standing-calf,2026-10-01,
Hammer Strength,Select,HS-AB,Hammer Strength Select Abdominal Crunch,selectorized,bilateral,core,,,,200,"LF product page: ""200 lb (95 kg)""",manufacturer_page,lifefitness.com.au lists this model as HS-ABC (https://www.lifefitness.com.au/commercial/abdominal-crunch-hs-abc); US page shows HS-AB,https://www.lifefitness.com/en-us/catalog/strength-training/selectorized/hammer-strength-select-abdominal-crunch,2026-10-01,
Hammer Strength,Select,HS-FLY,Hammer Strength Select Pectoral Fly/Rear Deltoid,selectorized,bilateral,chest,,,,295,"LF product page: ""295 lb (138 kg)""",manufacturer_page,,https://www.lifefitness.com/en-us/catalog/strength-training/selectorized/hammer-strength-select-pectoral-fly-rear-deltoid,2026-10-01,
Hammer Strength,Plate Loaded (Iso-Lateral / Ground Base),IL-IPV,Iso-Lateral Incline Press (Vertical Handle),plate_loaded,independent,chest,,,,,,manufacturer_page,"split from seed row ""IL-IP (IL-IPV vertical grip)"". LF support article: vertical handles ILIPV / IL-IPV; horizontal handles ILIPH / IL-IPH. Article read via Zendesk API (HTML page returns 403). Starting resistance not stated for this variant.",https://support.lifefitness.com/hc/en-us/articles/360037405913-Hammer-Strength-ISO-Lateral-Incline-Press-Differences,2026-10-01,
Hammer Strength,Select,HS-ADC,Hammer Strength Select Assist Dip Chin,selectorized,bilateral,,,,,175,"LF product page: ""175 lb (82 kg)""",manufacturer_page,,https://www.lifefitness.com/en-us/catalog/strength-training/selectorized/hammer-strength-select-assist-dip-chin,2026-10-01,
Hammer Strength,Select,HS-BC,Hammer Strength Select Biceps Curl,selectorized,bilateral,arms,,,,200,"LF product page: ""200 lb (95 kg)""",manufacturer_page,,https://www.lifefitness.com/en-us/catalog/strength-training/selectorized/hammer-strength-select-biceps-curl,2026-10-01,
Hammer Strength,Select,HS-CP,Hammer Strength Select Chest Press,selectorized,bilateral,chest,,,,295,"LF product page: ""295 lb (138 kg)""",manufacturer_page,,https://www.lifefitness.com/en-us/catalog/strength-training/selectorized/hammer-strength-select-chest-press,2026-10-01,
Hammer Strength,Select,HS-HAB,Hammer Strength Select Hip Abduction,selectorized,bilateral,legs,,,,295,"LF product page: ""295 lb (138 kg)""",manufacturer_page,,https://www.lifefitness.com/en-us/catalog/strength-training/selectorized/hammer-strength-select-hip-abduction,2026-10-01,
Hammer Strength,Select,HS-HC,Hammer Strength Select Horizontal Calf,selectorized,bilateral,legs,,,,370,"LF product page: ""370 lb (185 kg)""",manufacturer_page,,https://www.lifefitness.com/en-us/catalog/strength-training/selectorized/hammer-strength-select-horizontal-calf,2026-10-01,
Hammer Strength,Select,HS-LR,Hammer Strength Select Lateral Raise,selectorized,bilateral,shoulders,,,,200,"LF product page: ""200 lb (95 kg)""",manufacturer_page,,https://www.lifefitness.com/en-us/catalog/strength-training/selectorized/hammer-strength-select-lateral-raise,2026-10-01,
Hammer Strength,Select,HS-PD,Hammer Strength Select Lat Pulldown,selectorized,bilateral,back,,,,295,"LF product page: ""295 lb (138 kg)""",manufacturer_page,,https://www.lifefitness.com/en-us/catalog/strength-training/selectorized/hammer-strength-select-lat-pulldown,2026-10-01,
Hammer Strength,Select,HS-LC,Hammer Strength Select Leg Curl,selectorized,bilateral,legs,,,,200,"LF product page: ""200 lb (95 kg)""",manufacturer_page,,https://www.lifefitness.com/en-us/catalog/strength-training/selectorized/hammer-strength-select-leg-curl,2026-10-01,
Hammer Strength,Select,HS-LE,Hammer Strength Select Leg Extension,selectorized,bilateral,legs,,,,295,"LF product page: ""295 lb (138 kg)""",manufacturer_page,,https://www.lifefitness.com/en-us/catalog/strength-training/selectorized/hammer-strength-select-leg-extension,2026-10-01,
Hammer Strength,Select,HS-RW,Hammer Strength Select Seated Row,selectorized,bilateral,back,,,,295,"LF product page: ""295 lb (138 kg)""",manufacturer_page,,https://www.lifefitness.com/en-us/catalog/strength-training/selectorized/hammer-strength-select-seated-row,2026-10-01,
Hammer Strength,Select,HS-FPD,Hammer Strength Select Fixed Pulldown,selectorized,bilateral,back,,,,295,"LF product page: ""295 lb (138 kg)""",manufacturer_page,,https://www.lifefitness.com/en-us/catalog/strength-training/selectorized/hammer-strength-select-fixed-pulldown,2026-10-01,
Hammer Strength,Select,HS-PEC,Hammer Strength Select Pectoral Fly,selectorized,bilateral,chest,,,,295,"LF product page: ""295 lb (138 kg)""",manufacturer_page,,https://www.lifefitness.com/en-us/catalog/strength-training/selectorized/hammer-strength-select-pectoral-fly,2026-10-01,
Hammer Strength,Select,HS-SLC,Hammer Strength Select Seated Leg Curl,selectorized,bilateral,legs,,,,295,"LF product page: ""295 lb (138 kg)""",manufacturer_page,,https://www.lifefitness.com/en-us/catalog/strength-training/selectorized/hammer-strength-select-seated-leg-curl,2026-10-01,
Hammer Strength,Select,HS-TE,Hammer Strength Select Triceps Extension,selectorized,bilateral,arms,,,,200,"LF product page: ""200 lb (95 kg)""",manufacturer_page,,https://www.lifefitness.com/en-us/catalog/strength-training/selectorized/hammer-strength-select-triceps-extension,2026-10-01,
Hammer Strength,Plate Loaded (Iso-Lateral / Ground Base),IL-LP,Iso-Lateral Leg Press,plate_loaded,independent,legs,14,6.3,per_arm,,starting resistance stated on lifefitness.com.au product page,manufacturer_page,"listed on lifefitness.com.au (clearance ""hot deal"" page), not on current LF US list",https://www.lifefitness.com.au/commercial/iso-lateral-leg-press-illp-hot-deal,2026-10-01,
Hammer Strength,Plate Loaded (Iso-Lateral / Ground Base),PL-LE,Plate Loaded Leg Extension,plate_loaded,independent,legs,4,1.8,per_arm,,starting resistance stated on lifefitness.com.au product page,manufacturer_page,"listed on lifefitness.com.au (clearance ""hot deal"" page), not on current LF US list; distinct from Iso-Lateral Leg Extension IL-LE; laterality not stated Laterality set to independent because the manufacturer states the starting weight per arm.",https://www.lifefitness.com.au/commercial/hammer-strength-plate-loaded-leg-extension-pl-le-hot-deal,2026-10-01,
Hammer Strength,Plate Loaded (Iso-Lateral / Ground Base),GB-SL,Ground Base Squat Lunge,plate_loaded,bilateral,legs,45,20,total,,starting resistance stated on lifefitness.com.au product page,manufacturer_page,"page title ""Hammer Strength Plate Loaded Squat Lunge (GB-SL)""; listed on lifefitness.com.au (clearance ""hot deal"" page), not on current LF US list",https://www.lifefitness.com.au/commercial/hammer-strength-plate-loaded-squat-lunge-gb-sl-hot-deal,2026-10-01,
Hammer Strength,Cable (HD),HDU-DPR,Pulldown / Row,cable_stack,bilateral,back,,,,300,"LF product page: ""300 lb (136 kg) / Ratio 1:1""",manufacturer_page,"LF US cable-machines category, brand Hammer Strength; LF states ratio 1:1",https://www.lifefitness.com/en-us/catalog/strength-training/cable-machines-functional-trainers/hammer-strength-pulldown-row,2026-10-01,
Hammer Strength,Cable (HD),HDU-CCOR,HS Dual Adjustable Pulley,cable_stack,independent,cable,,,,,,manufacturer_page,"LF US cable-machines category, brand Hammer Strength; LF says ""Weight Stacks: 400 lbs (181 kg)"" without saying per stack or total, so stack_lb left empty",https://www.lifefitness.com/en-us/catalog/strength-training/cable-machines-functional-trainers/hammer-strength-dual-adjustable-pulley,2026-10-01,
Technogym,Selection 900,MNFP,Selection 900 Chest Press,selectorized,bilateral,chest,,,,200,Technogym product page: standard stack 100 kg / 200 lb; optional Plus stack 130 kg / 287 lb,manufacturer_page,codes are MN.. (4-char); Physiocam variable-resistance cam; optional Unity Mini console; archived copy of technogym.com product page (live site returns 403),https://web.archive.org/web/20250830080614/https://www.technogym.com/en-US/product/selection-900-chest-press_MNFP.html,2026-10-01,
Technogym,Selection 900,MNTP,Selection 900 Pectoral,selectorized,bilateral,chest,,,,200,Technogym product page: standard stack 100 kg / 200 lb; optional Plus stack 130 kg / 287 lb,manufacturer_page,codes are MN.. (4-char); Physiocam variable-resistance cam; optional Unity Mini console; archived copy of technogym.com product page (live site returns 403),https://web.archive.org/web/20260102134349/https://www.technogym.com/en-INT/product/selection-900-pectoral_MNTP.html,2026-10-01,
Technogym,Selection 900,MN3P,Selection 900 Multi Flight,selectorized,bilateral,chest,,,,,,manufacturer_page,codes are MN.. (4-char); Physiocam variable-resistance cam; optional Unity Mini console,https://www.technogym.com/en-US/category/selection-900/,2026-09-30,
Technogym,Selection 900,MNEP,Selection 900 Shoulder Press,selectorized,bilateral,shoulders,,,,,,manufacturer_page,codes are MN.. (4-char); Physiocam variable-resistance cam; optional Unity Mini console; archived copy of technogym.com product page (live site returns 403),https://web.archive.org/web/20220128172725/https://www.technogym.com/en-IE/product/selection-900-shoulder-press_MNEP.html,2026-10-01,
Technogym,Selection 900,MNKP,Selection 900 Delts Machine,selectorized,bilateral,shoulders,,,,200,Technogym product page: standard stack 100 kg / 200 lb; optional Plus stack 130 kg / 287 lb,manufacturer_page,codes are MN.. (4-char); Physiocam variable-resistance cam; optional Unity Mini console; archived copy of technogym.com product page (live site returns 403),https://web.archive.org/web/20260520132614/https://www.technogym.com/en-GB/product/selection-900-delts-machine_MNKP.html,2026-10-01,
Technogym,Selection 900,MNXP,Selection 900 Reverse Fly,selectorized,bilateral,shoulders,,,,,,manufacturer_page,codes are MN.. (4-char); Physiocam variable-resistance cam; optional Unity Mini console; archived copy of technogym.com product page (live site returns 403),https://web.archive.org/web/20220128030443/https://www.technogym.com/en-IE/product/selection-900-reverse-fly_MNXP.html,2026-10-01,
Technogym,Selection 900,MNLP,Selection 900 Lat Machine,selectorized,bilateral,back,,,,,,manufacturer_page,codes are MN.. (4-char); Physiocam variable-resistance cam; optional Unity Mini console,https://www.technogym.com/en-US/category/selection-900/,2026-09-30,
Technogym,Selection 900,MNGP,Selection 900 Vertical Traction,selectorized,bilateral,back,,,,200,Technogym product page: standard stack 100 kg / 200 lb; optional Plus stack 130 kg / 287 lb,manufacturer_page,codes are MN.. (4-char); Physiocam variable-resistance cam; optional Unity Mini console; archived copy of technogym.com product page (live site returns 403),https://web.archive.org/web/20250824045559/https://www.technogym.com/en-US/product/selection-900-vertical-traction_MNGP.html,2026-10-01,
Technogym,Selection 900,MNHP,Selection 900 Low Row,selectorized,bilateral,back,,,,190,Technogym product page: standard stack 95 kg / 190 lb; optional Plus stack 125 kg / 250 lb,manufacturer_page,codes are MN.. (4-char); Physiocam variable-resistance cam; optional Unity Mini console; archived copy of technogym.com product page (live site returns 403),https://web.archive.org/web/20260622221901/https://www.technogym.com/en-GB/product/selection-900-low-row_MNHP.html,2026-10-01,
Technogym,Selection 900,MN1P,Selection 900 Upper Back,selectorized,bilateral,back,,,,130,Technogym product page: standard stack 65 kg / 130 lb,manufacturer_page,codes are MN.. (4-char); Physiocam variable-resistance cam; optional Unity Mini console; archived copy of technogym.com product page (live site returns 403),https://web.archive.org/web/20250824090426/https://www.technogym.com/en-US/product/selection-900-upper-back_MN1P.html,2026-10-01,
Technogym,Selection 900,MNRP,Selection 900 Arm Curl,selectorized,bilateral,arms,,,,,,manufacturer_page,codes are MN.. (4-char); Physiocam variable-resistance cam; optional Unity Mini console; archived copy of technogym.com product page (live site returns 403),https://web.archive.org/web/20220128031715/https://www.technogym.com/en-IE/product/selection-900-arm-curl_MNRP.html,2026-10-01,
Technogym,Selection 900,MNSP,Selection 900 Arm Extension,selectorized,bilateral,arms,,,,,,manufacturer_page,codes are MN.. (4-char); Physiocam variable-resistance cam; optional Unity Mini console,https://www.technogym.com/en-US/category/selection-900/,2026-09-30,
Technogym,Selection 900,MNWP,Selection 900 Pulley,selectorized,n/a,cable,,,,,,manufacturer_page,codes are MN.. (4-char); Physiocam variable-resistance cam; optional Unity Mini console,https://www.technogym.com/en-US/category/selection-900/,2026-09-30,
Technogym,Selection 900,MNBP,Selection 900 Abdominal Crunch,selectorized,bilateral,core,,,,130,Technogym product page: standard stack 65 kg / 130 lb; optional Plus stack 95 kg / 190 lb,manufacturer_page,codes are MN.. (4-char); Physiocam variable-resistance cam; optional Unity Mini console; archived copy of technogym.com product page (live site returns 403),https://web.archive.org/web/20250805234234/https://www.technogym.com/en-US/product/selection-900-abdominal-crunch_MNBP.html,2026-10-01,
Technogym,Selection 900,MNZP,Selection 900 Total Abdominal,selectorized,bilateral,core,,,,190,Technogym product page: standard stack 95 kg / 190 lb; optional Plus stack 125 kg / 250 lb,manufacturer_page,codes are MN.. (4-char); Physiocam variable-resistance cam; optional Unity Mini console; archived copy of technogym.com product page (live site returns 403),https://web.archive.org/web/20260123202421/https://www.technogym.com/en-GB/product/selection-900-total-abdominal_MNZP.html,2026-10-01,
Technogym,Selection 900,MNYP,Selection 900 Rotary Torso,selectorized,bilateral,core,,,,,,manufacturer_page,codes are MN.. (4-char); Physiocam variable-resistance cam; optional Unity Mini console; archived copy of technogym.com product page (live site returns 403),https://web.archive.org/web/20220128174256/https://www.technogym.com/en-IE/product/selection-900-rotary-torso_MNYP.html,2026-10-01,
Technogym,Selection 900,MNCP,Selection 900 Lower Back,selectorized,bilateral,back,,,,130,Technogym product page: standard stack 65 kg / 130 lb; optional Plus stack 95 kg / 190 lb,manufacturer_page,codes are MN.. (4-char); Physiocam variable-resistance cam; optional Unity Mini console; archived copy of technogym.com product page (live site returns 403),https://web.archive.org/web/20260521234830/https://www.technogym.com/en-GB/product/selection-900-lower-back_MNCP.html,2026-10-01,
Technogym,Selection 900,MNAP,Selection 900 Leg Press,selectorized,bilateral,legs,,,,,,manufacturer_page,codes are MN.. (4-char); Physiocam variable-resistance cam; optional Unity Mini console; archived copy of technogym.com product page (live site returns 403),https://web.archive.org/web/20220128021659/https://www.technogym.com/en-IE/product/selection-900-leg-press_MNAP.html,2026-10-01,
Technogym,Selection 900,MNJP,Selection 900 Leg Extension,selectorized,bilateral,legs,,,,190,Technogym product page: standard stack 95 kg / 190 lb; optional Plus stack 125 kg / 250 lb,manufacturer_page,codes are MN.. (4-char); Physiocam variable-resistance cam; optional Unity Mini console; archived copy of technogym.com product page (live site returns 403),https://web.archive.org/web/20251226140129/https://www.technogym.com/en-US/product/selection-900-leg-extension_MNJP.html,2026-10-01,
Technogym,Selection 900,MNIP,Selection 900 Leg Curl,selectorized,bilateral,legs,,,,190,Technogym product page: standard stack 95 kg / 190 lb; optional Plus stack 125 kg / 250 lb,manufacturer_page,codes are MN.. (4-char); Physiocam variable-resistance cam; optional Unity Mini console; archived copy of technogym.com product page (live site returns 403),https://web.archive.org/web/20250824025445/https://www.technogym.com/en-US/product/selection-900-leg-curl_MNIP.html,2026-10-01,
Technogym,Selection 900,MNUP,Selection 900 Prone Leg Curl,selectorized,bilateral,legs,,,,,,manufacturer_page,codes are MN.. (4-char); Physiocam variable-resistance cam; optional Unity Mini console; archived copy of technogym.com product page (live site returns 403),https://web.archive.org/web/20220128165456/https://www.technogym.com/en-IE/product/selection-900-prone-leg-curl_MNUP.html,2026-10-01,
Technogym,Selection 900,MNPP,Selection 900 Abductor,selectorized,bilateral,glutes,,,,140,Technogym product page: standard stack 70 kg / 140 lb; optional Plus stack 100 kg / 200 lb,manufacturer_page,codes are MN.. (4-char); Physiocam variable-resistance cam; optional Unity Mini console; archived copy of technogym.com product page (live site returns 403),https://web.archive.org/web/20250805234355/https://www.technogym.com/en-US/product/selection-900-abductor_MNPP.html,2026-10-01,
Technogym,Selection 900,MNQP,Selection 900 Adductor,selectorized,bilateral,legs,,,,140,Technogym product page: standard stack 70 kg / 140 lb; optional Plus stack 100 kg / 200 lb,manufacturer_page,codes are MN.. (4-char); Physiocam variable-resistance cam; optional Unity Mini console; archived copy of technogym.com product page (live site returns 403),https://web.archive.org/web/20250805234441/https://www.technogym.com/en-TH/product/selection-900-adductor_MNQP.html,2026-10-01,
Technogym,Selection 900,MN4P,Selection 900 Glute Press,selectorized,bilateral,glutes,,,,,,manufacturer_page,codes are MN.. (4-char); Physiocam variable-resistance cam; optional Unity Mini console; code read from Technogym CDN image path (MN4P); product page not fetchable,https://webapi-prod.technogym.com/dw/image/v2/BFLQ_PRD/on/demandware.static/-/Sites-tg-catalog-master/default/dw40bf8b55/product/MN4P/selection-900-glute-press-MN4-plp.jpg,2026-10-01,
Technogym,Selection 900,,Selection 900 Hip Thrust,selectorized,bilateral,glutes,,,,,,manufacturer_page,codes are MN.. (4-char); Physiocam variable-resistance cam; optional Unity Mini console,https://www.technogym.com/en-US/category/selection-900/,2026-09-30,
Technogym,Selection 900,MN5P,Selection 900 Standing Calf,selectorized,bilateral,legs,,,,,,manufacturer_page,codes are MN.. (4-char); Physiocam variable-resistance cam; optional Unity Mini console; code read from Technogym CDN image path (MN5P); product page not fetchable,https://webapi-prod.technogym.com/dw/image/v2/BFLQ_PRD/on/demandware.static/-/Sites-tg-catalog-master/default/dw8ba75ae4/product/MN5P/selection-900-standing-calf-MN5-plp.jpg,2026-10-01,
Technogym,Selection 900,MNDP,Selection 900 Multi Hip,selectorized,bilateral,glutes,,,,,,manufacturer_page,"codes are MN.. (4-char); Physiocam variable-resistance cam; optional Unity Mini console; added: model on Technogym site, missing from seed; laterality not stated (seed convention); archived copy of technogym.com product page (live site returns 403)",https://web.archive.org/web/20220128162019/https://www.technogym.com/en-IE/product/selection-900-multi-hip_MNDP.html,2026-10-01,
Technogym,Selection 900,MNVP,Selection 900 Pulldown,selectorized,bilateral,back,,,,,,manufacturer_page,"codes are MN.. (4-char); Physiocam variable-resistance cam; optional Unity Mini console; added: model on Technogym site, missing from seed; laterality not stated (seed convention); archived copy of technogym.com product page (live site returns 403)",https://web.archive.org/web/20220128035357/https://www.technogym.com/en-IE/product/selection-900-pulldown_MNVP.html,2026-10-01,
Technogym,Selection 700 (compact),MNFC,Selection 700 Chest Press,selectorized,bilateral,chest,,,,,,manufacturer_page,compact line; the one most often seen in franchise/hotel gyms (Anytime Fitness); US list prices ~$8.4k–$10.9k; archived copy of technogym.com product page (live site returns 403),https://web.archive.org/web/20220128040841/https://www.technogym.com/en-IE/product/selection-700-chest-press_MNFC.html,2026-10-01,
Technogym,Selection 700 (compact),MNNC,Selection 700 Dual Pectoral / Reverse Fly,selectorized,bilateral,chest,,,,,,manufacturer_page,compact line; the one most often seen in franchise/hotel gyms (Anytime Fitness); US list prices ~$8.4k–$10.9k; archived copy of technogym.com product page (live site returns 403),https://web.archive.org/web/20220128034520/https://www.technogym.com/en-IE/product/selection-700-dual-pectoral-reverse-fly_MNNC.html,2026-10-01,
Technogym,Selection 700 (compact),MNEC,Selection 700 Shoulder Press,selectorized,bilateral,shoulders,,,,,,manufacturer_page,compact line; the one most often seen in franchise/hotel gyms (Anytime Fitness); US list prices ~$8.4k–$10.9k; archived copy of technogym.com product page (live site returns 403),https://web.archive.org/web/20220128153855/https://www.technogym.com/en-IE/product/selection-700-shoulder-press_MNEC.html,2026-10-01,
Technogym,Selection 700 (compact),MNKC,Selection 700 Delts Machine,selectorized,bilateral,shoulders,,,,,,manufacturer_page,compact line; the one most often seen in franchise/hotel gyms (Anytime Fitness); US list prices ~$8.4k–$10.9k; archived copy of technogym.com product page (live site returns 403),https://web.archive.org/web/20220128025558/https://www.technogym.com/en-IE/product/selection-700-delts-machine_MNKC.html,2026-10-01,
Technogym,Selection 700 (compact),MNLC,Selection 700 Lat Machine,selectorized,bilateral,back,,,,198,Technogym product page: standard stack 90 kg / 198 lb; optional Plus stack 130 kg / 287 lb,manufacturer_page,compact line; the one most often seen in franchise/hotel gyms (Anytime Fitness); US list prices ~$8.4k–$10.9k; archived copy of technogym.com product page (live site returns 403),https://web.archive.org/web/20250815194942/https://www.technogym.com/en-CA/product/selection-700-lat-machine_MNLC.html,2026-10-01,
Technogym,Selection 700 (compact),MNGC,Selection 700 Vertical Traction,selectorized,bilateral,back,,,,,,manufacturer_page,compact line; the one most often seen in franchise/hotel gyms (Anytime Fitness); US list prices ~$8.4k–$10.9k; archived copy of technogym.com product page (live site returns 403),https://web.archive.org/web/20220128031120/https://www.technogym.com/en-IE/product/selection-700-vertical-traction_MNGC.html,2026-10-01,
Technogym,Selection 700 (compact),MNHC,Selection 700 Low Row,selectorized,bilateral,back,,,,,,manufacturer_page,compact line; the one most often seen in franchise/hotel gyms (Anytime Fitness); US list prices ~$8.4k–$10.9k; archived copy of technogym.com product page (live site returns 403),https://web.archive.org/web/20230407230819/https://www.technogym.com/en-US/product/selection-700-low-row_MNHC.html,2026-10-01,
Technogym,Selection 700 (compact),MNMC,Selection 700 Dual Leg Curl / Extension,selectorized,bilateral,legs,,,,130,Technogym product page: standard stack 60 kg / 130 lb; optional Plus stack 75 kg / 165 lb,manufacturer_page,compact line; the one most often seen in franchise/hotel gyms (Anytime Fitness); US list prices ~$8.4k–$10.9k; archived copy of technogym.com product page (live site returns 403),https://web.archive.org/web/20250817124406/https://www.technogym.com/en-INT/product/selection-700-dual-leg-curl-extension_MNMC.html,2026-10-01,
Technogym,Selection 700 (compact),MNJC,Selection 700 Leg Extension,selectorized,bilateral,legs,,,,,,manufacturer_page,compact line; the one most often seen in franchise/hotel gyms (Anytime Fitness); US list prices ~$8.4k–$10.9k; archived copy of technogym.com product page (live site returns 403),https://web.archive.org/web/20220128022745/https://www.technogym.com/en-IE/product/selection-700-leg-extension_MNJC.html,2026-10-01,
Technogym,Selection 700 (compact),MNIC,Selection 700 Leg Curl,selectorized,bilateral,legs,,,,176,Technogym product page: standard stack 80 kg / 176 lb; optional Plus stack 125 kg / 250 lb,manufacturer_page,compact line; the one most often seen in franchise/hotel gyms (Anytime Fitness); US list prices ~$8.4k–$10.9k; archived copy of technogym.com product page (live site returns 403),https://web.archive.org/web/20241115211325/https://www.technogym.com/en-AU/product/selection-700-leg-curl_MNIC.html,2026-10-01,
Technogym,Selection 700 (compact),MNAC,Selection 700 Leg Press,selectorized,bilateral,legs,,,,418,Technogym product page: standard stack 190 kg / 418 lb; optional Plus stack 250 kg / 551 lb,manufacturer_page,compact line; the one most often seen in franchise/hotel gyms (Anytime Fitness); US list prices ~$8.4k–$10.9k; archived copy of technogym.com product page (live site returns 403),https://web.archive.org/web/20250605210331/https://www.technogym.com/en-US/product/selection-700-leg-press_MNAC.html,2026-10-01,
Technogym,Selection 700 (compact),MNOC,Selection 700 Dual Abductor / Adductor,selectorized,bilateral,legs,,,,110,Technogym product page: standard stack 50 kg / 110 lb; optional Plus stack 75 kg / 165 lb,manufacturer_page,compact line; the one most often seen in franchise/hotel gyms (Anytime Fitness); US list prices ~$8.4k–$10.9k; archived copy of technogym.com product page (live site returns 403),https://web.archive.org/web/20250816093948/https://www.technogym.com/en-US/product/selection-700-dual-abductor-adductor_MNOC.html,2026-10-01,
Technogym,Selection 700 (compact),MNDC,Selection 700 Multi Hip,selectorized,bilateral,glutes,,,,,,manufacturer_page,compact line; the one most often seen in franchise/hotel gyms (Anytime Fitness); US list prices ~$8.4k–$10.9k; archived copy of technogym.com product page (live site returns 403),https://web.archive.org/web/20220128035325/https://www.technogym.com/en-IE/product/selection-700-multi-hip_MNDC.html,2026-10-01,
Technogym,Selection 700 (compact),MNBC,Selection 700 Abdominal Crunch,selectorized,bilateral,core,,,,132,Technogym product page: standard stack 60 kg / 132 lb; optional Plus stack 95 kg / 190 lb,manufacturer_page,compact line; the one most often seen in franchise/hotel gyms (Anytime Fitness); US list prices ~$8.4k–$10.9k; archived copy of technogym.com product page (live site returns 403),https://web.archive.org/web/20250805234202/https://www.technogym.com/en-US/product/selection-700-abdominal-crunch_MNBC.html,2026-10-01,
Technogym,Selection 700 (compact),MNCC,Selection 700 Lower Back,selectorized,bilateral,back,,,,130,Technogym product page: standard stack 65 kg / 130 lb; optional Plus stack 95 kg / 190 lb,manufacturer_page,compact line; the one most often seen in franchise/hotel gyms (Anytime Fitness); US list prices ~$8.4k–$10.9k; archived copy of technogym.com product page (live site returns 403),https://web.archive.org/web/20250825063547/https://www.technogym.com/en-US/product/selection-700-lower-back_MNCC.html,2026-10-01,
Technogym,Pure Strength (plate loaded),MG0500,Pure Strength Chest Press,plate_loaded,independent,chest,,,,,,manufacturer_page,codes are MG.. (4-digit); laterality inferred for presses/rows (laterality only is inferred; model is manufacturer-listed),https://technogym.com/int/products/shopby/line_internal-selection_900-kinesis_personal-kinesis-pure-wear_gear-artis-excite-selection_700-group_cycle/product_type-plate_loaded.html,2026-09-30,
Technogym,Pure Strength (plate loaded),MG3000,Pure Strength Row,plate_loaded,independent,back,,,,,,manufacturer_page,"codes are MG.. (4-digit); laterality inferred for presses/rows (laterality only is inferred; model is manufacturer-listed); page SKU MG3000-NBGJV0 (configuration suffix dropped, as for MG0500); archived copy of technogym.com product page (live site returns 403)",https://web.archive.org/web/20250805233618/https://www.technogym.com/en-US/product/pure-row_MG3000-NBGJV0.html,2026-10-01,
Technogym,Pure Strength (plate loaded),MG2500,Pure Strength Low Row,plate_loaded,independent,back,,,,,,manufacturer_page,"codes are MG.. (4-digit); laterality inferred for presses/rows (laterality only is inferred; model is manufacturer-listed); page SKU MG2500-NBGJV0 (configuration suffix dropped, as for MG0500); archived copy of technogym.com product page (live site returns 403)",https://web.archive.org/web/20250805233806/https://www.technogym.com/en-US/product/pure-low-row_MG2500-NBGJV0.html,2026-10-01,
Technogym,Pure Strength (plate loaded),MG2000,Pure Strength Pulldown,plate_loaded,independent,back,,,,,,manufacturer_page,"codes are MG.. (4-digit); laterality inferred for presses/rows (laterality only is inferred; model is manufacturer-listed); page SKU MG2000-NBGJV0 (configuration suffix dropped, as for MG0500); archived copy of technogym.com product page (live site returns 403)",https://web.archive.org/web/20250805234159/https://www.technogym.com/en-US/product/pure-pulldown_MG2000-NBGJV0.html,2026-10-01,
Technogym,Pure Strength (plate loaded),MG9000,Pure Strength Pullover,plate_loaded,bilateral,back,,,,,,manufacturer_page,codes are MG.. (4-digit); laterality inferred for presses/rows (laterality only is inferred; model is manufacturer-listed),https://technogym.com/int/products/shopby/line_internal-selection_900-kinesis_personal-kinesis-pure-wear_gear-artis-excite-selection_700-group_cycle/product_type-plate_loaded.html,2026-09-30,
Technogym,Pure Strength (plate loaded),PG12,Pure Strength T-Bar Row,plate_loaded,bilateral,back,,,,,,manufacturer_page,"codes are MG.. (4-digit); laterality inferred for presses/rows (laterality only is inferred; model is manufacturer-listed); page canonical t-bar-row-pure-strength_PG12, SKU PG12 (PG prefix, as Pure benches); archived copy of technogym.com product page (live site returns 403)",https://web.archive.org/web/20251220201643/https://www.technogym.com/en-US/product/t-bar-row-pure-strength_PG12.html,2026-10-01,
Technogym,Pure Strength (plate loaded),MG6000,Pure Strength Biceps,plate_loaded,bilateral,arms,,,,,,manufacturer_page,"codes are MG.. (4-digit); laterality inferred for presses/rows (laterality only is inferred; model is manufacturer-listed); page SKU MG6000-NBGJV0 (configuration suffix dropped, as for MG0500); archived copy of technogym.com product page (live site returns 403)",https://web.archive.org/web/20250805233847/https://www.technogym.com/en-US/product/pure-biceps_MG6000-NBGJV0.html,2026-10-01,
Technogym,Pure Strength (plate loaded),MG5500,Pure Strength Seated Dip,plate_loaded,bilateral,arms,,,,,,manufacturer_page,"codes are MG.. (4-digit); laterality inferred for presses/rows (laterality only is inferred; model is manufacturer-listed); page SKU MG5500-NBGJV0 (configuration suffix dropped, as for MG0500); archived copy of technogym.com product page (live site returns 403)",https://web.archive.org/web/20260521234003/https://www.technogym.com/en-GB/product/pure-strength-seated-dip_MG5500-NBGJV0.html,2026-10-01,
Technogym,Pure Strength (plate loaded),MG7500,Pure Strength Linear Leg Press,plate_loaded,bilateral,legs,,,,,,manufacturer_page,"codes are MG.. (4-digit); laterality inferred for presses/rows (laterality only is inferred; model is manufacturer-listed); page SKU MG7500-NBGJV0 (configuration suffix dropped, as for MG0500); archived copy of technogym.com product page (live site returns 403)",https://web.archive.org/web/20250805233658/https://www.technogym.com/en-US/product/pure-linear-leg-press_MG7500-NBGJV0.html,2026-10-01,
Technogym,Pure Strength (plate loaded),MG5000,Pure Strength Leg Press,plate_loaded,bilateral,legs,,,,,,manufacturer_page,codes are MG.. (4-digit); laterality inferred for presses/rows (laterality only is inferred; model is manufacturer-listed),https://technogym.com/int/products/shopby/line_internal-selection_900-kinesis_personal-kinesis-pure-wear_gear-artis-excite-selection_700-group_cycle/product_type-plate_loaded.html,2026-09-30,
Technogym,Pure Strength (plate loaded),MG86,Pure Strength Belt Squat,plate_loaded,bilateral,legs,,,,,,manufacturer_page,"codes are MG.. (4-digit); laterality inferred for presses/rows (laterality only is inferred; model is manufacturer-listed); page SKU MG86; code is MG + 2 digits, not 4; archived copy of technogym.com product page (live site returns 403)",https://web.archive.org/web/20250805234410/https://www.technogym.com/en-US/product/pure-belt-squat_MG86.html,2026-10-01,
Technogym,Pure Strength (plate loaded),MG87,Pure Strength Deadlift,plate_loaded,bilateral,full_body,,,,,,manufacturer_page,"codes are MG.. (4-digit); laterality inferred for presses/rows (laterality only is inferred; model is manufacturer-listed); page SKU MG87; code is MG + 2 digits, not 4; archived copy of technogym.com product page (live site returns 403)",https://web.archive.org/web/20250805234327/https://www.technogym.com/en-US/product/pure-deadlift_MG87.html,2026-10-01,
Technogym,Pure Strength (plate loaded),MG8000,Pure Strength Hip Thrust,plate_loaded,bilateral,glutes,,,,,,manufacturer_page,"codes are MG.. (4-digit); laterality inferred for presses/rows (laterality only is inferred; model is manufacturer-listed); page SKU MG8000-NBGJV0 (configuration suffix dropped, as for MG0500); archived copy of technogym.com product page (live site returns 403)",https://web.archive.org/web/20250805234100/https://www.technogym.com/en-US/product/pure-hip-thrust_MG8000-NBGJV0.html,2026-10-01,
Technogym,Pure Strength (plate loaded),MG4000,Pure Strength Rear Kick,plate_loaded,bilateral,glutes,,,,,,manufacturer_page,codes are MG.. (4-digit); laterality inferred for presses/rows (laterality only is inferred; model is manufacturer-listed),https://technogym.com/int/products/shopby/line_internal-selection_900-kinesis_personal-kinesis-pure-wear_gear-artis-excite-selection_700-group_cycle/product_type-plate_loaded.html,2026-09-30,
Technogym,Pure Strength (plate loaded),MG9500,Pure Strength Standing Abductor,plate_loaded,bilateral,glutes,,,,,,manufacturer_page,"codes are MG.. (4-digit); laterality inferred for presses/rows (laterality only is inferred; model is manufacturer-listed); page SKU MG9500-NBGJV0 (configuration suffix dropped, as for MG0500); archived copy of technogym.com product page (live site returns 403)",https://web.archive.org/web/20250805234216/https://www.technogym.com/en-US/product/pure-standing-abductor_MG9500-NBGJV0.html,2026-10-01,
Technogym,Pure Strength (plate loaded),MG7000,Pure Strength Standing Leg Curl,plate_loaded,bilateral,legs,,,,,,manufacturer_page,"codes are MG.. (4-digit); laterality inferred for presses/rows (laterality only is inferred; model is manufacturer-listed); page SKU MG7000-NBGJV0 (configuration suffix dropped, as for MG0500); archived copy of technogym.com product page (live site returns 403)",https://web.archive.org/web/20250805233455/https://www.technogym.com/en-US/product/pure-standing-leg-curl_MG7000-NBGJV0.html,2026-10-01,
Technogym,Pure Strength (plate loaded),MG4500,Pure Strength Calf,plate_loaded,bilateral,legs,,,,,,manufacturer_page,"codes are MG.. (4-digit); laterality inferred for presses/rows (laterality only is inferred; model is manufacturer-listed); page SKU MG4500-NBGJV0 (configuration suffix dropped, as for MG0500); archived copy of technogym.com product page (live site returns 403)",https://web.archive.org/web/20250805233732/https://www.technogym.com/en-US/product/pure-calf_MG4500-NBGJV0.html,2026-10-01,
Technogym,Pure Strength (plate loaded),MG4600,Pure Strength Seated Calf,plate_loaded,bilateral,legs,,,,,,manufacturer_page,codes are MG.. (4-digit); laterality inferred for presses/rows (laterality only is inferred; model is manufacturer-listed),https://technogym.com/int/products/shopby/line_internal-selection_900-kinesis_personal-kinesis-pure-wear_gear-artis-excite-selection_700-group_cycle/product_type-plate_loaded.html,2026-09-30,
Technogym,Pure Strength (plate loaded),MG1000,Pure Strength Wide Chest Press,plate_loaded,independent,chest,,,,,,manufacturer_page,"codes are MG.. (4-digit; page SKU carries -NBGJV0 configuration suffix); page name ""Pure Wide Chest Press"", SKU MG1000-NBGJV0; page states independent movement arms; added: missing from seed; archived copy of technogym.com product page (live site returns 403)",https://web.archive.org/web/20250805233142/https://www.technogym.com/en-US/product/pure-wide-chest-press_MG1000-NBGJV0.html,2026-10-01,
Technogym,Pure Strength (plate loaded),MG1500,Pure Strength Incline Chest Press,plate_loaded,independent,chest,,,,,,manufacturer_page,"codes are MG.. (4-digit; page SKU carries -NBGJV0 configuration suffix); page name ""Pure Incline Chest Press"", SKU MG1500-NBGJV0; page states independent movement arms; added: missing from seed; archived copy of technogym.com product page (live site returns 403)",https://web.archive.org/web/20250805233100/https://www.technogym.com/en-US/product/pure-incline-chest-press_MG1500-NBGJV0.html,2026-10-01,
Technogym,Pure Strength (plate loaded),MG3500,Pure Strength Shoulder Press,plate_loaded,independent,shoulders,,,,,,manufacturer_page,"codes are MG.. (4-digit; page SKU carries -NBGJV0 configuration suffix); page name ""Pure Shoulder Press"", SKU MG3500-NBGJV0; page states independent movement arms; added: missing from seed; archived copy of technogym.com product page (live site returns 403)",https://web.archive.org/web/20250805233218/https://www.technogym.com/en-US/product/pure-shoulder-press_MG3500-NBGJV0.html,2026-10-01,
Technogym,Pure Strength (plate loaded),MG6500,Pure Strength Leg Extension,plate_loaded,bilateral,legs,,,,,,manufacturer_page,"codes are MG.. (4-digit; page SKU carries -NBGJV0 configuration suffix); page name ""Pure Leg Extension"", SKU MG6500-NBGJV0; laterality not stated on page (inferred); added: missing from seed; archived copy of technogym.com product page (live site returns 403)",https://web.archive.org/web/20250805233414/https://www.technogym.com/en-US/product/pure-leg-extension_MG6500-NBGJV0.html,2026-10-01,
Technogym,Pure Strength (plate loaded),MG8500,Pure Strength Hack Squat,plate_loaded,bilateral,legs,,,,,,manufacturer_page,"codes are MG.. (4-digit; page SKU carries -NBGJV0 configuration suffix); page name ""Pure Hack Squat"", SKU MG8500-NBGJV0; laterality not stated on page (inferred); added: missing from seed; archived copy of technogym.com product page (live site returns 403)",https://web.archive.org/web/20251209014213/https://www.technogym.com/en-US/product/pure-strength-hack-squat_MG8500-NBGJV0.html,2026-10-01,
Technogym,Artis,MK18EH,Artis Abductor,selectorized,bilateral,glutes,,,,140,Technogym product page: standard stack 70 kg / 140 lb; optional Plus stack 100 kg / 200 lb,reseller_or_manual,"Artis premium selectorized line; Technogym product pages from Dec 2025/Jan 2026 give SKU MK18EH; older (2023 to Aug 2025) Technogym pages used a different, scrambled code-to-name mapping (e.g. MK70 shown as Pectoral, MK50 as Leg Extension); the newer mapping is used because it matches renewfit.com refurbished listings (Chest Press MK70, Rotary Torso MK50) and Biostrength MM70/MM58/MM83; laterality not stated (seed convention); archived copy of technogym.com product page (live site returns 403) Code/name pairing conflicts across Technogym's own pages (pre-Aug-2025 vs Dec-2025+); newer pairing used, corroborated by a dealer and Biostrength numbering.",https://web.archive.org/web/20260114123631/https://www.technogym.com/en-TH/product/artis-abductor_MK18EH.html,2026-10-01,
Technogym,Artis,MK17EH,Artis Adductor,selectorized,bilateral,legs,,,,140,Technogym product page: standard stack 70 kg / 140 lb; optional Plus stack 100 kg / 200 lb,reseller_or_manual,"Artis premium selectorized line; Technogym product pages from Dec 2025/Jan 2026 give SKU MK17EH; older (2023 to Aug 2025) Technogym pages used a different, scrambled code-to-name mapping (e.g. MK70 shown as Pectoral, MK50 as Leg Extension); the newer mapping is used because it matches renewfit.com refurbished listings (Chest Press MK70, Rotary Torso MK50) and Biostrength MM70/MM58/MM83; laterality not stated (seed convention); archived copy of technogym.com product page (live site returns 403) Code/name pairing conflicts across Technogym's own pages (pre-Aug-2025 vs Dec-2025+); newer pairing used, corroborated by a dealer and Biostrength numbering.",https://web.archive.org/web/20260114130455/https://www.technogym.com/en-VN/product/artis-adductor_MK17EH.html,2026-10-01,
Technogym,Artis,MK92EH,Artis Arm Curl,selectorized,bilateral,arms,,,,140,Technogym product page: standard stack 70 kg / 140 lb; optional Plus stack 100 kg / 200 lb,reseller_or_manual,"Artis premium selectorized line; Technogym product pages from Dec 2025/Jan 2026 give SKU MK92EH; older (2023 to Aug 2025) Technogym pages used a different, scrambled code-to-name mapping (e.g. MK70 shown as Pectoral, MK50 as Leg Extension); the newer mapping is used because it matches renewfit.com refurbished listings (Chest Press MK70, Rotary Torso MK50) and Biostrength MM70/MM58/MM83; laterality not stated (seed convention); archived copy of technogym.com product page (live site returns 403) Code/name pairing conflicts across Technogym's own pages (pre-Aug-2025 vs Dec-2025+); newer pairing used, corroborated by a dealer and Biostrength numbering.",https://web.archive.org/web/20260114124520/https://www.technogym.com/en-US/product/artis-arm-curl_MK92EH.html,2026-10-01,
Technogym,Artis,MK45EH,Artis Arm Extension,selectorized,bilateral,arms,,,,140,Technogym product page: standard stack 70 kg / 140 lb; optional Plus stack 100 kg / 200 lb,reseller_or_manual,"Artis premium selectorized line; Technogym product pages from Dec 2025/Jan 2026 give SKU MK45EH; older (2023 to Aug 2025) Technogym pages used a different, scrambled code-to-name mapping (e.g. MK70 shown as Pectoral, MK50 as Leg Extension); the newer mapping is used because it matches renewfit.com refurbished listings (Chest Press MK70, Rotary Torso MK50) and Biostrength MM70/MM58/MM83; laterality not stated (seed convention); archived copy of technogym.com product page (live site returns 403) Code/name pairing conflicts across Technogym's own pages (pre-Aug-2025 vs Dec-2025+); newer pairing used, corroborated by a dealer and Biostrength numbering.",https://web.archive.org/web/20260114130655/https://www.technogym.com/en-ZA/product/artis-arm-extension_MK45EH.html,2026-10-01,
Technogym,Artis,MK70EH,Artis Chest Press,selectorized,bilateral,chest,,,,200,Technogym product page: standard stack 100 kg / 200 lb; optional Plus stack 125 kg / 250 lb,reseller_or_manual,"Artis premium selectorized line; Technogym product pages from Dec 2025/Jan 2026 give SKU MK70EH; older (2023 to Aug 2025) Technogym pages used a different, scrambled code-to-name mapping (e.g. MK70 shown as Pectoral, MK50 as Leg Extension); the newer mapping is used because it matches renewfit.com refurbished listings (Chest Press MK70, Rotary Torso MK50) and Biostrength MM70/MM58/MM83; laterality not stated (seed convention); archived copy of technogym.com product page (live site returns 403) Also renewfit.com: ""Chest press MK70 Unity Mini"" https://www.renewfit.com/en/chest-press-mk70-unity-mini-technogym,a618.php Code/name pairing conflicts across Technogym's own pages (pre-Aug-2025 vs Dec-2025+); newer pairing used, corroborated by a dealer and Biostrength numbering.",https://web.archive.org/web/20260114124731/https://www.technogym.com/en-US/product/artis-chest-press_MK70EH.html,2026-10-01,
Technogym,Artis,MK12EH,Artis Lat Machine,selectorized,bilateral,back,,,,200,Technogym product page: standard stack 100 kg / 200 lb; optional Plus stack 130 kg / 260 lb,reseller_or_manual,"Artis premium selectorized line; Technogym product pages from Dec 2025/Jan 2026 give SKU MK12EH; older (2023 to Aug 2025) Technogym pages used a different, scrambled code-to-name mapping (e.g. MK70 shown as Pectoral, MK50 as Leg Extension); the newer mapping is used because it matches renewfit.com refurbished listings (Chest Press MK70, Rotary Torso MK50) and Biostrength MM70/MM58/MM83; laterality not stated (seed convention); archived copy of technogym.com product page (live site returns 403) Code/name pairing conflicts across Technogym's own pages (pre-Aug-2025 vs Dec-2025+); newer pairing used, corroborated by a dealer and Biostrength numbering.",https://web.archive.org/web/20260114125509/https://www.technogym.com/en-US/product/artis-lat-machine_MK12EH.html,2026-10-01,
Technogym,Artis,MK90EH,Artis Leg Curl,selectorized,bilateral,legs,,,,200,Technogym product page: standard stack 100 kg / 200 lb; optional Plus stack 125 kg / 250 lb,reseller_or_manual,"Artis premium selectorized line; Technogym product pages from Dec 2025/Jan 2026 give SKU MK90EH; older (2023 to Aug 2025) Technogym pages used a different, scrambled code-to-name mapping (e.g. MK70 shown as Pectoral, MK50 as Leg Extension); the newer mapping is used because it matches renewfit.com refurbished listings (Chest Press MK70, Rotary Torso MK50) and Biostrength MM70/MM58/MM83; laterality not stated (seed convention); archived copy of technogym.com product page (live site returns 403) Code/name pairing conflicts across Technogym's own pages (pre-Aug-2025 vs Dec-2025+); newer pairing used, corroborated by a dealer and Biostrength numbering.",https://web.archive.org/web/20260114123821/https://www.technogym.com/en-US/product/artis-leg-curl_MK90EH.html,2026-10-01,
Technogym,Artis,MK91EH,Artis Leg Extension,selectorized,bilateral,legs,,,,200,Technogym product page: standard stack 100 kg / 200 lb; optional Plus stack 125 kg / 250 lb,reseller_or_manual,"Artis premium selectorized line; Technogym product pages from Dec 2025/Jan 2026 give SKU MK91EH; older (2023 to Aug 2025) Technogym pages used a different, scrambled code-to-name mapping (e.g. MK70 shown as Pectoral, MK50 as Leg Extension); the newer mapping is used because it matches renewfit.com refurbished listings (Chest Press MK70, Rotary Torso MK50) and Biostrength MM70/MM58/MM83; laterality not stated (seed convention); archived copy of technogym.com product page (live site returns 403) Code/name pairing conflicts across Technogym's own pages (pre-Aug-2025 vs Dec-2025+); newer pairing used, corroborated by a dealer and Biostrength numbering.",https://web.archive.org/web/20260114123441/https://www.technogym.com/en-US/product/artis-leg-extension_MK91EH.html,2026-10-01,
Technogym,Artis,MK80EH,Artis Low Row,selectorized,bilateral,back,,,,200,Technogym product page: standard stack 100 kg / 200 lb; optional Plus stack 130 kg / 260 lb,reseller_or_manual,"Artis premium selectorized line; Technogym product pages from Dec 2025/Jan 2026 give SKU MK80EH; older (2023 to Aug 2025) Technogym pages used a different, scrambled code-to-name mapping (e.g. MK70 shown as Pectoral, MK50 as Leg Extension); the newer mapping is used because it matches renewfit.com refurbished listings (Chest Press MK70, Rotary Torso MK50) and Biostrength MM70/MM58/MM83; laterality not stated (seed convention); archived copy of technogym.com product page (live site returns 403) Code/name pairing conflicts across Technogym's own pages (pre-Aug-2025 vs Dec-2025+); newer pairing used, corroborated by a dealer and Biostrength numbering.",https://web.archive.org/web/20260114125130/https://www.technogym.com/en-VN/product/artis-low-row_MK80EH.html,2026-10-01,
Technogym,Artis,MK58EH,Artis Lower Back,selectorized,bilateral,back,,,,140,Technogym product page: standard stack 70 kg / 140 lb; optional Plus stack 100 kg / 200 lb,reseller_or_manual,"Artis premium selectorized line; Technogym product pages from Dec 2025/Jan 2026 give SKU MK58EH; older (2023 to Aug 2025) Technogym pages used a different, scrambled code-to-name mapping (e.g. MK70 shown as Pectoral, MK50 as Leg Extension); the newer mapping is used because it matches renewfit.com refurbished listings (Chest Press MK70, Rotary Torso MK50) and Biostrength MM70/MM58/MM83; laterality not stated (seed convention); archived copy of technogym.com product page (live site returns 403) Code/name pairing conflicts across Technogym's own pages (pre-Aug-2025 vs Dec-2025+); newer pairing used, corroborated by a dealer and Biostrength numbering.",https://web.archive.org/web/20260114130245/https://www.technogym.com/en-ZA/product/artis-lower-back_MK58EH.html,2026-10-01,
Technogym,Artis,MK67EH,Artis Multi Hip,selectorized,bilateral,glutes,,,,200,Technogym product page: standard stack 100 kg / 200 lb; optional Plus stack 125 kg / 250 lb,reseller_or_manual,"Artis premium selectorized line; Technogym product pages from Dec 2025/Jan 2026 give SKU MK67EH; older (2023 to Aug 2025) Technogym pages used a different, scrambled code-to-name mapping (e.g. MK70 shown as Pectoral, MK50 as Leg Extension); the newer mapping is used because it matches renewfit.com refurbished listings (Chest Press MK70, Rotary Torso MK50) and Biostrength MM70/MM58/MM83; laterality not stated (seed convention); archived copy of technogym.com product page (live site returns 403) Code/name pairing conflicts across Technogym's own pages (pre-Aug-2025 vs Dec-2025+); newer pairing used, corroborated by a dealer and Biostrength numbering.",https://web.archive.org/web/20260114130057/https://www.technogym.com/en-ZA/product/artis-multi-hip_MK67EH.html,2026-10-01,
Technogym,Artis,MK13EH,Artis Pectoral,selectorized,bilateral,chest,,,,200,Technogym product page: standard stack 100 kg / 200 lb; optional Plus stack 130 kg / 260 lb,reseller_or_manual,"Artis premium selectorized line; Technogym product pages from Dec 2025/Jan 2026 give SKU MK13EH; older (2023 to Aug 2025) Technogym pages used a different, scrambled code-to-name mapping (e.g. MK70 shown as Pectoral, MK50 as Leg Extension); the newer mapping is used because it matches renewfit.com refurbished listings (Chest Press MK70, Rotary Torso MK50) and Biostrength MM70/MM58/MM83; laterality not stated (seed convention); archived copy of technogym.com product page (live site returns 403) Code/name pairing conflicts across Technogym's own pages (pre-Aug-2025 vs Dec-2025+); newer pairing used, corroborated by a dealer and Biostrength numbering.",https://web.archive.org/web/20260114124029/https://www.technogym.com/en-US/product/artis-pectoral_MK13EH.html,2026-10-01,
Technogym,Artis,MK46EH,Artis Rear Delt Row,selectorized,bilateral,shoulders,,,,140,Technogym product page: standard stack 70 kg / 140 lb; optional Plus stack 100 kg / 200 lb,reseller_or_manual,"Artis premium selectorized line; Technogym product pages from Dec 2025/Jan 2026 give SKU MK46EH; older (2023 to Aug 2025) Technogym pages used a different, scrambled code-to-name mapping (e.g. MK70 shown as Pectoral, MK50 as Leg Extension); the newer mapping is used because it matches renewfit.com refurbished listings (Chest Press MK70, Rotary Torso MK50) and Biostrength MM70/MM58/MM83; laterality not stated (seed convention); archived copy of technogym.com product page (live site returns 403) Code/name pairing conflicts across Technogym's own pages (pre-Aug-2025 vs Dec-2025+); newer pairing used, corroborated by a dealer and Biostrength numbering.",https://web.archive.org/web/20260114125715/https://www.technogym.com/en-VN/product/artis-rear-delt-row_MK46EH.html,2026-10-01,
Technogym,Artis,MK50EH,Artis Rotary Torso,selectorized,bilateral,core,,,,140,Technogym product page: standard stack 70 kg / 140 lb; optional Plus stack 100 kg / 200 lb,reseller_or_manual,"Artis premium selectorized line; Technogym product pages from Dec 2025/Jan 2026 give SKU MK50EH; older (2023 to Aug 2025) Technogym pages used a different, scrambled code-to-name mapping (e.g. MK70 shown as Pectoral, MK50 as Leg Extension); the newer mapping is used because it matches renewfit.com refurbished listings (Chest Press MK70, Rotary Torso MK50) and Biostrength MM70/MM58/MM83; laterality not stated (seed convention); archived copy of technogym.com product page (live site returns 403) Also renewfit.com lists ""Rotary torso MK50"" (link on https://www.renewfit.com/en/chest-press-mk70-unity-mini-technogym,a618.php) Code/name pairing conflicts across Technogym's own pages (pre-Aug-2025 vs Dec-2025+); newer pairing used, corroborated by a dealer and Biostrength numbering.",https://web.archive.org/web/20260114124210/https://www.technogym.com/en-TH/product/artis-rotary-torso_MK50EH.html,2026-10-01,
Technogym,Artis,MK69EH,Artis Shoulder Press,selectorized,bilateral,shoulders,,,,140,Technogym product page: standard stack 70 kg / 140 lb; optional Plus stack 100 kg / 200 lb,reseller_or_manual,"Artis premium selectorized line; Technogym product pages from Dec 2025/Jan 2026 give SKU MK69EH; older (2023 to Aug 2025) Technogym pages used a different, scrambled code-to-name mapping (e.g. MK70 shown as Pectoral, MK50 as Leg Extension); the newer mapping is used because it matches renewfit.com refurbished listings (Chest Press MK70, Rotary Torso MK50) and Biostrength MM70/MM58/MM83; laterality not stated (seed convention); archived copy of technogym.com product page (live site returns 403) Code/name pairing conflicts across Technogym's own pages (pre-Aug-2025 vs Dec-2025+); newer pairing used, corroborated by a dealer and Biostrength numbering.",https://web.archive.org/web/20251219022321/https://www.technogym.com/en-ZA/product/artis-shoulder-press_MK69EH.html,2026-10-01,
Technogym,Artis,MK16EH,Artis Squat,selectorized,bilateral,legs,,,,200,Technogym product page: standard stack 100 kg / 200 lb; optional Plus stack 130 kg / 260 lb,reseller_or_manual,"Artis premium selectorized line; Technogym product pages from Dec 2025/Jan 2026 give SKU MK16EH; older (2023 to Aug 2025) Technogym pages used a different, scrambled code-to-name mapping (e.g. MK70 shown as Pectoral, MK50 as Leg Extension); the newer mapping is used because it matches renewfit.com refurbished listings (Chest Press MK70, Rotary Torso MK50) and Biostrength MM70/MM58/MM83; laterality not stated (seed convention); archived copy of technogym.com product page (live site returns 403) Code/name pairing conflicts across Technogym's own pages (pre-Aug-2025 vs Dec-2025+); newer pairing used, corroborated by a dealer and Biostrength numbering.",https://web.archive.org/web/20260114124338/https://www.technogym.com/en-ZA/product/artis-squat_MK16EH.html,2026-10-01,
Technogym,Artis,MK83EH,Artis Total Abdominal,selectorized,bilateral,core,,,,140,Technogym product page: standard stack 70 kg / 140 lb; optional Plus stack 100 kg / 200 lb,reseller_or_manual,"Artis premium selectorized line; Technogym product pages from Dec 2025/Jan 2026 give SKU MK83EH; older (2023 to Aug 2025) Technogym pages used a different, scrambled code-to-name mapping (e.g. MK70 shown as Pectoral, MK50 as Leg Extension); the newer mapping is used because it matches renewfit.com refurbished listings (Chest Press MK70, Rotary Torso MK50) and Biostrength MM70/MM58/MM83; laterality not stated (seed convention); archived copy of technogym.com product page (live site returns 403) Code/name pairing conflicts across Technogym's own pages (pre-Aug-2025 vs Dec-2025+); newer pairing used, corroborated by a dealer and Biostrength numbering.",https://web.archive.org/web/20260114125905/https://www.technogym.com/en-VN/product/artis-total-abdominal_MK83EH.html,2026-10-01,
Technogym,Artis,MK71EH,Artis Vertical Traction,selectorized,bilateral,back,,,,200,Technogym product page: standard stack 100 kg / 200 lb; optional Plus stack 125 kg / 250 lb,reseller_or_manual,"Artis premium selectorized line; Technogym product pages from Dec 2025/Jan 2026 give SKU MK71EH; older (2023 to Aug 2025) Technogym pages used a different, scrambled code-to-name mapping (e.g. MK70 shown as Pectoral, MK50 as Leg Extension); the newer mapping is used because it matches renewfit.com refurbished listings (Chest Press MK70, Rotary Torso MK50) and Biostrength MM70/MM58/MM83; laterality not stated (seed convention); archived copy of technogym.com product page (live site returns 403) Code/name pairing conflicts across Technogym's own pages (pre-Aug-2025 vs Dec-2025+); newer pairing used, corroborated by a dealer and Biostrength numbering.",https://web.archive.org/web/20260114125324/https://www.technogym.com/en-ZA/product/artis-vertical-traction_MK71EH.html,2026-10-01,
Technogym,Artis,,Artis Leg Press,selectorized,bilateral,legs,,,,,,reseller_or_manual,"Artis premium selectorized line; code left empty: only an Aug-2025 Technogym page (artis-leg-press_MK51EH) was found, and pages from that period carry a scrambled code-to-name mapping for other Artis models, so MK51EH is a candidate, not confirmed; archived copy of technogym.com product page (live site returns 403) Code/name pairing conflicts across Technogym's own pages (pre-Aug-2025 vs Dec-2025+); newer pairing used, corroborated by a dealer and Biostrength numbering.",https://web.archive.org/web/20250805233510/https://www.technogym.com/en-TH/product/artis-leg-press_MK51EH.html,2026-10-01,
Technogym,Other lines,,Biostrength (motorized/AI resistance selectorized),selectorized,n/a,,,,,,,line_only,not enumerated; resistance is not a weight stack — needs a different loading_type,https://usedtechnogym.com/strength,2026-09-30,
Technogym,Element+,MB65,Element+ Abdominal Crunch,selectorized,bilateral,core,,,,120,Technogym product page: weight stack 60 kg / 120 lb; optional larger stack 80 kg / 160 lb,manufacturer_page,"entry commercial selectorized line; page (2016 technogym.com/int) SKU MB650N0-ANV0GGGP, base code MB65 also in the page image filenames; line may be discontinued but machines remain in gyms; laterality not stated (inferred); archived copy of technogym.com page",https://web.archive.org/web/20160212034236/http://www.technogym.com/int/abdominal-crunch-element.html,2026-10-01,
Technogym,Element+,MB10,Element+ Abductor,selectorized,bilateral,glutes,,,,120,Technogym product page: weight stack 60 kg / 120 lb; optional larger stack 80 kg / 160 lb,manufacturer_page,"entry commercial selectorized line; page (2016 technogym.com/int) SKU MB100N0-ANV0GGGP, base code MB10 also in the page image filenames; line may be discontinued but machines remain in gyms; laterality not stated (inferred); archived copy of technogym.com page",https://web.archive.org/web/20160212034242/http://www.technogym.com/int/abductor-element.html,2026-10-01,
Technogym,Element+,MB05,Element+ Adductor,selectorized,bilateral,legs,,,,120,Technogym product page: weight stack 60 kg / 120 lb; optional larger stack 80 kg / 160 lb,manufacturer_page,"entry commercial selectorized line; page (2016 technogym.com/int) SKU MB050N0-ANV0GGGP, base code MB05 also in the page image filenames; line may be discontinued but machines remain in gyms; laterality not stated (inferred); archived copy of technogym.com page",https://web.archive.org/web/20160430041758/http://www.technogym.com/int/adductor-element.html,2026-10-01,
Technogym,Element+,MB55,Element+ Arm Curl,selectorized,bilateral,arms,,,,120,Technogym product page: weight stack 60 kg / 120 lb; optional larger stack 80 kg / 160 lb,manufacturer_page,"entry commercial selectorized line; page (2016 technogym.com/int) SKU MB550N0-ANV0GGGP, base code MB55 also in the page image filenames; line may be discontinued but machines remain in gyms; laterality not stated (inferred); archived copy of technogym.com page",https://web.archive.org/web/20160212034246/http://www.technogym.com/int/arm-curl-element.html,2026-10-01,
Technogym,Element+,MB60,Element+ Arm Extension,selectorized,bilateral,arms,,,,140,Technogym product page: weight stack 70 kg / 140 lb; optional larger stack 90 kg / 180 lb,manufacturer_page,"entry commercial selectorized line; page (2016 technogym.com/int) SKU MB600N0-ANV0GGGP, base code MB60 also in the page image filenames; line may be discontinued but machines remain in gyms; laterality not stated (inferred); archived copy of technogym.com page",https://web.archive.org/web/20160212034251/http://www.technogym.com/int/arm-extension-element.html,2026-10-01,
Technogym,Element+,MB20,Element+ Chest Press,selectorized,bilateral,chest,,,,180,Technogym product page: weight stack 90 kg / 180 lb; optional larger stack 120 kg / 240 lb,manufacturer_page,"entry commercial selectorized line; page (2016 technogym.com/int) SKU MB200N0-ANV0GGGP, base code MB20 also in the page image filenames; line may be discontinued but machines remain in gyms; laterality not stated (inferred); archived copy of technogym.com page",https://web.archive.org/web/20160212034256/http://www.technogym.com/int/chest-press-element.html,2026-10-01,
Technogym,Element+,MB75,Element+ Glute,selectorized,bilateral,glutes,,,,120,Technogym product page: weight stack 60 kg / 120 lb,manufacturer_page,"entry commercial selectorized line; page (2016 technogym.com/int) SKU MB750N0-ANV0GGGP, base code MB75 also in the page image filenames; line may be discontinued but machines remain in gyms; laterality not stated (inferred); archived copy of technogym.com page",https://web.archive.org/web/20160430040752/http://www.technogym.com/int/glute-element.html,2026-10-01,
Technogym,Element+,MB40,Element+ Lat Machine,selectorized,bilateral,back,,,,180,Technogym product page: weight stack 90 kg / 180 lb; optional larger stack 120 kg / 240 lb,manufacturer_page,"entry commercial selectorized line; page (2016 technogym.com/int) SKU MB400N0-ANV0GG0P, base code MB40 also in the page image filenames; line may be discontinued but machines remain in gyms; laterality not stated (inferred); archived copy of technogym.com page",https://web.archive.org/web/20160513142427/http://www.technogym.com/int/lat-machine-element-19.html,2026-10-01,
Technogym,Element+,MB35,Element+ Leg Curl,selectorized,bilateral,legs,,,,160,Technogym product page: weight stack 80 kg / 160 lb; optional larger stack 100 kg / 200 lb,manufacturer_page,"entry commercial selectorized line; page (2016 technogym.com/int) SKU MB350N0-ANV0GGGP, base code MB35 also in the page image filenames; line may be discontinued but machines remain in gyms; laterality not stated (inferred); archived copy of technogym.com page",https://web.archive.org/web/20160212034348/http://www.technogym.com/int/leg-curl-element.html,2026-10-01,
Technogym,Element+,MB30,Element+ Leg Extension,selectorized,bilateral,legs,,,,160,Technogym product page: weight stack 80 kg / 160 lb; optional larger stack 100 kg / 200 lb,manufacturer_page,"entry commercial selectorized line; page (2016 technogym.com/int) SKU MB300N0-ANV0GGGP, base code MB30 also in the page image filenames; line may be discontinued but machines remain in gyms; laterality not stated (inferred); archived copy of technogym.com page",https://web.archive.org/web/20160212034354/http://www.technogym.com/int/leg-extension-element.html,2026-10-01,
Technogym,Element+,MB50,Element+ Leg Press,selectorized,bilateral,legs,,,,,,manufacturer_page,"entry commercial selectorized line; page (2016 technogym.com/int) SKU MB500N0-ANV0GGGP, base code MB50 also in the page image filenames; line may be discontinued but machines remain in gyms; laterality not stated (inferred); archived copy of technogym.com page",https://web.archive.org/web/20160212034359/http://www.technogym.com/int/leg-press-element.html,2026-10-01,
Technogym,Element+,MB45,Element+ Lower Back,selectorized,bilateral,back,,,,140,Technogym product page: weight stack 70 kg / 140 lb; optional larger stack 90 kg / 180 lb,manufacturer_page,"entry commercial selectorized line; page (2016 technogym.com/int) SKU MB450N0-ANV0GGGP, base code MB45 also in the page image filenames; line may be discontinued but machines remain in gyms; laterality not stated (inferred); archived copy of technogym.com page",https://web.archive.org/web/20160212034414/http://www.technogym.com/int/lower-back-element.html,2026-10-01,
Technogym,Element+,MB95,Element+ Low Row,selectorized,bilateral,back,,,,180,Technogym product page: weight stack 90 kg / 180 lb; optional larger stack 120 kg / 240 lb,manufacturer_page,"entry commercial selectorized line; page (2016 technogym.com/int) SKU MB950N0-ANV0GGGP, base code MB95 also in the page image filenames; line may be discontinued but machines remain in gyms; laterality not stated (inferred); archived copy of technogym.com page",https://web.archive.org/web/20160212034405/http://www.technogym.com/int/low-row-element.html,2026-10-01,
Technogym,Element+,MB70,Element+ Pectoral,selectorized,bilateral,chest,,,,180,Technogym product page: weight stack 90 kg / 180 lb; optional larger stack 120 kg / 240 lb,manufacturer_page,"entry commercial selectorized line; page (2016 technogym.com/int) SKU MB700N0-ANV0GGGP, base code MB70 also in the page image filenames; line may be discontinued but machines remain in gyms; laterality not stated (inferred); archived copy of technogym.com page",https://web.archive.org/web/20160430041830/http://www.technogym.com/int/pectoral-machine-element.html,2026-10-01,
Technogym,Element+,MB15,Element+ Shoulder Press,selectorized,bilateral,shoulders,,,,160,Technogym product page: weight stack 80 kg / 160 lb; optional larger stack 100 kg / 200 lb,manufacturer_page,"entry commercial selectorized line; page (2016 technogym.com/int) SKU MB150N0-ANV0GGGP, base code MB15 also in the page image filenames; line may be discontinued but machines remain in gyms; laterality not stated (inferred); archived copy of technogym.com page",https://web.archive.org/web/20160212034518/http://www.technogym.com/int/shoulder-press-element.html,2026-10-01,
Technogym,Element+,MB25,Element+ Vertical Traction,selectorized,bilateral,back,,,,,,manufacturer_page,"entry commercial selectorized line; page (2016 technogym.com/int) SKU MB250N0-ANV0GGGP, base code MB25 also in the page image filenames; line may be discontinued but machines remain in gyms; laterality not stated (inferred); archived copy of technogym.com page",https://web.archive.org/web/20160212034521/http://www.technogym.com/int/vertical-traction-element.html,2026-10-01,
Technogym,Element+,CB20,Element+ Chest Press Inclusive,selectorized,bilateral,chest,,,,180,Technogym product page: weight stack 90 kg / 180 lb; optional larger stack 120 kg / 240 lb,manufacturer_page,"entry commercial selectorized line; page (2016 technogym.com/int) SKU CB200C0-ALV0GGGK, base code CB20 also in the page image filenames; Inclusive = wheelchair-accessible version (CB codes). line may be discontinued but machines remain in gyms; laterality not stated (inferred); archived copy of technogym.com page",https://web.archive.org/web/20160628055829/http://www.technogym.com/int/chest-press-element-inclusive.html,2026-10-01,
Technogym,Element+,CB35,Element+ Leg Curl Inclusive,selectorized,bilateral,legs,,,,160,Technogym product page: weight stack 80 kg / 160 lb; optional larger stack 100 kg / 200 lb,manufacturer_page,"entry commercial selectorized line; page (2016 technogym.com/int) SKU CB350C0-ALV0GGGK, base code CB35 also in the page image filenames; Inclusive = wheelchair-accessible version (CB codes). line may be discontinued but machines remain in gyms; laterality not stated (inferred); archived copy of technogym.com page",https://web.archive.org/web/20160817151151/http://www.technogym.com/int/leg-curl-element-inclusive.html,2026-10-01,
Technogym,Element+,CB30,Element+ Leg Extension Inclusive,selectorized,bilateral,legs,,,,160,Technogym product page: weight stack 80 kg / 160 lb; optional larger stack 100 kg / 200 lb,manufacturer_page,"entry commercial selectorized line; page (2016 technogym.com/int) SKU CB300C0-ALV0GGGK, base code CB30 also in the page image filenames; Inclusive = wheelchair-accessible version (CB codes). line may be discontinued but machines remain in gyms; laterality not stated (inferred); archived copy of technogym.com page",https://web.archive.org/web/20160628053319/http://www.technogym.com/int/leg-extension-element-inclusive.html,2026-10-01,
Technogym,Element+,CB50,Element+ Leg Press Inclusive,selectorized,bilateral,legs,,,,400,Technogym product page: weight stack 200 kg / 400 lb,manufacturer_page,"entry commercial selectorized line; page (2016 technogym.com/int) SKU CB500N0-ALV0GGGK, base code CB50 also in the page image filenames; Inclusive = wheelchair-accessible version (CB codes). line may be discontinued but machines remain in gyms; laterality not stated (inferred); archived copy of technogym.com page",https://web.archive.org/web/20170611081038/http://www.technogym.com/int/leg-press-element-inclusive.html,2026-10-01,
Technogym,Element+,CB95,Element+ Low Row Inclusive,selectorized,bilateral,back,,,,180,Technogym product page: weight stack 90 kg / 180 lb; optional larger stack 120 kg / 240 lb,manufacturer_page,"entry commercial selectorized line; page (2016 technogym.com/int) SKU CB950C0-ALV0GGGK, base code CB95 also in the page image filenames; Inclusive = wheelchair-accessible version (CB codes). line may be discontinued but machines remain in gyms; laterality not stated (inferred); archived copy of technogym.com page",https://web.archive.org/web/20160628053328/http://www.technogym.com/int/low-row-element-inclusive.html,2026-10-01,
Technogym,Element+,CB15,Element+ Shoulder Press Inclusive,selectorized,bilateral,shoulders,,,,160,Technogym product page: weight stack 80 kg / 160 lb; optional larger stack 100 kg / 200 lb,manufacturer_page,"entry commercial selectorized line; page (2016 technogym.com/int) SKU CB150C0-ALV0GGGK, base code CB15 also in the page image filenames; Inclusive = wheelchair-accessible version (CB codes). line may be discontinued but machines remain in gyms; laterality not stated (inferred); archived copy of technogym.com page",https://web.archive.org/web/20160628052301/http://www.technogym.com/int/shoulder-press-element-inclusive.html,2026-10-01,
Technogym,Cable stations,MB43,Dual Adjustable Pulley Performance,cable_stack,independent,cable,,,,70,Technogym product page: two stacks of 35 kg / 70 lb each; optional Plus 50 kg / 100 lb each,manufacturer_page,"two separate weight stacks; en-GB page swaps kg/lb labels (70x2 kg | 35x2 lbs), en-INT page used; older SKU MB430N0-AN00GGGP; archived copy of technogym.com product page (live site returns 403)",https://web.archive.org/web/20250805233831/https://www.technogym.com/en-INT/product/dual-adjustable-pulley-performance_MB43.html,2026-10-01,
Technogym,Cable stations,MB44,Dual Adjustable Pulley Fitness,cable_stack,independent,cable,,,,50,Technogym product page: two stacks of 25 kg / 50 lb each; optional Plus 45 kg / 90 lb each,manufacturer_page,two separate weight stacks; archived copy of technogym.com product page (live site returns 403),https://web.archive.org/web/20250805233110/https://www.technogym.com/en-GB/product/dual-adjustable-pulley-fitness_MB44.html,2026-10-01,
Technogym,Element+,MB91,Kneeling Easy Chin Dip,selectorized,bilateral,back,,,,168,Technogym product page: standard stack 84 kg / 168 lb; optional Plus 112 kg / 224 lb,manufacturer_page,assisted chin-up / dip (counterweight stack); also trains arms/chest via dips; 2020 page slug kneeling-easy-chin-dip-element; archived copy of technogym.com product page (live site returns 403),https://web.archive.org/web/20250805234141/https://www.technogym.com/en-US/product/kneeling-easy-chin-dip_MB91.html,2026-10-01,
Technogym,Kinesis,MD05,Kinesis Personal,cable_stack,n/a,cable,,,,,,manufacturer_page,wall-mounted multi-cable station with weight stack; also sold in Heritage/Leather finishes under same code; archived copy of technogym.com product page (live site returns 403),https://web.archive.org/web/20250722204853/https://www.technogym.com/en-GB/product/kinesis-personal_MD05.html,2026-10-01,
Technogym,Kinesis,M5800,Kinesis One,cable_stack,n/a,cable,,,,,,manufacturer_page,freestanding Kinesis cable station; archived copy of technogym.com product page (live site returns 403),https://web.archive.org/web/20250805233014/https://www.technogym.com/en-US/product/kinesis-one_M5800.html,2026-10-01,
Life Fitness,Insignia Series,SS-AB,Insignia Series Abdominal,selectorized,bilateral,core,,,,170,"Life Fitness US product page: standard stack 170 lb (85 kg), optional heavy stack 200 lb (100 kg)",manufacturer_page,,https://www.lifefitness.com/en-us/catalog/strength-training/selectorized/insignia-series-abdominal,2026-10-01,
Life Fitness,Insignia Series,SS-ABD,Insignia Series Abdominal Advanced,selectorized,bilateral,core,,,,,,manufacturer_page,"LF US page prints the code as ""SS ABD""; LF AU page shows SS-ABD",https://www.lifefitness.com/en-us/catalog/strength-training/selectorized/insignia-series-abdominal-advanced,2026-10-01,
Life Fitness,Insignia Series,SS-BE,Insignia Series Back Extension,selectorized,bilateral,back,,,,260,"Life Fitness US product page: standard stack 260 lb (130 kg), optional heavy stack 305 lb (152 kg)",manufacturer_page,,https://www.lifefitness.com/en-us/catalog/strength-training/selectorized/insignia-series-back-extension,2026-10-01,
Life Fitness,Insignia Series,SS-TR,Insignia Series Torso Rotation,selectorized,bilateral,core,,,,170,"Life Fitness US product page: standard stack 170 lb (85 kg), optional heavy stack 200 lb (100 kg)",manufacturer_page,,https://www.lifefitness.com/en-us/catalog/strength-training/selectorized/insignia-series-torso-rotation,2026-10-01,
Life Fitness,Insignia Series,SS-LP,Insignia Series Arc Leg Press,selectorized,bilateral,legs,,,,,,manufacturer_page,,https://www.lifefitness.com/en-us/catalog/strength-training/selectorized/insignia-series-arc-leg-press,2026-10-01,
Life Fitness,Insignia Series,SS-GLB,Insignia Series Glute Bridge,selectorized,bilateral,glutes,,,,,,manufacturer_page,,https://www.lifefitness.com/en-us/catalog/strength-training/selectorized/insignia-series-glute-bridge,2026-10-01,
Life Fitness,Insignia Series,SS-GL,Insignia Series Glute,selectorized,bilateral,glutes,,,,170,"Life Fitness US product page: standard stack 170 lb (85 kg), optional heavy stack 200 lb (100 kg)",manufacturer_page,,https://www.lifefitness.com/en-us/catalog/strength-training/selectorized/insignia-series-glute,2026-10-01,
Life Fitness,Insignia Series,SS-HAB,Insignia Series Hip Abduction,selectorized,bilateral,glutes,,,,260,"Life Fitness US product page: standard stack 260 lb (130 kg), optional heavy stack 305 lb (152 kg)",manufacturer_page,,https://www.lifefitness.com/en-us/catalog/strength-training/selectorized/insignia-series-hip-abduction,2026-10-01,
Life Fitness,Insignia Series,SS-HAA,Insignia Series Hip Abductor / Adductor,selectorized,bilateral,legs,,,,260,"Life Fitness US product page: standard stack 260 lb (118 kg), optional heavy stack 305 lb (139 kg)",manufacturer_page,,https://www.lifefitness.com/en-us/catalog/strength-training/selectorized/insignia-series-hip-abductor-adductor,2026-10-01,
Life Fitness,Insignia Series,SS-SHB,Insignia Series Sit / Stand Hip Abductor,selectorized,bilateral,glutes,,,,,,manufacturer_page,,https://www.lifefitness.com/en-us/catalog/strength-training/selectorized/insignia-series-sit-stand-hip-abductor,2026-10-01,
Life Fitness,Insignia Series,SS-HAD,Insignia Series Hip Adduction,selectorized,bilateral,legs,,,,260,"Life Fitness US product page: standard stack 260 lb (130 kg), optional heavy stack 305 lb (152 kg)",manufacturer_page,,https://www.lifefitness.com/en-us/catalog/strength-training/selectorized/insignia-series-hip-adduction,2026-10-01,
Life Fitness,Insignia Series,SS-LC,Insignia Series Leg Curl,selectorized,bilateral,legs,,,,170,"Life Fitness US product page: standard stack 170 lb (85 kg), optional heavy stack 200 lb (100 kg)",manufacturer_page,,https://www.lifefitness.com/en-us/catalog/strength-training/selectorized/insignia-series-leg-curl,2026-10-01,
Life Fitness,Insignia Series,SS-LE,Insignia Series Leg Extension,selectorized,bilateral,legs,,,,260,"Life Fitness US product page: standard stack 260 lb (130 kg), optional heavy stack 305 lb (152 kg)",manufacturer_page,,https://www.lifefitness.com/en-us/catalog/strength-training/selectorized/insignia-series-leg-extension,2026-10-01,
Life Fitness,Insignia Series,SS-SLC,Insignia Series Seated Leg Curl,selectorized,bilateral,legs,,,,260,"Life Fitness US product page: standard stack 260 lb (130 kg), optional heavy stack 305 lb (152 kg)",manufacturer_page,,https://www.lifefitness.com/en-us/catalog/strength-training/selectorized/insignia-series-seated-leg-curl,2026-10-01,
Life Fitness,Insignia Series,SS-CE,Insignia Series Calf Extension,selectorized,bilateral,legs,,,,335,"Life Fitness US product page: standard stack 335 lb (167 kg), optional heavy stack 395 lb (197 kg)",manufacturer_page,,https://www.lifefitness.com/en-us/catalog/strength-training/selectorized/insignia-series-calf-extension,2026-10-01,
Life Fitness,Insignia Series,SS-CP,Insignia Series Chest Press,selectorized,independent,chest,,,,260,"Life Fitness US product page: standard stack 260 lb (130 kg), optional heavy stack 305 lb (152 kg)",manufacturer_page,,https://www.lifefitness.com/en-us/catalog/strength-training/selectorized/insignia-series-chest-press,2026-10-01,
Life Fitness,Insignia Series,SS-CPX,Insignia Series Dual Axis Chest Press,selectorized,independent,chest,,,,,,manufacturer_page,,https://www.lifefitness.com/en-us/catalog/strength-training/selectorized/insignia-series-dual-axis-chest-press,2026-10-01,
Life Fitness,Insignia Series,SS-SP,Insignia Series Shoulder Press,selectorized,independent,shoulders,,,,170,"Life Fitness US product page: standard stack 170 lb (85 kg), optional heavy stack 200 lb (100 kg)",manufacturer_page,,https://www.lifefitness.com/en-us/catalog/strength-training/selectorized/insignia-series-shoulder-press,2026-10-01,
Life Fitness,Insignia Series,SS-PEC,Insignia Series Pectoral Fly,selectorized,bilateral,chest,,,,260,"Life Fitness US product page: standard stack 260 lb (130 kg), optional heavy stack 305 lb (152 kg)",manufacturer_page,,https://www.lifefitness.com/en-us/catalog/strength-training/selectorized/insignia-series-pectoral-fly,2026-10-01,
Life Fitness,Insignia Series,SS-FLY,Insignia Series Pectoral Fly/Rear Deltoid,selectorized,bilateral,chest,,,,260,"Life Fitness US product page: standard stack 260 lb (130 kg), optional heavy stack 305 lb (152 kg)",manufacturer_page,,https://www.lifefitness.com/en-us/catalog/strength-training/selectorized/insignia-series-pectoral-fly-rear-deltoid,2026-10-01,
Life Fitness,Insignia Series,SS-ADC,Insignia Series Assist Dip Chin,selectorized,bilateral,full_body,,,,170,"Life Fitness US product page: standard stack 170 lb (85 kg), optional heavy stack 200 lb (100 kg)",manufacturer_page,,https://www.lifefitness.com/en-us/catalog/strength-training/selectorized/insignia-series-assist-dip-chin,2026-10-01,
Life Fitness,Insignia Series,SS-TE,Insignia Series Triceps Extension,selectorized,bilateral,arms,,,,170,"Life Fitness US product page: standard stack 170 lb (85 kg), optional heavy stack 200 lb (100 kg)",manufacturer_page,,https://www.lifefitness.com/en-us/catalog/strength-training/selectorized/insignia-series-triceps-extension,2026-10-01,
Life Fitness,Insignia Series,SS-TP,Insignia Series Triceps Press,selectorized,bilateral,arms,,,,260,"Life Fitness US product page: standard stack 260 lb (130 kg), optional heavy stack 305 lb (152 kg)",manufacturer_page,,https://www.lifefitness.com/en-us/catalog/strength-training/selectorized/insignia-series-triceps-press,2026-10-01,
Life Fitness,Insignia Series,SS-LR,Insignia Series Lateral Raise,selectorized,bilateral,shoulders,,,,170,"Life Fitness US product page: standard stack 170 lb (85 kg), optional heavy stack 200 lb (100 kg)",manufacturer_page,,https://www.lifefitness.com/en-us/catalog/strength-training/selectorized/insignia-series-lateral-raise,2026-10-01,
Life Fitness,Insignia Series,SS-BCD,Insignia Series Biceps Curl - Dependent,selectorized,bilateral,arms,,,,170,"Life Fitness US product page: standard stack 170 lb (85 kg), optional heavy stack 200 lb (100 kg)",manufacturer_page,,https://www.lifefitness.com/en-us/catalog/strength-training/selectorized/insignia-series-biceps-curl-dependent,2026-10-01,
Life Fitness,Insignia Series,SS-BC,Insignia Series Biceps Curl,selectorized,bilateral,arms,,,,170,"Life Fitness US product page: standard stack 170 lb (85 kg), optional heavy stack 200 lb (100 kg)",manufacturer_page,,https://www.lifefitness.com/en-us/catalog/strength-training/selectorized/insignia-series-biceps-curl,2026-10-01,
Life Fitness,Insignia Series,SS-PD,Insignia Series Pulldown,selectorized,independent,back,,,,260,"Life Fitness US product page: standard stack 260 lb (130 kg), optional heavy stack 305 lb (152 kg)",manufacturer_page,,https://www.lifefitness.com/en-us/catalog/strength-training/selectorized/insignia-series-pulldown,2026-10-01,
Life Fitness,Insignia Series,SS-PDX,Insignia Series Dual Axis Pulldown,selectorized,independent,back,,,,,,manufacturer_page,,https://www.lifefitness.com/en-us/catalog/strength-training/selectorized/insignia-series-dual-axis-pulldown,2026-10-01,
Life Fitness,Insignia Series,SS-RW,Insignia Series Row,selectorized,independent,back,,,,260,"Life Fitness US product page: standard stack 260 lb (130 kg), optional heavy stack 305 lb (152 kg)",manufacturer_page,,https://www.lifefitness.com/en-us/catalog/strength-training/selectorized/insignia-series-row,2026-10-01,
Life Fitness,Axiom Series,OP-LP,Axiom Series Leg Press,selectorized,bilateral,legs,,,,262.5,Life Fitness US product page: weight stack (includes increment weight) 262.5 lbs (131.25 kg),manufacturer_page,compact/low tower line; LF Australia site lists this model as PH-OPLP (regional variant code),https://www.lifefitness.com/en-us/catalog/strength-training/selectorized/axiom-series-leg-press,2026-10-01,
Life Fitness,Axiom Series,OP-CP,Axiom Series Chest Press,selectorized,bilateral,chest,,,,202.5,Life Fitness US product page: weight stack (includes increment weight) 202.5 lbs (101.25 kg),manufacturer_page,compact/low tower line; LF Australia site lists this model as PH-OPCP (regional variant code),https://www.lifefitness.com/en-us/catalog/strength-training/selectorized/axiom-series-chest-press,2026-10-01,
Life Fitness,Axiom Series,OP-DAP,Axiom Series Dual Adjustable Pulley,selectorized,bilateral,cable,,,,165,"Life Fitness US product page (titled ""Life Fitness Dual Adjustable Pulley 2:1""): weight stack 2-165 lbs (2-75 kg), effective user resistance 2-80 lbs (2-40 kg)",manufacturer_page,compact/low tower line,https://www.lifefitness.com/en-us/catalog/strength-training/storage-racks/life-fitness-dual-adjustable-puley-4-1,2026-10-01,
Life Fitness,Axiom Series,OP-SP,Axiom Series Shoulder Press,selectorized,bilateral,shoulders,,,,172.5,Life Fitness US product page: weight stack (includes increment weight) 172.5 lbs (85.5 kg),manufacturer_page,compact/low tower line; LF Australia site lists this model as PH-OPSP (regional variant code),https://www.lifefitness.com/en-us/catalog/strength-training/selectorized/axiom-series-shoulder-press,2026-10-01,
Life Fitness,Axiom Series,OP-PD,Axiom Series Lat Pulldown,selectorized,bilateral,back,,,,202.5,Life Fitness US product page: weight stack (includes increment weight) 202.5 lbs (101.25 kg),manufacturer_page,compact/low tower line; LF Australia site lists this model as PH-OPPD (regional variant code),https://www.lifefitness.com/en-us/catalog/strength-training/selectorized/axiom-series-lat-pulldown,2026-10-01,
Life Fitness,Axiom Series,OP-BC,Axiom Series Biceps Curl,selectorized,bilateral,arms,,,,172.5,Life Fitness US product page: weight stack (includes increment weight) 172.5 lbs (86.25 kg),manufacturer_page,compact/low tower line; LF Australia site lists this model as PH-OPBC (regional variant code),https://www.lifefitness.com/en-us/catalog/strength-training/selectorized/axiom-series-biceps-curl,2026-10-01,
Life Fitness,Axiom Series,OP-TE,Axiom Series Triceps Extension,selectorized,bilateral,arms,,,,142.5,Life Fitness US product page: weight stack (includes increment weight) 142.5 lbs (71.25 kg),manufacturer_page,compact/low tower line; LF Australia site lists this model as PH-OPTE (regional variant code),https://www.lifefitness.com/en-us/catalog/strength-training/selectorized/axiom-series-triceps-extension,2026-10-01,
Life Fitness,Axiom Series,OP-RW,Axiom Series Seated Row,selectorized,bilateral,back,,,,202.5,Life Fitness US product page: weight stack (includes increment weight) 202.5 lbs (101.25 kg),manufacturer_page,compact/low tower line; LF Australia site lists this model as PH-OPRW (regional variant code),https://www.lifefitness.com/en-us/catalog/strength-training/selectorized/axiom-series-seated-row,2026-10-01,
Life Fitness,Axiom Series,OP-LC,Axiom Series Leg Curl,selectorized,bilateral,legs,,,,202.5,Life Fitness US product page: weight stack (includes increment weight) 202.5 lbs (101.25 kg),manufacturer_page,compact/low tower line; LF Australia site lists this model as PH-OPLC (regional variant code),https://www.lifefitness.com/en-us/catalog/strength-training/selectorized/axiom-series-leg-curl,2026-10-01,
Life Fitness,Axiom Series,OP-LE,Axiom Series Leg Extension,selectorized,bilateral,legs,,,,202.5,Life Fitness US product page: weight stack (includes increment weight) 202.5 lbs (101.25 kg),manufacturer_page,compact/low tower line; LF Australia site lists this model as PH-OPLE (regional variant code),https://www.lifefitness.com/en-us/catalog/strength-training/selectorized/axiom-series-leg-extension,2026-10-01,
Life Fitness,Axiom Series,OP-AB,Axiom Series Abdominal,selectorized,bilateral,core,,,,142.5,Life Fitness US product page: weight stack (includes increment weight) 142.5 lb (71.25 kg),manufacturer_page,compact/low tower line; LF Australia site lists this model as PH-OPAB (regional variant code),https://www.lifefitness.com/en-us/catalog/strength-training/selectorized/axiom-series-abdominal,2026-10-01,
Life Fitness,Axiom Series,OP-SM,Axiom Series Smith Rack,selectorized,bilateral,full_body,45,20,total,,Life Fitness US product page: starting resistance 45 lb (20 kg) (bar),manufacturer_page,"compact/low tower line; Smith rack is plate-loaded, not a stack: loading_type selectorized in seed is questionable (merger to decide)",https://www.lifefitness.com/en-us/catalog/strength-training/storage-racks/axiom-series-smith-rack,2026-10-01,
Life Fitness,Signature Series (legacy),FZCP,Signature Series Chest Press,selectorized,independent,chest,,,,,,manufacturer_page,"legacy single-station line (FZ codes), discontinued; code and model confirmed by LF tech-support parts manual ""Signature Series Single Station Chest Press"" (PM FZ FZCP Chest Press.pdf); NOTE LF also sells/sold a Cable Motion ""Signature Series Chest Press"" (CMCP, added as own row) — check placard",https://www.lftechsupport.com/c/document_library/get_file?p_l_id=1691375&folderId=1627000&name=DLFE-91053.pdf,2026-10-01,
Life Fitness,Signature Series (legacy),FZSP,Signature Series Shoulder Press,selectorized,independent,shoulders,,,,,,manufacturer_page,"legacy single-station line (FZ codes), discontinued; code and model confirmed by LF tech-support parts manual ""Signature Series Single Station Shoulder Press"" (PM FZ FZSP Shoulder Press FZSP001005 and Up.pdf); parts manual split by serial (FZSP001004 and below / FZSP001005 and up); NOTE Cable Motion ""Signature Series Shoulder Press"" is CMSP",https://www.lftechsupport.com/c/document_library/get_file?p_l_id=1691375&folderId=1627026&name=DLFE-91073.pdf,2026-10-01,
Life Fitness,Signature Series (legacy),FZFRD,Signature Series Pectoral Fly/Rear Deltoid,selectorized,bilateral,chest,,,,,,manufacturer_page,"legacy single-station line (FZ codes), discontinued; code and model confirmed by LF tech-support parts manual ""Signature Series Single Station Fly/Rear Deltoid"" (PM FZ FZFRD Fly-Rear Deltoid.pdf); a separate FZFLY ""Single Station Fly"" and FZPEC ""Pectoral Fly"" also exist (added as own rows) — check placard",https://www.lftechsupport.com/c/document_library/get_file?p_l_id=1691375&folderId=2328377&name=DLFE-91055.pdf,2026-10-01,
Life Fitness,Signature Series (legacy),FZPD,Signature Series Lat Pulldown,selectorized,bilateral,back,,,,,,manufacturer_page,"legacy single-station line (FZ codes), discontinued; code and model confirmed by LF tech-support parts manual ""Signature Series Single Station Pull Down"" (PM FZ FZPD Pull Down.pdf); LF names it Pull Down",https://www.lftechsupport.com/c/document_library/get_file?p_l_id=1691375&folderId=1627022&name=DLFE-91063.pdf,2026-10-01,
Life Fitness,Signature Series (legacy),FZRW,Signature Series Row,selectorized,independent,back,,,,,,manufacturer_page,"legacy single-station line (FZ codes), discontinued; code and model confirmed by LF tech-support parts manual ""Signature Series Single Station Row; Rear Delt"" (PM FZ FZRW Row; Rear Delt.pdf); LF names it Row; Rear Delt",https://www.lftechsupport.com/c/document_library/get_file?p_l_id=1691375&folderId=1627023&name=DLFE-91064.pdf,2026-10-01,
Life Fitness,Signature Series (legacy),FZBC,Signature Series Biceps Curl,selectorized,bilateral,arms,,,,,,manufacturer_page,"legacy single-station line (FZ codes), discontinued; code and model confirmed by LF tech-support parts manual ""Signature Series Single Station Biceps Curl"" (PM FZ FZBC Biceps Curl.pdf)",https://www.lftechsupport.com/c/document_library/get_file?p_l_id=1691375&folderId=1626997&name=DLFE-91051.pdf,2026-10-01,
Life Fitness,Signature Series (legacy),,Signature Series Triceps Extension,selectorized,bilateral,arms,,,,,,inferred,"legacy line, no longer in current catalog; still the most common LF machine on US floors — FROM TRAINING DATA, verify on placard; NOT CONFIRMED 2026-10-01: no matching FZ code in LF tech-support Signature single-station list",,2026-10-01,
Life Fitness,Signature Series (legacy),FZTP,Signature Series Triceps Press,selectorized,bilateral,arms,,,,,,manufacturer_page,"legacy single-station line (FZ codes), discontinued; code and model confirmed by LF tech-support parts manual ""Signature Series Single Station Triceps Press"" (PM FZ FZTP Triceps Press.pdf)",https://www.lftechsupport.com/c/document_library/get_file?p_l_id=1691375&folderId=1627029&name=DLFE-92509.pdf,2026-10-01,
Life Fitness,Signature Series (legacy),FZLR,Signature Series Lateral Raise,selectorized,bilateral,shoulders,,,,,,manufacturer_page,"legacy single-station line (FZ codes), discontinued; code and model confirmed by LF tech-support parts manual ""Signature Series Single Station Lat Raise"" (PM FZ FZLR Lat Raise.pdf)",https://www.lftechsupport.com/c/document_library/get_file?p_l_id=1691375&folderId=1627010&name=DLFE-91059.pdf,2026-10-01,
Life Fitness,Signature Series (legacy),FZLE,Signature Series Leg Extension,selectorized,bilateral,legs,,,,,,manufacturer_page,"legacy single-station line (FZ codes), discontinued; code and model confirmed by LF tech-support parts manual ""Signature Series Single Station Leg Extension"" (PM FZ FZLE Leg Extension.pdf)",https://www.lftechsupport.com/c/document_library/get_file?p_l_id=1691375&folderId=1627011&name=DLFE-91061.pdf,2026-10-01,
Life Fitness,Signature Series (legacy),FZSLC,Signature Series Seated Leg Curl,selectorized,bilateral,legs,,,,,,manufacturer_page,"legacy single-station line (FZ codes), discontinued; code and model confirmed by LF tech-support parts manual ""Signature Series Single Station Seated Leg Curl"" (PM FZ FZSLC Seated Leg Curl.pdf)",https://www.lftechsupport.com/c/document_library/get_file?p_l_id=1691375&folderId=1627024&name=DLFE-91065.pdf,2026-10-01,
Life Fitness,Signature Series (legacy),FZSLP,Signature Series Leg Press,selectorized,bilateral,legs,,,,,,manufacturer_page,"legacy single-station line (FZ codes), discontinued; code and model confirmed by LF tech-support parts manual ""Signature Series Single Station Seated Leg Press"" (PM FZ FZSLP Seated Leg Press.pdf); LF names it Seated Leg Press",https://www.lftechsupport.com/c/document_library/get_file?p_l_id=1691375&folderId=1627025&name=DLFE-123155.pdf,2026-10-01,
Life Fitness,Signature Series (legacy),FZCE,Signature Series Calf Extension,selectorized,bilateral,legs,,,,,,manufacturer_page,"legacy single-station line (FZ codes), discontinued; code and model confirmed by LF tech-support parts manual ""Signature Series Single Station Calf Extension"" (PM FZ FZCE Calf Extension.pdf)",https://www.lftechsupport.com/c/document_library/get_file?p_l_id=1691375&folderId=1626999&name=DLFE-91052.pdf,2026-10-01,
Life Fitness,Signature Series (legacy),,Signature Series Hip Abductor/Adductor,selectorized,bilateral,legs,,,,,,inferred,"legacy line, no longer in current catalog; still the most common LF machine on US floors — FROM TRAINING DATA, verify on placard; NOT CONFIRMED 2026-10-01: no matching FZ code in LF tech-support Signature single-station list",,2026-10-01,
Life Fitness,Signature Series (legacy),FZGL,Signature Series Glute,selectorized,bilateral,glutes,,,,,,manufacturer_page,"legacy single-station line (FZ codes), discontinued; code and model confirmed by LF tech-support parts manual ""Signature Series Single Station Glute"" (PM FZ FZGL Glute.pdf)",https://www.lftechsupport.com/c/document_library/get_file?p_l_id=1691375&folderId=1627006&name=DLFE-120256.pdf,2026-10-01,
Life Fitness,Signature Series (legacy),FZAB,Signature Series Abdominal,selectorized,bilateral,core,,,,,,manufacturer_page,"legacy single-station line (FZ codes), discontinued; code and model confirmed by LF tech-support parts manual ""Signature Series Single Station Abdominal"" (PM FZ FZAB Abdominal FZAB000700 and Up.pdf); parts manual split by serial (FZAB000699 and below / FZAB000700 and up)",https://www.lftechsupport.com/c/document_library/get_file?p_l_id=1691375&folderId=1626991&name=DLFE-99234.pdf,2026-10-01,
Life Fitness,Signature Series (legacy),FZBE,Signature Series Back Extension,selectorized,bilateral,back,,,,,,manufacturer_page,"legacy single-station line (FZ codes), discontinued; code and model confirmed by LF tech-support parts manual ""Signature Series Single Station Back Extension"" (PM FZ FZBE Back Extension.pdf)",https://www.lftechsupport.com/c/document_library/get_file?p_l_id=1691375&folderId=1626995&name=DLFE-91049.pdf,2026-10-01,
Life Fitness,Signature Series (legacy),FZTR,Signature Series Torso Rotation,selectorized,bilateral,core,,,,,,manufacturer_page,"legacy single-station line (FZ codes), discontinued; code and model confirmed by LF tech-support parts manual ""Signature Series Single Station Torso Rotation"" (PM FZ FZTR Torso Rotation.pdf)",https://www.lftechsupport.com/c/document_library/get_file?p_l_id=1691375&folderId=1627028&name=DLFE-91074.pdf,2026-10-01,
Life Fitness,Signature Series (legacy),FZADC,Signature Series Assist Dip Chin,selectorized,bilateral,full_body,,,,,,manufacturer_page,"legacy single-station line (FZ codes), discontinued; code and model confirmed by LF tech-support parts manual ""Signature Series Single Station Assisted Dip Chin"" (PM FZ FZADC Assist Dip Chin.pdf)",https://www.lftechsupport.com/c/document_library/get_file?p_l_id=1691375&folderId=1945562&name=DLFE-91048.pdf,2026-10-01,
Life Fitness,Signature Series (legacy),CMDAP,Signature Series Dual Adjustable Pulley,selectorized,n/a,cable,,,,390,"Life Fitness US product page: weight stack 390 lb (195 kg), 4:1 resistance ratio",manufacturer_page,"Cable Motion line; LF URL /signature-series-dual-adjustable-pulley redirects to this page, now titled ""Life Fitness Dual Adjustable Pulley"" (current product); a ""Signature Series Dual Adjustable Pulley w Console"" variant has code DAPCONSOLE",https://www.lifefitness.com/en-us/catalog/strength-training/cable-machines-functional-trainers/life-fitness-dual-adjustable-pulley,2026-10-01,
Life Fitness,Axiom Series,OP-ABBA,Axiom Series Abdominal / Back Extension,selectorized,bilateral,core,,,,202.5,Life Fitness US product page: weight stack (includes increment weight) 202.5 lbs (101.25 kg),manufacturer_page,compact/low tower line; dual-function station; LF Australia site lists this model as PH-OPABBA,https://www.lifefitness.com/en-us/catalog/strength-training/selectorized/axiom-series-abdominal-back-extension,2026-10-01,
Life Fitness,Axiom Series,OP-BT,Axiom Series Biceps/Triceps,selectorized,bilateral,arms,,,,172.5,Life Fitness US product page: weight stack (includes increment weight) 172.5 lbs (85.25 kg),manufacturer_page,compact/low tower line; dual-function station; LF Australia site lists this model as PH-OPBT,https://www.lifefitness.com/en-us/catalog/strength-training/selectorized/axiom-series-biceps-triceps,2026-10-01,
Life Fitness,Axiom Series,OP-LR,Axiom Series Lat Pulldown/Low Row,selectorized,bilateral,back,,,,202.5,Life Fitness US product page: weight stack (includes increment weight) 202.5 lbs (101.25 kg),manufacturer_page,compact/low tower line; dual-function station; LF Australia site lists this model as PH-OPLR,https://www.lifefitness.com/en-us/catalog/strength-training/selectorized/axiom-series-lat-pulldown-low-row,2026-10-01,
Life Fitness,Axiom Series,OP-LCE,Axiom Series Leg Extension / Leg Curl,selectorized,bilateral,legs,,,,202.5,Life Fitness US product page: weight stack (includes increment weight) 202.5 lbs (101.25 kg),manufacturer_page,compact/low tower line; dual-function station; LF Australia site lists this model as PH-OPLCE,https://www.lifefitness.com/en-us/catalog/strength-training/selectorized/axiom-series-leg-extension-leg-curl,2026-10-01,
Life Fitness,Axiom Series,OP-SLCE,Axiom Series Seated Leg Curl / Extension,selectorized,bilateral,legs,,,,202.5,Life Fitness US product page: weight stack (includes increment weight) 202.5 lbs (101.25 kg),manufacturer_page,compact/low tower line; dual-function station; LF Australia site lists this model as PH-OPSLCE,https://www.lifefitness.com/en-us/catalog/strength-training/selectorized/axiom-series-seated-leg-curl-extension,2026-10-01,
Life Fitness,Axiom Series,OP-MP,Axiom Series Multi-Press,selectorized,bilateral,chest,,,,202.5,Life Fitness US product page: weight stack (includes increment weight) 202.5 lbs (101.25 kg),manufacturer_page,compact/low tower line; dual-function station; LF Australia site lists this model as PH-OPMP,https://www.lifefitness.com/en-us/catalog/strength-training/selectorized/axiom-series-multi-press,2026-10-01,
Life Fitness,Axiom Series,OP-FLY,Axiom Series Pectoral Fly/Rear Deltoid,selectorized,bilateral,chest,,,,262.5,Life Fitness US product page: weight stack (includes increment weight) 262.5 lbs (131.25 kg),manufacturer_page,compact/low tower line; dual-function station; LF Australia site lists this model as PH-OPFLY,https://www.lifefitness.com/en-us/catalog/strength-training/selectorized/axiom-series-pectoral-fly-rear-deltoid,2026-10-01,
Life Fitness,Axiom Series,OP-HAA,Axiom Series Hip Abductor Adductor,selectorized,bilateral,legs,,,,142.5,Life Fitness US product page: weight stack (includes increment weight) 142.5 lbs (71.25 kg),manufacturer_page,compact/low tower line; dual-function station; LF Australia site lists this model as PH-OPHAA,https://www.lifefitness.com/en-us/catalog/strength-training/selectorized/axiom-series-hip-abductor-adductor,2026-10-01,
Life Fitness,Signature Series (legacy),FZPEC,Signature Series Pectoral Fly,selectorized,bilateral,chest,,,,,,manufacturer_page,"legacy single-station line (FZ codes), discontinued; from LF tech-support parts manual ""Signature Series Single Station Pectoral Fly"" (PM FZ FZPEC Pectoral Fly.pdf)",https://www.lftechsupport.com/c/document_library/get_file?p_l_id=1691375&folderId=1627021&name=DLFE-91062.pdf,2026-10-01,
Life Fitness,Signature Series (legacy),FZLC,Signature Series Leg Curl,selectorized,bilateral,legs,,,,,,manufacturer_page,"legacy single-station line (FZ codes), discontinued; from LF tech-support parts manual ""Signature Series Single Station Leg Curl"" (PM FZ FZLC Leg Curl.pdf); prone/lying leg curl, distinct from FZSLC Seated Leg Curl",https://www.lftechsupport.com/c/document_library/get_file?p_l_id=1691375&folderId=1886847&name=DLFE-91060.pdf,2026-10-01,
Life Fitness,Signature Series (legacy),FZHAB,Signature Series Hip Abduction,selectorized,bilateral,glutes,,,,,,manufacturer_page,"legacy single-station line (FZ codes), discontinued; from LF tech-support parts manual ""Signature Series Single Station Hip Abduction"" (PM FZ FZHAB Hip Abduction.pdf)",https://www.lftechsupport.com/c/document_library/get_file?p_l_id=1691375&folderId=1627008&name=DLFE-91057.pdf,2026-10-01,
Life Fitness,Signature Series (legacy),FZHAD,Signature Series Hip Adduction,selectorized,bilateral,legs,,,,,,manufacturer_page,"legacy single-station line (FZ codes), discontinued; from LF tech-support parts manual ""Signature Series Single Station Hip Adduction"" (PM FZ FZHAD Hip Adduction.pdf)",https://www.lftechsupport.com/c/document_library/get_file?p_l_id=1691375&folderId=1627009&name=DLFE-91058.pdf,2026-10-01,
Life Fitness,Signature Series (legacy),FZFLY,Signature Series Fly,selectorized,bilateral,chest,,,,,,manufacturer_page,"legacy single-station line (FZ codes), discontinued; from LF tech-support parts manual ""Signature Series Single Station Fly"" (PM FZ FZFLY Fly.pdf); relation to FZPEC (Pectoral Fly) and FZFRD (Fly/Rear Deltoid) not stated by LF; check placard",https://www.lftechsupport.com/c/document_library/get_file?p_l_id=1691375&folderId=1627005&name=DLFE-122702.pdf,2026-10-01,
Life Fitness,Signature Series (legacy),CMCP,Signature Series Chest Press (Cable Motion),cable_stack,independent,chest,,,,190,Life Fitness US product page: weight stack 190 lb (95 kg),manufacturer_page,"Cable Motion line; LF page title is ""Signature Series Chest Press"" and marks it discontinued; same LF name as the FZ single-station machine, different code",https://www.lifefitness.com/en-us/catalog/strength-training/cable-machines-functional-trainers/signature-series-chest-press,2026-10-01,
Life Fitness,Signature Series (legacy),CMSP,Signature Series Shoulder Press (Cable Motion),cable_stack,independent,shoulders,,,,150,Life Fitness US product page: weight stack 150 lb (75 kg),manufacturer_page,"Cable Motion line; LF page title is ""Signature Series Shoulder Press"" and marks it discontinued; same LF name as the FZ single-station machine, different code",https://www.lifefitness.com/en-us/catalog/strength-training/cable-machines-functional-trainers/signature-series-shoulder-press,2026-10-01,
Life Fitness,Signature Series (legacy),CMPD,Signature Series Pulldown (Cable Motion),cable_stack,n/a,back,,,,220,Life Fitness US product page: weight stack 220 lb (107 kg),manufacturer_page,"Cable Motion line; LF page title is ""Signature Series Pulldown"" and marks it discontinued; same LF name as the FZ single-station machine, different code",https://www.lifefitness.com/en-us/catalog/strength-training/cable-machines-functional-trainers/signature-series-pulldown,2026-10-01,
Life Fitness,Signature Series (legacy),CMRW,Signature Series Row (Cable Motion),cable_stack,independent,back,,,,220,Life Fitness US product page: weight stack 220 lb (107 kg),manufacturer_page,"Cable Motion line; LF page title is ""Signature Series Row"" and marks it discontinued; same LF name as the FZ single-station machine, different code",https://www.lifefitness.com/en-us/catalog/strength-training/cable-machines-functional-trainers/signature-series-row,2026-10-01,
Life Fitness,Cable Machines,LCM-CC,Adjustable Cable Crossover,cable_stack,independent,cable,,,,,,manufacturer_page,current LF cable crossover; LF page states User Effective Resistance 98.75 lbs (46.25 kg) and two fully adjustable pulleys,https://www.lifefitness.com/en-us/catalog/strength-training/cable-machines-functional-trainers/adjustable-cable-crossover,2026-10-01,
Nautilus,Inspiration Series,IPVP5,Inspiration Chest Press,selectorized,bilateral,chest,,,,,,manufacturer_page,"Lock N Load switch stack, 5 lb increments",https://www.corehandf.com/products/nautilus-inspiration-chest-press,2026-10-01,
Nautilus,Inspiration Series,IPSP5,Inspiration Shoulder Press,selectorized,bilateral,shoulders,,,,,,manufacturer_page,"Lock N Load switch stack, 5 lb increments",https://www.corehandf.com/products/nautilus-inspiration-shoulder-press,2026-10-01,
Nautilus,Inspiration Series,IPPD5,Inspiration Lat Pull Down,selectorized,bilateral,back,,,,240,240 lb (109 kg) stack per corehandf.com product page,manufacturer_page,"Lock N Load switch stack, 5 lb increments",https://www.corehandf.com/products/nautilus-inspiration-lat-pull-down,2026-10-01,
Nautilus,Inspiration Series,IPVR5,Inspiration Vertical Row,selectorized,bilateral,back,,,,240,240 lb (108 kg) stack per corehandf.com product page,manufacturer_page,"Lock N Load switch stack, 5 lb increments",https://www.corehandf.com/products/nautilus-inspiration-vertical-row,2026-10-01,
Nautilus,Inspiration Series,IPBA5,Inspiration Bilateral Arm Curl,selectorized,bilateral,arms,,,,200,200 lb (91 kg) stack per corehandf.com product page,manufacturer_page,"Lock N Load switch stack, 5 lb increments",https://www.corehandf.com/products/nautilus-inspiration-bilateral-arm-curl,2026-10-01,
Nautilus,Inspiration Series,IPAC5,Inspiration Abdominal Crunch,selectorized,bilateral,core,,,,200,200 lb (91 kg) stack per corehandf.com product page,manufacturer_page,"Lock N Load switch stack, 5 lb increments",https://www.corehandf.com/products/nautilus-inspiration-abdominal-crunch,2026-10-01,
Nautilus,Inspiration Series,IPLP5,Inspiration Leg Press,selectorized,bilateral,legs,,,,400,400 lb (181 kg) stack per corehandf.com product page,manufacturer_page,"Lock N Load switch stack, 5 lb increments",https://www.corehandf.com/products/nautilus-inspiration-leg-press,2026-10-01,
Nautilus,Inspiration Series,IPLE5,Inspiration Leg Extension,selectorized,bilateral,legs,,,,240,240 lb (109 kg) stack per corehandf.com product page,manufacturer_page,"Lock N Load switch stack, 5 lb increments",https://www.corehandf.com/products/nautilus-inspiration-leg-extension,2026-10-01,
Nautilus,Inspiration Series,IPAA5,Inspiration Abduction / Adduction,selectorized,bilateral,legs,,,,200,200 lb (91 kg) stack per corehandf.com product page,manufacturer_page,"Lock N Load switch stack, 5 lb increments",https://www.corehandf.com/products/nautilus-inspiration-abduction-adduction,2026-10-01,
Nautilus,Inspiration Series,IPLC5,Inspiration Seated Leg Curl,selectorized,bilateral,legs,,,,240,240 lb (109 kg) stack per corehandf.com product page,manufacturer_page,"Lock N Load switch stack, 5 lb increments; code confirmed on manufacturer page 2026-10-01",https://www.corehandf.com/products/nautilus-inspiration-leg-curl,2026-10-01,
Nautilus,Inspiration Series,IPPF5,Inspiration Pec Fly / Rear Delt,selectorized,bilateral,chest,,,,240,240 lb (109 kg) stack per corehandf.com product page,manufacturer_page,"Lock N Load switch stack, 5 lb increments; code confirmed on manufacturer page 2026-10-01",https://www.corehandf.com/products/nautilus-inspiration-pec-fly-rear-deltoid,2026-10-01,
Nautilus,Inspiration Series,IPDR5,Inspiration Deltoid Raise,selectorized,bilateral,shoulders,,,,200,200 lb (91 kg) stack per corehandf.com product page,manufacturer_page,"CODE CORRECTED: seed had inferred code IPLR5 / name ""Inspiration Lateral Raise""; manufacturer page shows IPDR5. Lock N Load switch stack",https://www.corehandf.com/products/nautilus-inspiration-deltoid-raise,2026-10-01,IPLR5
Nautilus,Inspiration Series,IPPO5,Inspiration Pullover,selectorized,bilateral,back,,,,200,200 lb (91 kg) stack per corehandf.com product page,manufacturer_page,"Lock N Load switch stack, 5 lb increments; code confirmed on manufacturer page 2026-10-01",https://www.corehandf.com/products/nautilus-inspiration-pull-over,2026-10-01,
Nautilus,Inspiration Series,IPTD5,Inspiration Tricep Dip,selectorized,bilateral,arms,,,,240,240 lb (109 kg) stack per corehandf.com product page,manufacturer_page,"Lock N Load switch stack, 5 lb increments; code confirmed on manufacturer page 2026-10-01",https://www.corehandf.com/products/nautilus-inspiration-tricep-dip,2026-10-01,
Nautilus,Inspiration Series,IPTE5,Inspiration Triceps Extension,selectorized,bilateral,arms,,,,240,240 lb (109 kg) stack per corehandf.com product page,manufacturer_page,"Lock N Load switch stack, 5 lb increments; code confirmed on manufacturer page 2026-10-01",https://www.corehandf.com/products/nautilus-inspiration-triceps-extension,2026-10-01,
Nautilus,Inspiration Series,IPBE5,Inspiration Back Extension,selectorized,bilateral,back,,,,200,200 lb (91 kg) stack per corehandf.com product page,manufacturer_page,"CODE CORRECTED: seed had inferred code IPLB5 / name ""Inspiration Lower Back""; manufacturer page shows IPBE5. Lock N Load switch stack",https://www.corehandf.com/products/nautilus-inspiration-back-extension,2026-10-01,IPLB5
Nautilus,Inspiration Series,IPRT5,Inspiration Rotary Torso,selectorized,bilateral,core,,,,200,200 lb (91 kg) stack per corehandf.com product page,manufacturer_page,"Lock N Load switch stack, 5 lb increments; code confirmed on manufacturer page 2026-10-01",https://www.corehandf.com/products/inspiration-rotary-torso,2026-10-01,
Nautilus,Inspiration Series,IPGM5,Inspiration Glute Press,selectorized,bilateral,glutes,,,,,,manufacturer_page,CODE CORRECTED: seed had inferred code IPGL5; manufacturer page shows IPGM5. Lock N Load switch stack,https://www.corehandf.com/products/nautilus-inspiration-glute-press,2026-10-01,IPGL5
Nautilus,Inspiration Series,IPCA5,Inspiration Calf,selectorized,bilateral,legs,,,,,,inferred,name from training data to fill the 20-machine line; code pattern inferred — verify; checked 2026-10-01: no Inspiration calf machine on manufacturer site (20-model Inspiration collection has none); code unconfirmed,,2026-10-01,
Nautilus,Inspiration Series,NP-D9302,Inspiration Dual Adjustable Pulley,selectorized,bilateral,cable,,,,400,"2 x 400 lb (2 x 181 kg) stacks, 100 lb at handle (4:1), per corehandf.com product page",manufacturer_page,CODE CORRECTED: seed had inferred code IPDAP5; manufacturer page shows SKU NP-D9302 (not an IP-pattern code),https://www.corehandf.com/products/nautilus-inspiration-dual-adjustable-pulley,2026-10-01,IPDAP5
Nautilus,Impact Series,9NA-S4301,Impact Chest Press,selectorized,bilateral,chest,,,,260,260 lb (130 kg) stack per corehandf.com product page,manufacturer_page,premium/athletic line,https://www.corehandf.com/products/nautilus-impact-chest-press,2026-10-01,
Nautilus,Impact Series,9NA-S4307,Impact Shoulder Press,selectorized,bilateral,shoulders,,,,260,260 lb (130 kg) stack per corehandf.com product page,manufacturer_page,premium/athletic line,https://www.corehandf.com/products/nautilus-impact-shoulder-press,2026-10-01,
Nautilus,Impact Series,9NA-S4304,Impact Deltoid Fly,selectorized,bilateral,shoulders,,,,220,220 lb (110 kg) stack per corehandf.com product page,manufacturer_page,premium/athletic line,https://www.corehandf.com/products/nautilus-impact-deltoid-fly,2026-10-01,
Nautilus,Impact Series,9NA-S3305,Impact Lat Pull Down,selectorized,bilateral,back,,,,260,260 lb (130 kg) stack per corehandf.com product page,manufacturer_page,premium/athletic line; manufacturer also sells Impact Fixed Lat Pull Down 9NA-S3303 (separate row),https://www.corehandf.com/products/nautilus-impact-lat-pull-down,2026-10-01,
Nautilus,Impact Series,9NA-S3306,Impact Low Row,selectorized,bilateral,back,,,,260,260 lb (130 kg) stack per corehandf.com product page,manufacturer_page,premium/athletic line,https://www.corehandf.com/products/nautilus-impact-low-row,2026-10-01,
Nautilus,Impact Series,9NA-S3302,Impact Low Back Machine,selectorized,bilateral,back,,,,260,260 lb (130 kg) stack per corehandf.com product page,manufacturer_page,"premium/athletic line; manufacturer name ""Impact Low Back""",https://www.corehandf.com/products/nautilus-impact-low-back,2026-10-01,
Nautilus,Impact Series,9NA-S1305,Impact Leg Press,selectorized,bilateral,legs,,,,360,360 lb (180 kg) stack per corehandf.com product page,manufacturer_page,"premium/athletic line; manufacturer name ""Impact Seated Leg Press""",https://www.corehandf.com/products/nautilus-impact-seated-leg-press,2026-10-01,
Nautilus,Impact Series,9NA-S1312,Impact Leg Extension,selectorized,bilateral,legs,,,,260,260 lb (130 kg) stack per corehandf.com product page,manufacturer_page,premium/athletic line,https://www.corehandf.com/products/nautilus-impact-leg-extension,2026-10-01,
Nautilus,Impact Series,9NA-S1301,Impact Leg Curl,selectorized,bilateral,legs,,,,180,180 lb (90 kg) stack per corehandf.com product page,manufacturer_page,"premium/athletic line; manufacturer name ""Impact Leg Curl"" (9NA-S1301); Seated Leg Curl 9NA-S1313 and Kneeling Leg Curl 9NA-S1311 are separate rows -- check placard",https://www.corehandf.com/products/nautilus-impact-leg-curl,2026-10-01,
Nautilus,Impact Series,9NA-S6301,Impact Abdominal,selectorized,bilateral,core,,,,130,130 lb (65 kg) stack per corehandf.com product page,manufacturer_page,premium/athletic line,https://www.corehandf.com/products/nautilus-impact-abdominal,2026-10-01,
Nautilus,Instinct Series,9NL-D2002,Instinct Dual Adjustable Pulley,selectorized,n/a,cable,,,,200,2 x 200 lb (2 x 100 kg) per corehandf.com product page,manufacturer_page,compact/entry commercial line; partial,https://www.corehandf.com/products/nautilus-instinct-dual-adjustable-pulley,2026-10-01,
Nautilus,Instinct Series,9NL-S3320,Instinct Vertical Row,selectorized,bilateral,back,,,,235,235 lb (107 kg) stack per corehandf.com product page,manufacturer_page,compact/entry commercial line,https://www.corehandf.com/products/nautilus-instinct-vertical-row,2026-10-01,
Nautilus,Instinct Series,9NL-S5100,Instinct Biceps Curl,selectorized,bilateral,arms,,,,190,190 lb (86 kg) per fitdir.com dealer spec,reseller_or_manual,compact/entry commercial line; single-function biceps curl not on corehandf.com today (only Dual Biceps Curl/Triceps Extension 9NL-D5120); dealer SKU 9NL-S5100-60ARS,https://fitdir.com/nautilus-instinct-biceps-curl/,2026-10-01,
Nautilus,Instinct Series,9NL-D2120,Instinct Dual Multi-Press,selectorized,bilateral,chest,,,,235,235 lb (107 kg) stack per corehandf.com product page,manufacturer_page,compact/entry commercial line,https://www.corehandf.com/products/nautilus-instinct-dual-multi-press,2026-10-01,
Nautilus,Instinct Series,9NL-D6330,Instinct Dual Abdominal / Lower Back,selectorized,bilateral,core,,,,120,120 lb (54 kg) stack per corehandf.com product page,manufacturer_page,compact/entry commercial line,https://www.corehandf.com/products/nautilus-instinct-dual-abdominal-lower-back,2026-10-01,
Nautilus,Instinct Series,9NN-M8008-60AAS,Instinct 3-Stack Multi-Station,selectorized,n/a,cable,,,,200,200 lb (91 kg) stack per corehandf.com product page,manufacturer_page,compact/entry commercial line; manufacturer SKU shown as 9NN-M8008-60AAS (-60AAS looks like a finish/config suffix; base 9NN-M8008 likely on placard),https://www.corehandf.com/products/3-stack-multi-station,2026-10-01,
Nautilus,Leverage (plate loaded),9NP-L2002,Leverage Chest Press,plate_loaded,independent,chest,,,,,,manufacturer_page,"Leverage Elite; dealer copy at fitdir.com quotes starting resistance 18 lb (8 kg) per arm in Key Features but a generic ""15 lbs per arm"" in its spec block; not filled (not manufacturer-stated, conflicting)",https://www.corehandf.com/products/nautilus-leverage-chest-press,2026-10-01,
Nautilus,Leverage (plate loaded),9NP-L2003,Leverage Incline Press,plate_loaded,independent,chest,,,,,,manufacturer_page,"Leverage Elite; dealer copy at fitdir.com quotes starting resistance 15 lb (7 kg) per arm in Key Features but a generic ""15 lbs per arm"" in its spec block; not filled (not manufacturer-stated, conflicting)",https://www.corehandf.com/products/nautilus-leverage-incline-press,2026-10-01,
Nautilus,Leverage (plate loaded),9NP-L4002,Leverage Shoulder Press,plate_loaded,independent,shoulders,,,,,,manufacturer_page,"Leverage Elite; dealer copy at fitdir.com quotes starting resistance 15 lb (7 kg) per arm in Key Features but a generic ""15 lbs per arm"" in its spec block; not filled (not manufacturer-stated, conflicting)",https://www.corehandf.com/products/nautilus-leverage-shoulder-press,2026-10-01,
Nautilus,Leverage (plate loaded),9NP-L3004,Leverage Row,plate_loaded,independent,back,,,,,,manufacturer_page,"Leverage Elite. Manufacturer product name is ""Leverage Low Row"" (9NP-L3004); the Core H&F owner's manual https://support.corehandf.com/Brands/StarTrac/Manuals/620-8418-NP-L3004-LevRowOM.pdf is titled ""NP-L3004 ROW"" (Leverage), so ""Leverage Row"" = this machine. Code variants seen: NP-L3004 (manual), 9NP-L3004-60BZS (dealer SKU), 9NP3-L3004 (dealer title, unverified). Other Leverage rows: High Row 9NP-L3005, Incline Lever Row NP-L3140 -- confirm on placard. dealer copy at fitdir.com quotes starting resistance 18 lb (8 kg) per arm in Key Features but a generic ""15 lbs per arm"" in its spec block; not filled (not manufacturer-stated, conflicting)",https://www.corehandf.com/products/nautilus-leverage-low-row,2026-10-01,
Nautilus,Leverage (plate loaded),9NP-L3003,Leverage Lat Pulldown,plate_loaded,independent,back,,,,,,manufacturer_page,"Leverage Elite; manufacturer name ""Leverage Lat Pull Down""; diverging, independent arms. dealer copy at fitdir.com quotes starting resistance 5 lb (2 kg) per arm in Key Features but a generic ""15 lbs per arm"" in its spec block; not filled (not manufacturer-stated, conflicting)",https://www.corehandf.com/products/nautilus-leverage-lat-pull-down,2026-10-01,
Nautilus,Leverage (plate loaded),,Leverage Squat,plate_loaded,bilateral,legs,,,,,,inferred,"name from training data; code unknown — verify; checked 2026-10-01: not resolved: manufacturer lists Leverage Power Squat 9NP-L1142, Pendulum Squat 9NP-L1143, Hack Squat NP-L1130, Belt Squat (separate rows) -- which one is meant is unknown",,2026-10-01,
Nautilus,Leverage (plate loaded),,Leverage Leg Press,plate_loaded,independent,legs,,,,,,inferred,"name from training data; code unknown — verify; checked 2026-10-01: not resolved: manufacturer Leverage collection has Angled Leg Press NP-L1141 and Angled Leg Press Pro NP-L1145 (both bilateral sleds, separate rows); no independent-arm Leverage leg press found",,2026-10-01,
Nautilus,Inspiration Series,IPBC5,Inspiration Biceps Curl,selectorized,bilateral,arms,,,,200,200 lb (91 kg) stack per corehandf.com product page,manufacturer_page,"Lock N Load switch stack, 5 lb increments",https://www.corehandf.com/products/nautilus-inspiration-biceps-curl,2026-10-01,
Nautilus,Impact Series,9NA-S1313,Impact Seated Leg Curl,selectorized,bilateral,legs,,,,260,260 lb (130 kg) stack per corehandf.com product page,manufacturer_page,premium/athletic line,https://www.corehandf.com/products/nautilus-impact-seated-leg-curl,2026-10-01,
Nautilus,Impact Series,9NA-S1311,Impact Kneeling Leg Curl,selectorized,bilateral,legs,,,,130,130 lb (65 kg) stack per corehandf.com product page,manufacturer_page,premium/athletic line,https://www.corehandf.com/products/nautilus-impact-kneeling-leg-curl,2026-10-01,
Nautilus,Impact Series,9NA-S1308,Impact Adductor,selectorized,bilateral,legs,,,,180,180 lb (90 kg) stack per corehandf.com product page,manufacturer_page,premium/athletic line,https://www.corehandf.com/products/nautilus-impact-adductor,2026-10-01,
Nautilus,Impact Series,9NA-S1307,Impact Abductor,selectorized,bilateral,glutes,,,,180,180 lb (90 kg) stack per corehandf.com product page,manufacturer_page,premium/athletic line,https://www.corehandf.com/products/nautilus-impact-abductor,2026-10-01,
Nautilus,Impact Series,9NA-S1309,Impact Standing Calf,selectorized,bilateral,legs,,,,260,260 lb (130 kg) stack per corehandf.com product page,manufacturer_page,premium/athletic line,https://www.corehandf.com/products/nautilus-impact-standing-calf,2026-10-01,
Nautilus,Impact Series,9NA-S2301,Impact Incline Press,selectorized,bilateral,chest,,,,260,260 lb (130 kg) stack per corehandf.com product page,manufacturer_page,premium/athletic line,https://www.corehandf.com/products/nautilus-impact-incline-press,2026-10-01,
Nautilus,Impact Series,9NA-S3303,Impact Fixed Lat Pull Down,selectorized,bilateral,back,,,,260,260 lb (130 kg) stack per corehandf.com product page,manufacturer_page,premium/athletic line,https://www.corehandf.com/products/nautilus-impact-fixed-lat-pull-down,2026-10-01,
Nautilus,Impact Series,9NA-S3301,Impact Vertical Row,selectorized,bilateral,back,,,,260,260 lb (130 kg) stack per corehandf.com product page,manufacturer_page,premium/athletic line,https://www.corehandf.com/products/nautilus-impact-vertical-row,2026-10-01,
Nautilus,Impact Series,9NA-S4302,Impact Deltoid Raise,selectorized,bilateral,shoulders,,,,130,130 lb (65 kg) stack per corehandf.com product page,manufacturer_page,premium/athletic line,https://www.corehandf.com/products/nautilus-impact-deltoid-raise,2026-10-01,
Nautilus,Impact Series,9NA-S5301,Impact Biceps Curl,selectorized,bilateral,arms,,,,200,200 lb (90 kg) stack per corehandf.com product page,manufacturer_page,premium/athletic line,https://www.corehandf.com/products/nautilus-impact-biceps-curl,2026-10-01,
Nautilus,Impact Series,9NA-S5302,Impact Triceps Extension,selectorized,bilateral,arms,,,,180,180 lb (90 kg) stack per corehandf.com product page,manufacturer_page,premium/athletic line,https://www.corehandf.com/products/nautilus-impact-triceps-extension,2026-10-01,
Nautilus,Impact Series,9NA-S5303,Impact Dip Machine,selectorized,bilateral,arms,,,,260,260 lb (130 kg) stack per corehandf.com product page,manufacturer_page,premium/athletic line,https://www.corehandf.com/products/nautilus-impact-dip-machine,2026-10-01,
Nautilus,Impact Series,9NA-S6334,Impact Chin Dip Assist,selectorized,bilateral,full_body,,,,200,200 lb (100 kg) stack per corehandf.com product page,manufacturer_page,premium/athletic line,https://www.corehandf.com/products/nautilus-impact-chin-dip-assist,2026-10-01,
Nautilus,Instinct Series,9NL-S1010,Instinct Leg Extension,selectorized,bilateral,legs,,,,190,190 lb (86 kg) stack per corehandf.com product page,manufacturer_page,compact/entry commercial line,https://www.corehandf.com/products/nautilus-instinct-leg-extension,2026-10-01,
Nautilus,Instinct Series,9NL-S1011,Instinct Leg Curl,selectorized,bilateral,legs,,,,190,190 lb (86 kg) stack per corehandf.com product page,manufacturer_page,compact/entry commercial line,https://www.corehandf.com/products/nautilus-instinct-leg-curl,2026-10-01,
Nautilus,Instinct Series,9NL-D1014,Instinct Dual Leg Extension / Leg Curl,selectorized,bilateral,legs,,,,190,190 lb (86 kg) stack per corehandf.com product page,manufacturer_page,compact/entry commercial line,https://www.corehandf.com/products/nautilus-instinct-dual-leg-extension-leg-curl,2026-10-01,
Nautilus,Instinct Series,9NL-D1013,Instinct Dual Leg Press / Calf Raise,selectorized,bilateral,legs,,,,235,235 lb (107 kg) stack per corehandf.com product page,manufacturer_page,compact/entry commercial line,https://www.corehandf.com/products/nautilus-instinct-dual-leg-press-calf-raise,2026-10-01,
Nautilus,Instinct Series,9NL-D1015,Instinct Dual Inner / Outer Thigh,selectorized,bilateral,legs,,,,150,150 lb (68 kg) stack per corehandf.com product page,manufacturer_page,compact/entry commercial line,https://www.corehandf.com/products/nautilus-instinct-dual-inner-outer-thigh,2026-10-01,
Nautilus,Instinct Series,9NL-S1012,Instinct Glute Press,selectorized,bilateral,glutes,,,,120,120 lb (55 kg) stack per corehandf.com product page,manufacturer_page,compact/entry commercial line,https://www.corehandf.com/products/nautilus-instinct-glute-press,2026-10-01,
Nautilus,Instinct Series,9NL-S2100,Instinct Chest Press,selectorized,bilateral,chest,,,,235,235 lb (107 kg) stack per corehandf.com product page,manufacturer_page,compact/entry commercial line,https://www.corehandf.com/products/nautilus-instinct-chest-press,2026-10-01,
Nautilus,Instinct Series,9NL-D3340,Instinct Dual Lat Pull Down / Vertical Row,selectorized,bilateral,back,,,,235,235 lb (107 kg) stack per corehandf.com product page,manufacturer_page,compact/entry commercial line,https://www.corehandf.com/products/nautilus-instinct-dual-lat-pull-down-vertical-row,2026-10-01,
Nautilus,Instinct Series,9NL-S3310,Instinct Lat Pull Down,selectorized,bilateral,back,,,,235,235 lb (107 kg) stack per corehandf.com product page,manufacturer_page,compact/entry commercial line,https://www.corehandf.com/products/nautilus-instinct-lat-pull-down,2026-10-01,
Nautilus,Instinct Series,9NL-S4100,Instinct Shoulder Press,selectorized,bilateral,shoulders,,,,190,190 lb (86 kg) stack per corehandf.com product page,manufacturer_page,compact/entry commercial line,https://www.corehandf.com/products/nautilus-instinct-shoulder-press,2026-10-01,
Nautilus,Instinct Series,9NL-D2110,Instinct Dual Pectoral Fly / Rear Deltoid,selectorized,bilateral,chest,,,,190,190 lb (86 kg) stack per corehandf.com product page,manufacturer_page,compact/entry commercial line,https://www.corehandf.com/products/nautilus-instinct-dual-pectoral-fly-rear-deltoid,2026-10-01,
Nautilus,Instinct Series,9NL-D5120,Instinct Dual Biceps Curl / Triceps Extension,selectorized,bilateral,arms,,,,190,190 lb (86 kg) stack per corehandf.com product page,manufacturer_page,compact/entry commercial line,https://www.corehandf.com/products/nautilus-instinct-dual-biceps-curl-triceps-extension,2026-10-01,
Nautilus,Instinct Series,9NL-S6300,Instinct Rotary Torso,selectorized,bilateral,core,,,,190,190 lb (86 kg) stack per corehandf.com product page,manufacturer_page,compact/entry commercial line,https://www.corehandf.com/products/nautilus-instinct-rotary-torso,2026-10-01,
Nautilus,Leverage (plate loaded),9NP-L2004,Leverage Decline Press,plate_loaded,independent,chest,,,,,,manufacturer_page,"Leverage Elite; dealer copy at fitdir.com quotes starting resistance 12 lb (5 kg) per arm in Key Features but a generic ""15 lbs per arm"" in its spec block; not filled (not manufacturer-stated, conflicting)",https://www.corehandf.com/products/nautilus-leverage-decline-press,2026-10-01,
Nautilus,Leverage (plate loaded),9NP-L3005,Leverage High Row,plate_loaded,independent,back,,,,,,manufacturer_page,Leverage Elite,https://www.corehandf.com/products/nautilus-leverage-high-row,2026-10-01,
Nautilus,Leverage (plate loaded),9NP-L5002,Leverage Biceps Curl,plate_loaded,independent,arms,,,,,,manufacturer_page,"Leverage Elite; dealer copy at fitdir.com quotes starting resistance 12 lb (5 kg) per arm in Key Features but a generic ""15 lbs per arm"" in its spec block; not filled (not manufacturer-stated, conflicting)",https://www.corehandf.com/products/nautilus-leverage-biceps-curl,2026-10-01,
Nautilus,Leverage (plate loaded),9NP-L5003,Leverage Abdominal Crunch,plate_loaded,bilateral,core,,,,,,manufacturer_page,Leverage Elite,https://www.corehandf.com/products/nautilus-leverage-abdominal-crunch,2026-10-01,
Nautilus,Leverage (plate loaded),9NP-L3006,Leverage Deadlift Shrug,plate_loaded,independent,back,,,,,,manufacturer_page,Leverage Premier; max 270 lb per arm (manufacturer page),https://www.corehandf.com/products/nautilus-leverage-deadlift-shrug,2026-10-01,
Nautilus,Leverage (plate loaded),NP-L3140,Leverage Incline Lever Row,plate_loaded,bilateral,back,35,15.8,total,,starting resistance 35 lb (15.8 kg) stated on corehandf.com product page,manufacturer_page,Leverage Premier; max load 315 lb (manufacturer page),https://www.corehandf.com/products/nautilus-plate-loaded-incline-lever-row,2026-10-01,
Nautilus,Leverage (plate loaded),NP-L1141,Angled Leg Press,plate_loaded,bilateral,legs,,,,,,manufacturer_page,"listed in manufacturer Leverage line collection; 100 lb carriage, 900 lb max (manufacturer page); dealer SKUs show 9NP-L1141",https://www.corehandf.com/products/nautilus-plate-loaded-angled-leg-press,2026-10-01,
Nautilus,Leverage (plate loaded),NP-L1145,Leverage Angled Leg Press Pro,plate_loaded,bilateral,legs,,,,,,manufacturer_page,"1,260 lb max load (manufacturer page)",https://www.corehandf.com/products/angled-leg-press-pro,2026-10-01,
Nautilus,Leverage (plate loaded),NP-L1130,Leverage Hack Squat,plate_loaded,bilateral,legs,,,,,,manufacturer_page,Leverage Premier; dealer SKUs show 9NP-L1130,https://www.corehandf.com/products/nautilus-plate-loaded-hack-squat,2026-10-01,
Nautilus,Leverage (plate loaded),NP-L1110,Leverage Tilt Seat Calf,plate_loaded,bilateral,legs,,,,,,manufacturer_page,Leverage Premier,https://www.corehandf.com/products/nautilus-plate-loaded-tilt-seat-calf,2026-10-01,
Nautilus,Leverage (plate loaded),NP-L1131,Leverage Glute Drive,plate_loaded,bilateral,glutes,,,,,,manufacturer_page,Leverage Premier; 360 lb max load (manufacturer page),https://www.corehandf.com/products/nautilus-plate-loaded-glute-drive,2026-10-01,
Nautilus,Leverage (plate loaded),9NP-L1142,Leverage Power Squat,plate_loaded,bilateral,legs,,,,,,manufacturer_page,630 lb max load (manufacturer page),https://www.corehandf.com/products/power-squat-1,2026-10-01,
Nautilus,Leverage (plate loaded),9NP-L1143,Leverage Pendulum Squat,plate_loaded,bilateral,legs,,,,,,manufacturer_page,360 lb max load (manufacturer page),https://www.corehandf.com/products/pendulum-squat-1,2026-10-01,
Nautilus,Leverage (plate loaded),9NP3-L3007,Leverage Leg Extension,plate_loaded,bilateral,legs,,,,,,manufacturer_page,9NP3- prefix as shown by manufacturer,https://www.corehandf.com/products/leg-extension,2026-10-01,
Nautilus,Leverage (plate loaded),9NP3-L3008,Leverage Lying Leg Curl,plate_loaded,bilateral,legs,,,,,,manufacturer_page,9NP3- prefix as shown by manufacturer,https://www.corehandf.com/products/lying-leg-curl-1,2026-10-01,
Nautilus,Leverage (plate loaded),9NP3-L5004,Leverage Tricep Dip,plate_loaded,bilateral,arms,,,,,,manufacturer_page,9NP3- prefix as shown by manufacturer,https://www.corehandf.com/products/tricep-dip,2026-10-01,
Nautilus,Leverage (plate loaded),9NP3-L5005,Leverage Biceps Curl (9NP3),plate_loaded,bilateral,arms,,,,,,manufacturer_page,separate newer model from Leverage Biceps Curl 9NP-L5002; manufacturer page body shows SKU 9NP3-L5005,https://www.corehandf.com/products/biceps-curl,2026-10-01,
Nautilus,Leverage (plate loaded),,Leverage Standing Calf,plate_loaded,bilateral,legs,,,,,,manufacturer_page,Leverage Premier; 540 lb capacity; manufacturer page shows no model code,https://www.corehandf.com/products/standing-calf,2026-10-01,
Nautilus,Leverage (plate loaded),,Leverage Belt Squat,plate_loaded,bilateral,legs,,,,,,manufacturer_page,Leverage Premier; 630 lb capacity; manufacturer page shows no model code (a dealer lists NP-L1132; not fetched/confirmed),https://www.corehandf.com/products/nautilus-belt-squat,2026-10-01,
Nautilus,HumanSport,HSPL3,HumanSport Pull Lift,cable_stack,independent,back,,,,88,2 x 88 lb (2 x 40 kg) per corehandf.com product page,manufacturer_page,"dual-stack cable line, Lock N Load",https://www.corehandf.com/products/nautilus-humansport-pull-lift,2026-10-01,
Nautilus,HumanSport,HSTL3,HumanSport Total Legs,cable_stack,independent,legs,,,,88,2 x 88 lb (2 x 40 kg) per corehandf.com product page,manufacturer_page,"dual-stack cable line, Lock N Load",https://www.corehandf.com/products/nautilus-humansport-total-legs,2026-10-01,
Nautilus,HumanSport,HSAC3,HumanSport Arm Crunch,cable_stack,independent,cable,,,,88,2 x 88 lb (2 x 40 kg) per corehandf.com product page,manufacturer_page,"dual-stack cable line, Lock N Load",https://www.corehandf.com/products/nautilus-humansport-arm-crunch,2026-10-01,
Nautilus,HumanSport,HSFT3,HumanSport Freedom Trainer,cable_stack,independent,cable,,,,80,2 x 80 lb (2 x 36 kg) per corehandf.com product page,manufacturer_page,"dual-stack cable line, Lock N Load",https://www.corehandf.com/products/nautilus-humansport-freedom-trainer,2026-10-01,
Nautilus,HumanSport,HSLP3,HumanSport Lat Pulley,cable_stack,independent,back,,,,88,2 x 88 lb (2 x 40 kg) per corehandf.com product page,manufacturer_page,"dual-stack cable line, Lock N Load",https://www.corehandf.com/products/nautilus-humansport-lat-pulley,2026-10-01,
Nautilus,HumanSport,HSSC3,HumanSport Shoulder Chest,cable_stack,independent,chest,,,,88,2 x 88 lb (2 x 40 kg) per corehandf.com product page,manufacturer_page,"dual-stack cable line, Lock N Load",https://www.corehandf.com/products/nautilus-humansport-shoulder-chest,2026-10-01,
Nautilus,HumanSport,HSTD3,HumanSport Total Delts,cable_stack,independent,shoulders,,,,88,2 x 88 lb (2 x 40 kg) per corehandf.com product page,manufacturer_page,"dual-stack cable line, Lock N Load",https://www.corehandf.com/products/nautilus-humansport-total-delts,2026-10-01,
Cybex,Eagle NX,20000,Eagle NX Chest Press,selectorized,independent,chest,,,,305,305 lb weight stack per Life Fitness (Cybex) product page,manufacturer_page,15-piece line per Cybex; product numbers are 200xx; Dual Axis Technology on presses/pulls,https://www.lifefitness.com/en-us/catalog/cybex/cybex-products/cybex-eagle-nx-chest-press,2026-10-01,
Cybex,Eagle NX,20010,Eagle NX Overhead Press,selectorized,independent,shoulders,,,,205,205 lb weight stack per Life Fitness (Cybex) product page,manufacturer_page,15-piece line per Cybex; product numbers are 200xx; Dual Axis Technology on presses/pulls,https://www.lifefitness.com/en-us/catalog/cybex/cybex-products/cybex-eagle-nx-overhead-press,2026-10-01,
Cybex,Eagle NX,20030,Eagle NX Row,selectorized,independent,back,,,,285,285 lb weight stack per Life Fitness (Cybex) product page,manufacturer_page,15-piece line per Cybex; product numbers are 200xx; Dual Axis Technology on presses/pulls,https://www.lifefitness.com/en-us/catalog/cybex/cybex-products/cybex-eagle-nx-row,2026-10-01,
Cybex,Eagle NX,20130,Eagle NX Lat Pulldown,selectorized,independent,back,,,,285,285 lb weight stack per Life Fitness (Cybex) product page,manufacturer_page,15-piece line per Cybex; product numbers are 200xx; Dual Axis Technology on presses/pulls,https://www.lifefitness.com/en-us/catalog/cybex/cybex-products/cybex-eagle-nx-lat-pulldown,2026-10-01,
Cybex,Eagle NX,,Eagle NX Fly / Rear Delt,selectorized,bilateral,chest,,,,,,reseller_or_manual,15-piece line per Cybex; product numbers are 200xx; Dual Axis Technology on presses/pulls,https://usedcybex.com/series/eagle-nx,2026-09-30,
Cybex,Eagle NX,,Eagle NX Lateral Raise,selectorized,bilateral,shoulders,,,,,,reseller_or_manual,15-piece line per Cybex; product numbers are 200xx; Dual Axis Technology on presses/pulls,https://usedcybex.com/series/eagle-nx,2026-09-30,
Cybex,Eagle NX,20070,Eagle NX Arm Curl,selectorized,bilateral,arms,,,,245,245 lb weight stack per Life Fitness (Cybex) product page,manufacturer_page,15-piece line per Cybex; product numbers are 200xx; Dual Axis Technology on presses/pulls,https://www.lifefitness.com/en-us/catalog/cybex/cybex-products/cybex-eagle-nx-arm-curl,2026-10-01,
Cybex,Eagle NX,20080,Eagle NX Arm Extension,selectorized,bilateral,arms,,,,205,205 lb weight stack per Life Fitness (Cybex) product page,manufacturer_page,15-piece line per Cybex; product numbers are 200xx; Dual Axis Technology on presses/pulls,https://www.lifefitness.com/en-us/catalog/cybex/cybex-products/cybex-eagle-nx-arm-extension,2026-10-01,
Cybex,Eagle NX,20090,Eagle NX Abdominal,selectorized,bilateral,core,,,,205,205 lb weight stack per Life Fitness (Cybex) product page,manufacturer_page,15-piece line per Cybex; product numbers are 200xx; Dual Axis Technology on presses/pulls,https://www.lifefitness.com/en-us/catalog/cybex/cybex-products/cybex-eagle-nx-abdominal,2026-10-01,
Cybex,Eagle NX,20100,Eagle NX Back Extension,selectorized,bilateral,back,,,,305,305 lb weight stack per Life Fitness (Cybex) product page,manufacturer_page,15-piece line per Cybex; product numbers are 200xx; Dual Axis Technology on presses/pulls,https://www.lifefitness.com/en-us/catalog/cybex/cybex-products/cybex-eagle-nx-back-extension,2026-10-01,
Cybex,Eagle NX,20040,Eagle NX Leg Press,selectorized,bilateral,legs,,,,505,505 lb weight stack per Life Fitness (Cybex) product page,manufacturer_page,15-piece line per Cybex; product numbers are 200xx; Dual Axis Technology on presses/pulls,https://www.lifefitness.com/en-us/catalog/cybex/cybex-products/cybex-eagle-nx-leg-press,2026-10-01,
Cybex,Eagle NX,20050,Eagle NX Leg Extension,selectorized,bilateral,legs,,,,305,305 lb weight stack per Life Fitness (Cybex) product page,manufacturer_page,"15-piece line per Cybex; product numbers are 200xx; Dual Axis Technology on presses/pulls; product page lists PRODUCT NUMBER ""20050/51""; 20051 is a variant code",https://www.lifefitness.com/en-us/catalog/cybex/cybex-products/cybex-eagle-nx-leg-extension,2026-10-01,
Cybex,Eagle NX,20060,Eagle NX Leg Curl,selectorized,bilateral,legs,,,,205,205 lb weight stack per Life Fitness (Cybex) product page,manufacturer_page,15-piece line per Cybex; product numbers are 200xx; Dual Axis Technology on presses/pulls,https://www.lifefitness.com/en-us/catalog/cybex/cybex-products/cybex-eagle-nx-leg-curl,2026-10-01,
Cybex,Eagle NX,20180,Eagle NX Hip Abduction/Adduction,selectorized,bilateral,legs,,,,205,205 lb weight stack per Life Fitness (Cybex) product page,manufacturer_page,15-piece line per Cybex; product numbers are 200xx; Dual Axis Technology on presses/pulls,https://www.lifefitness.com/en-us/catalog/cybex/cybex-products/cybex-eagle-nx-hip-abduction-adduction,2026-10-01,
Cybex,Eagle NX,20120,Eagle NX Calf,selectorized,bilateral,legs,,,,405,405 lb weight stack per Life Fitness (Cybex) product page,manufacturer_page,15-piece line per Cybex; product numbers are 200xx; Dual Axis Technology on presses/pulls,https://www.lifefitness.com/en-us/catalog/cybex/cybex-products/cybex-eagle-nx-calf,2026-10-01,
Cybex,Eagle NX,20170,Eagle NX Glute,selectorized,bilateral,glutes,,,,305,305 lb weight stack per Life Fitness (Cybex) product page,manufacturer_page,15-piece line per Cybex; product numbers are 200xx; Dual Axis Technology on presses/pulls,https://www.lifefitness.com/en-us/catalog/cybex/cybex-products/cybex-eagle-nx-glute,2026-10-01,
Cybex,Prestige VRS,21000,Prestige VRS Chest Press,selectorized,bilateral,chest,,,,245,standard stack 245 lb per Life Fitness (Cybex) product page; heavy stack option 305 lb,manufacturer_page,product numbers 210xx; Leg Press has enclosed counterbalance,https://www.lifefitness.com/en-us/catalog/cybex/cybex-products/cybex-prestige-strength-vrs-chest-press,2026-10-01,
Cybex,Prestige VRS,21010,Prestige VRS Overhead Press,selectorized,bilateral,shoulders,,,,165,standard stack 165 lb per Life Fitness (Cybex) product page; heavy stack option 205 lb,manufacturer_page,product numbers 210xx; Leg Press has enclosed counterbalance,https://www.lifefitness.com/en-us/catalog/cybex/cybex-products/cybex-prestige-strength-vrs-overhead-press,2026-10-01,
Cybex,Prestige VRS,21020,Prestige VRS Lat Pulldown,selectorized,bilateral,back,,,,245,standard stack 245 lb per Life Fitness (Cybex) product page; heavy stack option 305 lb,manufacturer_page,product numbers 210xx; Leg Press has enclosed counterbalance; Cybex name: Prestige Strength VRS Pulldown,https://www.lifefitness.com/en-us/catalog/cybex/cybex-products/cybex-prestige-strength-vrs-pulldown,2026-10-01,
Cybex,Prestige VRS,21030,Prestige VRS Row,selectorized,bilateral,back,,,,245,standard stack 245 lb per Life Fitness (Cybex) product page; heavy stack option 305 lb,manufacturer_page,product numbers 210xx; Leg Press has enclosed counterbalance,https://www.lifefitness.com/en-us/catalog/cybex/cybex-products/cybex-prestige-strength-vrs-row,2026-10-01,
Cybex,Prestige VRS,21110,Prestige VRS Fly / Rear Delt,selectorized,bilateral,chest,,,,245,standard stack 245 lb per Life Fitness (Cybex) product page; heavy stack option 305 lb,manufacturer_page,product numbers 210xx; Leg Press has enclosed counterbalance,https://www.lifefitness.com/en-us/catalog/cybex/cybex-products/cybex-prestige-strength-vrs-fly-rear-delt,2026-10-01,
Cybex,Prestige VRS,21160,Prestige VRS Lateral Raise,selectorized,bilateral,shoulders,,,,165,standard stack 165 lb per Life Fitness (Cybex) product page; heavy stack option 205 lb,manufacturer_page,product numbers 210xx; Leg Press has enclosed counterbalance,https://www.lifefitness.com/en-us/catalog/cybex/cybex-products/cybex-prestige-strength-vrs-lateral-raise,2026-10-01,
Cybex,Prestige VRS,21070,Prestige VRS Arm Curl,selectorized,bilateral,arms,,,,165,standard stack 165 lb per Life Fitness (Cybex) product page; heavy stack option 205 lb,manufacturer_page,product numbers 210xx; Leg Press has enclosed counterbalance,https://www.lifefitness.com/en-us/catalog/cybex/cybex-products/cybex-prestige-strength-vrs-arm-curl,2026-10-01,
Cybex,Prestige VRS,21180,Prestige VRS Triceps Press,selectorized,bilateral,arms,,,,165,standard stack 165 lb per Life Fitness (Cybex) product page; heavy stack option 205 lb,manufacturer_page,product numbers 210xx; Leg Press has enclosed counterbalance; separate VRS Arm Extension 21080 also exists (added),https://www.lifefitness.com/en-us/catalog/cybex/cybex-products/cybex-prestige-strength-vrs-triceps-press,2026-10-01,
Cybex,Prestige VRS,21090,Prestige VRS Abdominal Crunch,selectorized,bilateral,core,,,,225,standard stack 225 lb per Life Fitness (Cybex) product page; heavy stack option 265 lb,manufacturer_page,product numbers 210xx; Leg Press has enclosed counterbalance; Cybex name: Prestige Strength VRS Abdominal,https://www.lifefitness.com/en-us/catalog/cybex/cybex-products/cybex-prestige-strength-vrs-abdominal,2026-10-01,
Cybex,Prestige VRS,21100,Prestige VRS Back Extension,selectorized,bilateral,back,,,,245,standard stack 245 lb per Life Fitness (Cybex) product page; heavy stack option 305 lb,manufacturer_page,product numbers 210xx; Leg Press has enclosed counterbalance,https://www.lifefitness.com/en-us/catalog/cybex/cybex-products/cybex-prestige-strength-vrs-back-extension,2026-10-01,
Cybex,Prestige VRS,21190,Prestige VRS Torso Rotation,selectorized,bilateral,core,,,,165,standard stack 165 lb per Life Fitness (Cybex) product page; heavy stack option 205 lb,manufacturer_page,product numbers 210xx; Leg Press has enclosed counterbalance,https://www.lifefitness.com/en-us/catalog/cybex/cybex-products/cybex-prestige-strength-vrs-torso-rotation,2026-10-01,
Cybex,Prestige VRS,21040,Prestige VRS Leg Press,selectorized,bilateral,legs,,,,405,standard stack 405 lb per Life Fitness (Cybex) product page; heavy stack option 505 lb; Twist Select 5 lb increments,manufacturer_page,product numbers 210xx; Leg Press has enclosed counterbalance,https://www.lifefitness.com/en-us/catalog/cybex/cybex-products/cybex-prestige-strength-vrs-leg-press,2026-10-01,
Cybex,Prestige VRS,21050,Prestige VRS Leg Extension,selectorized,bilateral,legs,,,,245,standard stack 245 lb per Life Fitness (Cybex) product page; heavy stack option 305 lb,manufacturer_page,product numbers 210xx; Leg Press has enclosed counterbalance,https://www.lifefitness.com/en-us/catalog/cybex/cybex-products/cybex-prestige-strength-vrs-leg-extension,2026-10-01,
Cybex,Prestige VRS,21060,Prestige VRS Leg Curl,selectorized,bilateral,legs,,,,165,standard stack 165 lb per Life Fitness (Cybex) product page; heavy stack option 205 lb,manufacturer_page,"product numbers 210xx; Leg Press has enclosed counterbalance; SPLIT: seed row is two Cybex models; kept here as Seated Leg Curl 21060, Prone Leg Curl 21140 added as new row",https://www.lifefitness.com/en-us/catalog/cybex/cybex-products/cybex-prestige-strength-vrs-seated-leg-curl,2026-10-01,
Cybex,Prestige VRS,21200,Prestige VRS Hip Ab/Ad,selectorized,bilateral,legs,,,,165,standard stack 165 lb per Life Fitness (Cybex) product page; heavy stack option 205 lb,manufacturer_page,"product numbers 210xx; Leg Press has enclosed counterbalance; SPLIT: Cybex sells separate machines; kept here as Hip Abduction 21200, Hip Adduction 21210 added as new row",https://www.lifefitness.com/en-us/catalog/cybex/cybex-products/cybex-prestige-strength-vrs-hip-abduction,2026-10-01,
Cybex,Prestige VRS,21230,Prestige VRS Chin / Dip Assist,selectorized,bilateral,full_body,,,,305,standard stack 305 lb per Life Fitness (Cybex) product page,manufacturer_page,product numbers 210xx; Leg Press has enclosed counterbalance; Cybex name: Prestige Strength VRS Dip/Chin Assist,https://www.lifefitness.com/en-us/catalog/cybex/cybex-products/cybex-prestige-strength-vrs-dip-chin-assist,2026-10-01,
Cybex,Eagle NX,20190,Eagle NX Torso Rotation,selectorized,bilateral,core,,,,205,205 lb weight stack per Life Fitness (Cybex) product page,manufacturer_page,15-piece line per Cybex; product numbers are 200xx; Dual Axis Technology on presses/pulls,https://www.lifefitness.com/en-us/catalog/cybex/cybex-products/cybex-eagle-nx-torso-rotation,2026-10-01,
Cybex,Prestige VRS,21140,Prestige VRS Prone Leg Curl,selectorized,bilateral,legs,,,,165,standard stack 165 lb per Life Fitness (Cybex) product page; heavy stack option 205 lb,manufacturer_page,product numbers 210xx; Leg Press has enclosed counterbalance,https://www.lifefitness.com/en-us/catalog/cybex/cybex-products/cybex-prestige-strength-vrs-prone-leg-curl,2026-10-01,
Cybex,Prestige VRS,21210,Prestige VRS Hip Adduction,selectorized,bilateral,legs,,,,165,standard stack 165 lb per Life Fitness (Cybex) product page; heavy stack option 205 lb,manufacturer_page,product numbers 210xx; Leg Press has enclosed counterbalance,https://www.lifefitness.com/en-us/catalog/cybex/cybex-products/cybex-prestige-strength-vrs-hip-adduction,2026-10-01,
Cybex,Prestige VRS,21080,Prestige VRS Arm Extension,selectorized,bilateral,arms,,,,165,standard stack 165 lb per Life Fitness (Cybex) product page; heavy stack option 205 lb,manufacturer_page,product numbers 210xx; Leg Press has enclosed counterbalance,https://www.lifefitness.com/en-us/catalog/cybex/cybex-products/cybex-prestige-strength-vrs-arm-extension,2026-10-01,
Cybex,Prestige VRS,21170,Prestige VRS Glute,selectorized,bilateral,glutes,,,,245,standard stack 245 lb per Life Fitness (Cybex) product page; heavy stack option 305 lb,manufacturer_page,product numbers 210xx; Leg Press has enclosed counterbalance,https://www.lifefitness.com/en-us/catalog/cybex/cybex-products/cybex-prestige-strength-vrs-glute,2026-10-01,
Cybex,Prestige VRS,21120,Prestige VRS Standing Calf,selectorized,bilateral,legs,,,,305,standard stack 305 lb per Life Fitness (Cybex) product page; heavy stack option 405 lb,manufacturer_page,product numbers 210xx; Leg Press has enclosed counterbalance,https://www.lifefitness.com/en-us/catalog/cybex/cybex-products/cybex-prestige-strength-vrs-standing-calf,2026-10-01,
Cybex,Prestige Total Access,21400,Prestige Total Access Chest Press,selectorized,bilateral,chest,,,,245,standard stack 245 lb per Life Fitness (Cybex) product page; heavy stack option 305 lb,manufacturer_page,accessible (inclusive fitness) Prestige variant; 214xx/215xx product numbers,https://www.lifefitness.com/en-us/catalog/cybex/cybex-products/cybex-prestige-strength-total-access-chest-press,2026-10-01,
Cybex,Prestige Total Access,21410,Prestige Total Access Overhead Press,selectorized,bilateral,shoulders,,,,165,standard stack 165 lb per Life Fitness (Cybex) product page; heavy stack option 205 lb; start weight: product page says 'Counterbalanced input arm with 2.5 kg start weight' for single-arm use (lb not stated),manufacturer_page,accessible (inclusive fitness) Prestige variant; 214xx/215xx product numbers Manufacturer states starting weight 2.5 kg per arm (stated in kg only).,https://www.lifefitness.com/en-us/catalog/cybex/cybex-products/cybex-prestige-strength-total-access-overhead-press,2026-10-01,
Cybex,Prestige Total Access,21430,Prestige Total Access Row / Rear Delt,selectorized,bilateral,back,,,,245,standard stack 245 lb per Life Fitness (Cybex) product page; heavy stack option 305 lb,manufacturer_page,accessible (inclusive fitness) Prestige variant; 214xx/215xx product numbers,https://www.lifefitness.com/en-us/catalog/cybex/cybex-products/cybex-prestige-strength-total-access-row-rear-delt,2026-10-01,
Cybex,Prestige Total Access,21440,Prestige Total Access Leg Press,selectorized,bilateral,legs,,,,405,standard stack 405 lb per Life Fitness (Cybex) product page; heavy stack option 505 lb,manufacturer_page,accessible (inclusive fitness) Prestige variant; 214xx/215xx product numbers,https://www.lifefitness.com/en-us/catalog/cybex/cybex-products/cybex-prestige-strength-total-access-leg-press,2026-10-01,
Cybex,Prestige Total Access,21451,Prestige Total Access Leg Extension,selectorized,bilateral,legs,,,,245,standard stack 245 lb per Life Fitness (Cybex) product page; heavy stack option 305 lb,manufacturer_page,accessible (inclusive fitness) Prestige variant; 214xx/215xx product numbers,https://www.lifefitness.com/en-us/catalog/cybex/cybex-products/cybex-prestige-strength-total-access-leg-extension,2026-10-01,
Cybex,Prestige Total Access,21461,Prestige Total Access Seated Leg Curl,selectorized,bilateral,legs,,,,165,standard stack 165 lb per Life Fitness (Cybex) product page; heavy stack option 205 lb,manufacturer_page,accessible (inclusive fitness) Prestige variant; 214xx/215xx product numbers,https://www.lifefitness.com/en-us/catalog/cybex/cybex-products/cybex-prestige-strength-total-access-seated-leg-curl,2026-10-01,
Cybex,Prestige Total Access,21530,Prestige Total Access Lat Pulldown,selectorized,bilateral,back,,,,245,standard stack 245 lb per Life Fitness (Cybex) product page; heavy stack option 305 lb,manufacturer_page,accessible (inclusive fitness) Prestige variant; 214xx/215xx product numbers,https://www.lifefitness.com/en-us/catalog/cybex/cybex-products/cybex-prestige-strength-total-access-lat-pulldown,2026-10-01,
Cybex,Prestige Total Access,21580,Prestige Total Access Cable Column,cable_stack,n/a,cable,,,,305,"standard stack 305 lb per Life Fitness (Cybex) product page; page mentions 'Low 2.5 kg start weights' but not the basis, so starting resistance left empty",manufacturer_page,accessible (inclusive fitness) Prestige variant; 214xx/215xx product numbers,https://www.lifefitness.com/en-us/catalog/cybex/cybex-products/cybex-prestige-strength-total-access-cable-column,2026-10-01,
Cybex,Ion Series,CI-AB,Ion Series Abdominal,selectorized,bilateral,core,,,,142.5,142.5 lb weight stack (includes increment weight) per Life Fitness (Cybex) product page,manufacturer_page,,https://www.lifefitness.com/en-us/catalog/cybex/cybex-products/cybex-ion-series-abdominal,2026-10-01,
Cybex,Ion Series,CI-ABBA,Ion Series Abdominal / Back Extension,selectorized,bilateral,core,,,,202.5,202.5 lb weight stack (includes increment weight) per Life Fitness (Cybex) product page,manufacturer_page,,https://www.lifefitness.com/en-us/catalog/cybex/cybex-products/cybex-ion-series-abdominal-back-extension,2026-10-01,
Cybex,Ion Series,CI-BC,Ion Series Biceps Curl,selectorized,bilateral,arms,,,,172.5,172.5 lb weight stack (includes increment weight) per Life Fitness (Cybex) product page,manufacturer_page,,https://www.lifefitness.com/en-us/catalog/cybex/cybex-products/cybex-ion-series-biceps-curl,2026-10-01,
Cybex,Ion Series,CI-BT,Ion Series Biceps / Triceps,selectorized,bilateral,arms,,,,172.5,172.5 lb weight stack (includes increment weight) per Life Fitness (Cybex) product page,manufacturer_page,,https://www.lifefitness.com/en-us/catalog/cybex/cybex-products/cybex-ion-series-biceps-triceps,2026-10-01,
Cybex,Ion Series,CI-CP,Ion Series Chest Press,selectorized,bilateral,chest,,,,202.5,202.5 lb weight stack (includes increment weight) per Life Fitness (Cybex) product page,manufacturer_page,,https://www.lifefitness.com/en-us/catalog/cybex/cybex-products/cybex-ion-series-chest-press,2026-10-01,
Cybex,Ion Series,CI-HAA,Ion Series Hip Abductor / Adductor,selectorized,bilateral,legs,,,,142.5,142.5 lb weight stack (includes increment weight) per Life Fitness (Cybex) product page,manufacturer_page,,https://www.lifefitness.com/en-us/catalog/cybex/cybex-products/cybex-ion-series-hip-abductor-adductor,2026-10-01,
Cybex,Ion Series,CI-PD,Ion Series Lat Pulldown,selectorized,bilateral,back,,,,202.5,202.5 lb weight stack (includes increment weight) per Life Fitness (Cybex) product page,manufacturer_page,,https://www.lifefitness.com/en-us/catalog/cybex/cybex-products/cybex-ion-series-lat-pulldown,2026-10-01,
Cybex,Ion Series,CI-LR,Ion Series Lat Pulldown / Low Row,selectorized,bilateral,back,,,,202.5,202.5 lb weight stack (includes increment weight) per Life Fitness (Cybex) product page,manufacturer_page,,https://www.lifefitness.com/en-us/catalog/cybex/cybex-products/cybex-ion-series-lat-pulldown-low-row,2026-10-01,
Cybex,Ion Series,CI-LC,Ion Series Leg Curl,selectorized,bilateral,legs,,,,202.5,202.5 lb weight stack (includes increment weight) per Life Fitness (Cybex) product page,manufacturer_page,,https://www.lifefitness.com/en-us/catalog/cybex/cybex-products/cybex-ion-series-leg-curl,2026-10-01,
Cybex,Ion Series,CI-LCE,Ion Series Leg Curl / Extension,selectorized,bilateral,legs,,,,202.5,202.5 lb weight stack (includes increment weight) per Life Fitness (Cybex) product page,manufacturer_page,,https://www.lifefitness.com/en-us/catalog/cybex/cybex-products/cybex-ion-series-leg-curl-extension,2026-10-01,
Cybex,Ion Series,CI-LE,Ion Series Leg Extension,selectorized,bilateral,legs,,,,202.5,202.5 lb weight stack (includes increment weight) per Life Fitness (Cybex) product page,manufacturer_page,,https://www.lifefitness.com/en-us/catalog/cybex/cybex-products/cybex-ion-series-leg-extension,2026-10-01,
Cybex,Ion Series,CI-LP,Ion Series Leg Press,selectorized,bilateral,legs,,,,262.5,262.5 lb weight stack (includes increment weight) per Life Fitness (Cybex) product page,manufacturer_page,,https://www.lifefitness.com/en-us/catalog/cybex/cybex-products/cybex-ion-series-leg-press,2026-10-01,
Cybex,Ion Series,CI-MP,Ion Series Multi Press,selectorized,bilateral,chest,,,,202.5,202.5 lb weight stack (includes increment weight) per Life Fitness (Cybex) product page,manufacturer_page,,https://www.lifefitness.com/en-us/catalog/cybex/cybex-products/cybex-ion-series-multi-press,2026-10-01,
Cybex,Ion Series,CI-FLY,Ion Series Pectoral Fly / Rear Deltoid,selectorized,bilateral,chest,,,,262.5,262.5 lb weight stack (includes increment weight) per Life Fitness (Cybex) product page,manufacturer_page,,https://www.lifefitness.com/en-us/catalog/cybex/cybex-products/cybex-ion-series-pectoral-fly-rear-deltoid,2026-10-01,
Cybex,Ion Series,CI-SLCE,Ion Series Seated Leg Curl / Extension,selectorized,bilateral,legs,,,,202.5,202.5 lb weight stack (includes increment weight) per Life Fitness (Cybex) product page,manufacturer_page,,https://www.lifefitness.com/en-us/catalog/cybex/cybex-products/cybex-ion-series-seated-leg-curl-extension,2026-10-01,
Cybex,Ion Series,CI-RW,Ion Series Seated Row,selectorized,bilateral,back,,,,202.5,202.5 lb weight stack (includes increment weight) per Life Fitness (Cybex) product page,manufacturer_page,,https://www.lifefitness.com/en-us/catalog/cybex/cybex-products/cybex-ion-series-seated-row,2026-10-01,
Cybex,Ion Series,CI-SP,Ion Series Shoulder Press,selectorized,bilateral,shoulders,,,,172.5,172.5 lb weight stack (includes increment weight) per Life Fitness (Cybex) product page,manufacturer_page,,https://www.lifefitness.com/en-us/catalog/cybex/cybex-products/cybex-ion-series-shoulder-press,2026-10-01,
Cybex,Ion Series,CI-TE,Ion Series Triceps Extension,selectorized,bilateral,arms,,,,142.5,142.5 lb weight stack (includes increment weight) per Life Fitness (Cybex) product page,manufacturer_page,,https://www.lifefitness.com/en-us/catalog/cybex/cybex-products/cybex-ion-series-triceps-extension,2026-10-01,
Cybex,Ion Series,CI-SM,Ion Series Smith Rack,plate_loaded,bilateral,full_body,45,,total,,'45 lb starting resistance' per Life Fitness (Cybex) product page (kg not stated),manufacturer_page,,https://www.lifefitness.com/en-us/catalog/cybex/cybex-products/cybex-ion-series-smith-rack,2026-10-01,
Cybex,Cybex Plate Loaded,16080,Cybex Plate Loaded Chest Press,plate_loaded,bilateral,chest,,,,,,manufacturer_page,,https://www.lifefitness.com/en-us/catalog/cybex/cybex-products/cybex-plate-loaded-chest-press,2026-10-01,
Cybex,Cybex Plate Loaded,16101,Cybex Plate Loaded Overhead Press,plate_loaded,bilateral,shoulders,,,,,,manufacturer_page,,https://www.lifefitness.com/en-us/catalog/cybex/cybex-products/cybex-plate-loaded-overhead-press,2026-10-01,
Cybex,Cybex Plate Loaded,16110,Cybex Plate Loaded Leg Press,plate_loaded,bilateral,legs,,,,,,manufacturer_page,,https://www.lifefitness.com/en-us/catalog/cybex/cybex-products/cybex-plate-loaded-leg-press,2026-10-01,
Cybex,Cybex Plate Loaded,16120,Cybex Plate Loaded Smith Press,plate_loaded,bilateral,full_body,,,,,,manufacturer_page,,https://www.lifefitness.com/en-us/catalog/cybex/cybex-products/cybex-plate-loaded-smith-press,2026-10-01,
Cybex,Cybex Plate Loaded,16150,Cybex Plate Loaded Squat Press,plate_loaded,bilateral,legs,,,,,,manufacturer_page,,https://www.lifefitness.com/en-us/catalog/cybex/cybex-products/cybex-plate-loaded-squat-press,2026-10-01,
Cybex,Cybex Plate Loaded,16200,Cybex Plate Loaded Hack Squat,plate_loaded,bilateral,legs,,,,,,manufacturer_page,,https://www.lifefitness.com/en-us/catalog/cybex/cybex-products/cybex-plate-loaded-hack-squat,2026-10-01,
Cybex,Cybex Plate Loaded,16212,Cybex Plate Loaded Seated Calf,plate_loaded,bilateral,legs,,,,,,manufacturer_page,,https://www.lifefitness.com/en-us/catalog/cybex/cybex-products/cybex-plate-loaded-seated-calf,2026-10-01,
Cybex,Bravo,18000,Cybex Bravo Basic,cable_stack,n/a,cable,,,,170,"170 lb weight stack per Life Fitness (Cybex) product page; page: 'Minimum Effective Load 5 lbs per plate', 2:1 ratio",manufacturer_page,,https://www.lifefitness.com/en-us/catalog/cybex/cybex-products/cybex-bravo-basic,2026-10-01,
Cybex,Bravo,8800,Cybex Bravo Advanced (Compact 2:1),cable_stack,independent,cable,,,,,,manufacturer_page,product page lists 8800 Compact; 8810 Tall; 8830 Compact; 8840 Tall (ratios 2:1/2:1/4:1/4:1); two weight stacks,https://www.lifefitness.com/en-us/catalog/cybex/cybex-products/cybex-bravo-advanced,2026-10-01,
Cybex,Bravo,8810,Cybex Bravo Advanced (Tall 2:1),cable_stack,independent,cable,,,,,,manufacturer_page,product page lists 8800 Compact; 8810 Tall; 8830 Compact; 8840 Tall (ratios 2:1/2:1/4:1/4:1); two weight stacks,https://www.lifefitness.com/en-us/catalog/cybex/cybex-products/cybex-bravo-advanced,2026-10-01,
Cybex,Bravo,8830,Cybex Bravo Advanced (Compact 4:1),cable_stack,independent,cable,,,,,,manufacturer_page,product page lists 8800 Compact; 8810 Tall; 8830 Compact; 8840 Tall (ratios 2:1/2:1/4:1/4:1); two weight stacks,https://www.lifefitness.com/en-us/catalog/cybex/cybex-products/cybex-bravo-advanced,2026-10-01,
Cybex,Bravo,8840,Cybex Bravo Advanced (Tall 4:1),cable_stack,independent,cable,,,,,,manufacturer_page,product page lists 8800 Compact; 8810 Tall; 8830 Compact; 8840 Tall (ratios 2:1/2:1/4:1/4:1); two weight stacks,https://www.lifefitness.com/en-us/catalog/cybex/cybex-products/cybex-bravo-advanced,2026-10-01,
Cybex,Cable / Modular,,Cybex Attached Cable Crossover Station,cable_stack,independent,cable,,,,,,manufacturer_page,listed on Life Fitness Cybex catalog; page shows no product number,https://www.lifefitness.com/en-us/catalog/cybex/cybex-products/cybex-attached-cable-crossover-station,2026-10-01,
Cybex,Cable / Modular,,Cybex Attached High Low Crossover,cable_stack,independent,cable,,,,,,manufacturer_page,listed on Life Fitness Cybex catalog; page shows no product number,https://www.lifefitness.com/en-us/catalog/cybex/cybex-products/cybex-attached-high-low-crossover,2026-10-01,
Cybex,Cable / Modular,,Cybex Embedded High Low Crossover,cable_stack,independent,cable,,,,,,manufacturer_page,listed on Life Fitness Cybex catalog; page shows no product number,https://www.lifefitness.com/en-us/catalog/cybex/cybex-products/cybex-embedded-high-low-crossover,2026-10-01,
Cybex,Cable / Modular,,Cybex Free Standing Cable Crossover,cable_stack,independent,cable,,,,,,manufacturer_page,listed on Life Fitness Cybex catalog; page shows no product number,https://www.lifefitness.com/en-us/catalog/cybex/cybex-products/cybex-free-standing-cable-crossover,2026-10-01,
Cybex,Cable / Modular,,Cybex Adjustable Pulley 4:1,cable_stack,n/a,cable,,,,,,manufacturer_page,listed on Life Fitness Cybex catalog; page shows no product number,https://www.lifefitness.com/en-us/catalog/cybex/cybex-products/cybex-adjustable-pulley-4-1,2026-10-01,
Cybex,Cable / Modular,,Cybex Dual Pulley High,cable_stack,n/a,cable,,,,,,manufacturer_page,listed on Life Fitness Cybex catalog; page shows no product number,https://www.lifefitness.com/en-us/catalog/cybex/cybex-products/cybex-dual-pulley-high,2026-10-01,
Cybex,Cable / Modular,,Cybex Dual Pulley Low,cable_stack,n/a,cable,,,,,,manufacturer_page,listed on Life Fitness Cybex catalog; page shows no product number,https://www.lifefitness.com/en-us/catalog/cybex/cybex-products/cybex-dual-pulley-low,2026-10-01,
Cybex,Cable / Modular,,Cybex High Low Station,cable_stack,n/a,cable,,,,,,manufacturer_page,listed on Life Fitness Cybex catalog; page shows no product number,https://www.lifefitness.com/en-us/catalog/cybex/cybex-products/cybex-high-low-station,2026-10-01,
Cybex,Cable / Modular,,Cybex Dual Handle Lat Pull,cable_stack,n/a,cable,,,,,,manufacturer_page,listed on Life Fitness Cybex catalog; page shows no product number,https://www.lifefitness.com/en-us/catalog/cybex/cybex-products/cybex-dual-handle-lat-pull,2026-10-01,
Cybex,VR1,13000,VR1 Chest Press,selectorized,bilateral,chest,,,,,,manufacturer_page,selectorized (standard and light stack versions per Cybex owner's manual),https://kb.cybexintl.com/Owners_Manuals/Strength/cybex-13000-vr1-chest-press-manual-english-data.pdf,2026-10-01,
Cybex,VR1,13010,VR1 Overhead Press,selectorized,bilateral,shoulders,,,,,,manufacturer_page,selectorized (standard and light stack versions per Cybex owner's manual),https://kb.cybexintl.com/Owners_Manuals/Strength/cybex-13010-vr1-overhead-press-manual-english-data.pdf,2026-10-01,
Cybex,VR1,13030,VR1 Row / Rear Delt,selectorized,bilateral,back,,,,,,manufacturer_page,selectorized (standard and light stack versions per Cybex owner's manual),https://kb.cybexintl.com/Owners_Manuals/Strength/cybex-13030-vr1-row-rear-delt-manual-english-data.pdf,2026-10-01,
Cybex,VR1,13041,VR1 Leg Press,selectorized,bilateral,legs,,,,,,manufacturer_page,selectorized (standard and light stack versions per Cybex owner's manual),https://kb.cybexintl.com/Owners_Manuals/Strength/cybex-13041-vr1-leg-press-manual-english-data.pdf,2026-10-01,
Cybex,VR1,13050,VR1 Leg Extension,selectorized,bilateral,legs,,,,,,manufacturer_page,"selectorized (standard and light stack versions per Cybex owner's manual); manual specification table reads ""13050/13051""; 13051 is a variant code",https://kb.cybexintl.com/Owners_Manuals/Strength/cybex-13050-vr1-leg-extension-manual-english-data.pdf,2026-10-01,
Cybex,VR1,13060,VR1 Seated Leg Curl,selectorized,bilateral,legs,,,,,,manufacturer_page,selectorized (standard and light stack versions per Cybex owner's manual),https://kb.cybexintl.com/Owners_Manuals/Strength/cybex-13060-vr1-seated-leg-curl-manual-english-data.pdf,2026-10-01,
Cybex,VR1,13075,VR1 Arm Curl,selectorized,bilateral,arms,,,,,,reseller_or_manual,"selectorized (standard and light stack versions per Cybex owner's manual); manual is the older 'Owner's and Service Manual' rev B, hosted by a dealer",https://s3.amazonaws.com/cdn2.gymstore.com/manuals/upload/Cybex/cybex_13075_vr1_arm_curl_owner_manual.pdf,2026-10-01,
Cybex,VR1,13080,VR1 Arm Extension - Cable,selectorized,bilateral,arms,,,,,,manufacturer_page,selectorized (standard and light stack versions per Cybex owner's manual),https://kb.cybexintl.com/Owners_Manuals/Strength/cybex-13080-vr1-arm-extension-cable-manual-english-data.pdf,2026-10-01,
Cybex,VR1,13085,VR1 Arm Extension - Traditional,selectorized,bilateral,arms,,,,,,manufacturer_page,selectorized (standard and light stack versions per Cybex owner's manual),https://kb.cybexintl.com/Owners_Manuals/Strength/cybex-13085-vr1-arm-extension-traditional-manual-english-data.pdf,2026-10-01,
Cybex,VR1,13090,VR1 Abdominal,selectorized,bilateral,core,,,,,,manufacturer_page,selectorized (standard and light stack versions per Cybex owner's manual),https://kb.cybexintl.com/Owners_Manuals/Strength/cybex-13090-vr1-abdominal-manual-english-data.pdf,2026-10-01,
Cybex,VR1,13100,VR1 Back Extension,selectorized,bilateral,back,,,,,,manufacturer_page,selectorized (standard and light stack versions per Cybex owner's manual),https://kb.cybexintl.com/Owners_Manuals/Strength/cybex-13100-vr1-back-extension-manual-english-data.pdf,2026-10-01,
Cybex,VR1,13120,VR1 Standing Calf,selectorized,bilateral,legs,,,,,,manufacturer_page,selectorized (standard and light stack versions per Cybex owner's manual),https://kb.cybexintl.com/Owners_Manuals/Strength/cybex-13120-vr1-standing-calf-manual-english-data.pdf,2026-10-01,
Cybex,VR1,13130,VR1 Lat Pull,selectorized,bilateral,back,,,,,,manufacturer_page,selectorized (standard and light stack versions per Cybex owner's manual),https://kb.cybexintl.com/Owners_Manuals/Strength/cybex-13130-vr1-lat-pull-manual-english-data.pdf,2026-10-01,
Cybex,VR1,13135,VR1 Pulldown,selectorized,bilateral,back,,,,,,manufacturer_page,selectorized (standard and light stack versions per Cybex owner's manual),https://kb.cybexintl.com/Owners_Manuals/Strength/cybex-13135-vr1-pulldown-manual-english-data.pdf,2026-10-01,
Cybex,VR1,13170,VR1 Glute,selectorized,bilateral,glutes,,,,,,manufacturer_page,selectorized (standard and light stack versions per Cybex owner's manual),https://kb.cybexintl.com/Owners_Manuals/Strength/cybex-13170-vr1-glute-manual-english-data.pdf,2026-10-01,
Cybex,VR1,13180,VR1 Hip Abduction / Adduction,selectorized,bilateral,legs,,,,,,manufacturer_page,selectorized (standard and light stack versions per Cybex owner's manual),https://kb.cybexintl.com/Owners_Manuals/Strength/cybex-13180-vr1-hip-abduction-adduction-manual-english-data.pdf,2026-10-01,
Cybex,VR1,13240,VR1 Multi-Press,selectorized,bilateral,chest,,,,,,manufacturer_page,selectorized (standard and light stack versions per Cybex owner's manual); chest press and overhead press positions,https://kb.cybexintl.com/Owners_Manuals/Strength/cybex-13240-vr1-multi-press-manual-english-data.pdf,2026-10-01,
Cybex,VR1 Duals,13200,VR1 Abdominal / Back Extension,selectorized,bilateral,core,,,,,,manufacturer_page,selectorized (standard and light stack versions per Cybex owner's manual),https://kb.cybexintl.com/Owners_Manuals/Strength/cybex-13200-vr1-abdominal-back-extension-manual-english-data.pdf,2026-10-01,
Cybex,VR1 Duals,13250,VR1 Lat / Row,selectorized,bilateral,back,,,,,,manufacturer_page,selectorized (standard and light stack versions per Cybex owner's manual),https://kb.cybexintl.com/Owners_Manuals/Strength/cybex-13250-999-vr1-lat-row-manual-english-data.pdf,2026-10-01,
Cybex,VR1 Duals,13260,VR1 Leg Extension / Leg Curl,selectorized,bilateral,legs,,,,,,manufacturer_page,"selectorized (standard and light stack versions per Cybex owner's manual); a second code 13265 also exists (separate manual, rev AD)",https://kb.cybexintl.com/Owners_Manuals/Strength/cybex-13260-vr1-leg-extension-leg-curl-manual-english-data.pdf,2026-10-01,
Cybex,VR1 Duals,13265,VR1 Leg Extension / Leg Curl (13265),selectorized,bilateral,legs,,,,,,manufacturer_page,selectorized (standard and light stack versions per Cybex owner's manual); later version; 13260 also exists,https://kb.cybexintl.com/Owners_Manuals/Strength/cybex-13265-vr1-leg-extension-leg-curl-manual-english-data.pdf,2026-10-01,
Cybex,VR3 (legacy),12001,VR3 Chest Press,selectorized,bilateral,chest,,,,,,manufacturer_page,legacy line; name and code from Cybex owner's manual title,https://kb.cybexintl.com/Owners_Manuals/Strength/12001-999-4.pdf,2026-10-01,
Cybex,VR3 (legacy),12010,VR3 Overhead Press,selectorized,bilateral,shoulders,,,,,,manufacturer_page,legacy line; name and code from Cybex owner's manual title,https://kb.cybexintl.com/Owners_Manuals/Strength/12010-999-4.pdf,2026-10-01,
Cybex,VR3 (legacy),12020,VR3 Pulldown,selectorized,bilateral,back,,,,,,manufacturer_page,legacy line; name and code from Cybex owner's manual title,https://kb.cybexintl.com/Owners_Manuals/Strength/12020-999-4.pdf,2026-10-01,
Cybex,VR3 (legacy),12030,VR3 Row,selectorized,bilateral,back,,,,,,manufacturer_page,legacy line; name and code from Cybex owner's manual title,https://kb.cybexintl.com/Owners_Manuals/Strength/12030-999-4.pdf,2026-10-01,
Cybex,VR3 (legacy),12040,VR3 Leg Press,selectorized,bilateral,legs,,,,,,manufacturer_page,legacy line; name and code from Cybex owner's manual title,https://kb.cybexintl.com/Owners_Manuals/Strength/12040-999-4.pdf,2026-10-01,
Cybex,VR3 (legacy),12050,VR3 Leg Extension,selectorized,bilateral,legs,,,,,,manufacturer_page,legacy line; name and code from Cybex owner's manual title,https://kb.cybexintl.com/Owners_Manuals/Strength/12050-999-4.pdf,2026-10-01,
Cybex,VR3 (legacy),12070,VR3 Arm Curl,selectorized,bilateral,arms,,,,,,manufacturer_page,legacy line; name and code from Cybex owner's manual title,https://kb.cybexintl.com/Owners_Manuals/Strength/12070-999-4.pdf,2026-10-01,
Cybex,VR3 (legacy),12080,VR3 Arm Extension,selectorized,bilateral,arms,,,,,,manufacturer_page,legacy line; name and code from Cybex owner's manual title,https://kb.cybexintl.com/Owners_Manuals/Strength/12080-999-4.pdf,2026-10-01,
Cybex,VR3 (legacy),12090,VR3 Abdominal,selectorized,bilateral,core,,,,,,manufacturer_page,legacy line; name and code from Cybex owner's manual title,https://kb.cybexintl.com/Owners_Manuals/Strength/12090-999-4.pdf,2026-10-01,
Cybex,VR3 (legacy),12100,VR3 Back Extension,selectorized,bilateral,back,,,,,,manufacturer_page,legacy line; name and code from Cybex owner's manual title,https://kb.cybexintl.com/Owners_Manuals/Strength/12100-999-4.pdf,2026-10-01,
Cybex,VR3 (legacy),12110,VR3 Fly / Rear Delt,selectorized,bilateral,chest,,,,,,manufacturer_page,legacy line; name and code from Cybex owner's manual title; 12110 Fly/Rear Delt and 12111 Fly are separate manuals,https://kb.cybexintl.com/Owners_Manuals/Strength/12110-999-4.pdf,2026-10-01,
Cybex,VR3 (legacy),12111,VR3 Fly,selectorized,bilateral,chest,,,,,,manufacturer_page,legacy line; name and code from Cybex owner's manual title; 12110 Fly/Rear Delt and 12111 Fly are separate manuals,https://kb.cybexintl.com/Owners_Manuals/Strength/12111-999-4.pdf,2026-10-01,
Cybex,VR3 (legacy),12120,VR3 Calf,selectorized,bilateral,legs,,,,,,manufacturer_page,legacy line; name and code from Cybex owner's manual title,https://kb.cybexintl.com/Owners_Manuals/Strength/12120-999-4.pdf,2026-10-01,
Cybex,VR3 (legacy),12130,VR3 Lat Pull,selectorized,bilateral,back,,,,,,manufacturer_page,legacy line; name and code from Cybex owner's manual title,https://kb.cybexintl.com/Owners_Manuals/Strength/12130-999-4.pdf,2026-10-01,
Cybex,VR3 (legacy),12140,VR3 Prone Leg Curl,selectorized,bilateral,legs,,,,,,manufacturer_page,legacy line; name and code from Cybex owner's manual title,https://kb.cybexintl.com/Owners_Manuals/Strength/12140-999-4.pdf,2026-10-01,
Cybex,VR3 (legacy),12160,VR3 Lat Raise,selectorized,bilateral,shoulders,,,,,,manufacturer_page,legacy line; name and code from Cybex owner's manual title,https://kb.cybexintl.com/Owners_Manuals/Strength/12160-999-4.pdf,2026-10-01,
Cybex,VR3 (legacy),12170,VR3 Glute,selectorized,bilateral,glutes,,,,,,manufacturer_page,legacy line; name and code from Cybex owner's manual title,https://kb.cybexintl.com/Owners_Manuals/Strength/12170-999-4.pdf,2026-10-01,
Cybex,VR3 (legacy),12180,VR3 Tricep Press,selectorized,bilateral,arms,,,,,,manufacturer_page,legacy line; name and code from Cybex owner's manual title,https://kb.cybexintl.com/Owners_Manuals/Strength/12180-999-4.pdf,2026-10-01,
Cybex,VR3 (legacy),12190,VR3 Torso,selectorized,bilateral,core,,,,,,manufacturer_page,legacy line; name and code from Cybex owner's manual title,https://kb.cybexintl.com/Owners_Manuals/Strength/12190-999-4.pdf,2026-10-01,
Cybex,VR3 (legacy),12200,VR3 Hip Abduction,selectorized,bilateral,legs,,,,,,manufacturer_page,legacy line; name and code from Cybex owner's manual title,https://kb.cybexintl.com/Owners_Manuals/Strength/12200-999-4.pdf,2026-10-01,
Cybex,VR3 (legacy),12210,VR3 Hip Adduction,selectorized,bilateral,legs,,,,,,manufacturer_page,legacy line; name and code from Cybex owner's manual title,https://kb.cybexintl.com/Owners_Manuals/Strength/12210-999-4.pdf,2026-10-01,
Cybex,VR3 (legacy),12220,VR3 Cable Column,cable_stack,n/a,cable,,,,,,manufacturer_page,legacy line; name and code from Cybex owner's manual title,https://kb.cybexintl.com/Owners_Manuals/Strength/12220-999-4.pdf,2026-10-01,
Cybex,VR3 (legacy),12230,VR3 Dip / Chin Assist,selectorized,bilateral,full_body,,,,,,manufacturer_page,legacy line; name and code from Cybex owner's manual title; 12230 and 12231 are two Dip/Chin versions,https://kb.cybexintl.com/Owners_Manuals/Strength/12230-999-4.pdf,2026-10-01,
Cybex,VR3 (legacy),12231,VR3 Dip Chin,selectorized,bilateral,full_body,,,,,,manufacturer_page,legacy line; name and code from Cybex owner's manual title; 12230 and 12231 are two Dip/Chin versions,https://kb.cybexintl.com/Owners_Manuals/Strength/12231-999-4.pdf,2026-10-01,
